"Date","Tunisia, RETAIL, Tunis, Tomatoes, TND/Kg","Tunisia, RETAIL, Tunis, Sugar, TND/Kg","Tunisia, RETAIL, Tunis, Semolina, TND/Kg","Tunisia, RETAIL, Tunis, Rice, TND/Kg","Tunisia, RETAIL, Tunis, Potatoes, TND/Kg","Tunisia, RETAIL, Tunis, Pasta, TND/Kg","Tunisia, RETAIL, Tunis, Lamb meat, TND/Kg","Tunisia, RETAIL, Tunis, Couscous, TND/Kg","Tunisia, RETAIL, Tunis, Chickpeas, TND/Kg","Tunisia, RETAIL, Tunis, Chicken meat, TND/Kg","Tunisia, RETAIL, Tunis, Bread, TND/Kg","Tunisia, RETAIL, Tunis, Beef meat, TND/Kg","Tunisia, RETAIL, Tunis, Tomatoes, TND-real/Kg","Tunisia, RETAIL, Tunis, Sugar, TND-real/Kg","Tunisia, RETAIL, Tunis, Semolina, TND-real/Kg","Tunisia, RETAIL, Tunis, Rice, TND-real/Kg","Tunisia, RETAIL, Tunis, Potatoes, TND-real/Kg","Tunisia, RETAIL, Tunis, Pasta, TND-real/Kg","Tunisia, RETAIL, Tunis, Lamb meat, TND-real/Kg","Tunisia, RETAIL, Tunis, Couscous, TND-real/Kg","Tunisia, RETAIL, Tunis, Chickpeas, TND-real/Kg","Tunisia, RETAIL, Tunis, Chicken meat, TND-real/Kg","Tunisia, RETAIL, Tunis, Bread, TND-real/Kg","Tunisia, RETAIL, Tunis, Beef meat, TND-real/Kg","Tunisia, RETAIL, Tunis, Tomatoes, USD/Kg","Tunisia, RETAIL, Tunis, Sugar, USD/Kg","Tunisia, RETAIL, Tunis, Semolina, USD/Kg","Tunisia, RETAIL, Tunis, Rice, USD/Kg","Tunisia, RETAIL, Tunis, Potatoes, USD/Kg","Tunisia, RETAIL, Tunis, Pasta, USD/Kg","Tunisia, RETAIL, Tunis, Lamb meat, USD/Kg","Tunisia, RETAIL, Tunis, Couscous, USD/Kg","Tunisia, RETAIL, Tunis, Chickpeas, USD/Kg","Tunisia, RETAIL, Tunis, Chicken meat, USD/Kg","Tunisia, RETAIL, Tunis, Bread, USD/Kg","Tunisia, RETAIL, Tunis, Beef meat, USD/Kg"
"11/01/2024","1918","1400","450","1450","2363","820","42656","795","9900","8500","575","37838","846.26","617.71","198.55","639.77","1042.6","361.8","18820.65","350.77","4368.07","3750.36","253.70000000000002","16694.86","610.5","445.62","143.23","461.53","752.14","261","13577.36","253.05","3151.16","2705.54","183.02499999999998","12043.8"
"10/01/2024","1548","1400","450","1450","2288","820","43000","795","10100","8600","575","37725","686.89","621.22","199.68","643.41","1015.25","363.86","19080.32","352.76","4481.66","3816.06","255.15","16739.65","501.67","453.71","145.83","469.91","741.48","265.74","13935.25","257.64","3273.16","2787.05","186.35000000000002","12225.75"
"09/01/2024","","","","","","","","","","","","","","","","","","","","","","","","","","","","","","","","","","","",""
"08/01/2024","1.43","1.4","0.45","1.45","1.98","0.82","42.69","0.8","9.85","8.78","0.5750000000000001","38.68","0.64","0.63","0.2","0.65","0.89","0.36","19.17","0.36","4.42","3.94","0.25","17.37","0.47","0.46","0.15","0.47","0.65","0.26","13.93","0.26","3.21","2.86","0.2","12.62"
"07/01/2024","1.39","1.4","0.45","1.45","1.78","0.82","43.75","0.79","9.93","8.36","0.5750000000000001","41.66","0.63","0.63","0.2","0.65","0.8","0.38","19.76","0.36","4.49","3.78","0.25","18.82","0.45","0.45","0.14","0.47","0.57","0.26","14.06","0.25","3.19","2.69","0.17500000000000002","13.39"
"06/01/2024","1.75","1.4","0.45","1.45","1.62","0.82","43.18","0.79","9.93","9.17","0.5750000000000001","40.87","0.8","0.64","0.2","0.66","0.74","0.38","19.62","0.36","4.51","4.17","0.25","18.57","0.56","0.45","0.14","0.46","0.52","0.26","13.8","0.25","3.17","2.93","0.17500000000000002","13.06"
"05/01/2024","2.87","1.4","0.45","1.45","1.59","0.82","48.4","0.79","10.85","9.52","0.5750000000000001","41.97","1.31","0.64","0.21","0.66","0.73","0.38","22.13","0.36","4.96","4.35","0.275","19.19","0.92","0.45","0.14","0.46","0.51","0.26","15.5","0.25","3.47","3.05","0.17500000000000002","13.44"
"04/01/2024","3.3","1.4","0.45","1.45","1.59","0.82","44.43","0.79","10.5","8.67","0.5750000000000001","39.63","1.52","0.64","0.21","0.67","0.73","0.38","20.43","0.36","4.83","3.99","0.275","18.22","1.05","0.45","0.14","0.46","0.51","0.26","14.14","0.25","3.34","2.76","0.17500000000000002","12.62"
"03/01/2024","3.43","1.4","0.45","1.45","1.59","0.82","43.1","0.79","10.45","8.4","0.5750000000000001","39.6","1.59","0.65","0.21","0.67","0.74","0.38","19.94","0.37","4.84","3.89","0.275","18.32","1.1","0.45","0.14","0.47","0.51","0.26","13.86","0.25","3.36","2.7","0.17500000000000002","12.73"
"02/01/2024","1.9","1.4","0.45","1.45","1.64","0.82","43.56","0.79","10.7","8.51","0.5750000000000001","40.13","0.88","0.65","0.21","0.68","0.76","0.38","20.29","0.37","4.98","3.96","0.275","18.69","0.61","0.45","0.14","0.46","0.52","0.26","13.94","0.25","3.42","2.72","0.17500000000000002","12.84"
"01/01/2024","1.82","1.4","0.45","1.45","1.78","0.82","42.53","0.79","10.33","9.13","0.5750000000000001","40","0.85","0.66","0.21","0.68","0.83","0.38","19.93","0.37","4.84","4.28","0.275","18.74","0.59","0.45","0.15","0.47","0.57","0.26","13.71","0.25","3.33","2.94","0.17500000000000002","12.9"
"12/01/2023","1.72","1.4","0.45","1.45","2.14","0.82","41.13","0.79","9.63","8.34","0.5750000000000001","39","0.81","0.66","0.21","0.68","1.01","0.38","19.38","0.37","4.54","3.93","0.275","18.37","0.55","0.45","0.15","0.47","0.69","0.26","13.26","0.25","3.11","2.69","0.17500000000000002","12.57"
"11/01/2023","1.37","1.4","0.45","1.45","2.08","0.82","41.06","0.79","9.4","8.42","0.5750000000000001","39.12","0.65","0.66","0.21","0.69","0.99","0.38","19.46","0.37","4.45","3.99","0.275","18.54","0.44","0.45","0.14","0.46","0.66","0.26","13.1","0.25","3","2.69","0.17500000000000002","12.48"
"10/01/2023","1.44","1.4","0.45","1.45","1.98","0.82","41.61","0.79","9.28","9.72","0.5750000000000001","39.02","0.68","0.66","0.21","0.69","0.94","0.38","19.76","0.38","4.41","4.62","0.275","18.53","0.45","0.44","0.14","0.46","0.62","0.26","13.09","0.25","2.92","3.06","0.17500000000000002","12.28"
"09/01/2023","2","1.4","0.45","1.45","2.04","0.82","41.22","0.79","9.08","9.77","0.5750000000000001","38.46","0.96","0.67","0.22","0.69","0.98","0.4","19.73","0.38","4.35","4.68","0.275","18.41","0.64","0.45","0.14","0.46","0.65","0.26","13.1","0.25","2.89","3.11","0.17500000000000002","12.23"
"08/01/2023","1.57","1.4","0.45","1.45","1.89","0.82","41.03","0.79","8.55","9.23","0.5750000000000001","38.68","0.76","0.68","0.22","0.7","0.91","0.4","19.79","0.38","4.12","4.45","0.275","18.66","0.51","0.45","0.15","0.47","0.61","0.26","13.24","0.25","2.76","2.98","0.17500000000000002","12.49"
"07/01/2023","1.34","1.4","0.45","1.45","1.67","0.82","40.71","0.79","8.5","8.47","0.5750000000000001","37.85","0.65","0.68","0.22","0.7","0.81","0.4","19.76","0.38","4.12","4.11","0.275","18.37","0.44","0.46","0.15","0.47","0.54","0.26","13.27","0.26","2.77","2.76","0.17500000000000002","12.34"
"06/01/2023","1.7","1.4","0.45","1.45","1.61","0.82","39.24","0.79","8.58","8.88","0.5750000000000001","37.3","0.83","0.68","0.22","0.71","0.79","0.4","19.18","0.39","4.19","4.34","0.275","18.23","0.55","0.45","0.15","0.47","0.52","0.26","12.65","0.25","2.77","2.86","0.17500000000000002","12.03"
"05/01/2023","3.14","1.4","0.45","1.45","1.71","0.82","40.04","0.79","8.58","8.63","0.5750000000000001","37.78","1.54","0.69","0.22","0.71","0.84","0.4","19.66","0.39","4.21","4.24","0.275","18.55","1.02","0.46","0.15","0.47","0.56","0.26","13.02","0.26","2.79","2.81","0.17500000000000002","12.28"
"04/01/2023","3.04","1.4","0.45","1.45","1.93","0.82","39.19","0.79","8.55","8.76","0.5750000000000001","37.69","1.5","0.69","0.22","0.72","0.95","0.4","19.33","0.39","4.22","4.32","0.275","18.59","0.99","0.46","0.15","0.47","0.63","0.26","12.82","0.26","2.8","2.87","0.2","12.33"
"03/01/2023","2.41","1.4","0.45","1.45","1.93","0.82","37.89","0.79","8.5","9.17","0.5750000000000001","36.22","1.2","0.7","0.22","0.72","0.96","0.4","18.91","0.39","4.24","4.58","0.275","18.08","0.77","0.45","0.14","0.47","0.62","0.26","12.17","0.25","2.73","2.95","0.17500000000000002","11.64"
"02/01/2023","2.18","1.4","0.45","1.45","2.1","0.82","36.44","0.79","8.4","9.5","0.5750000000000001","35.13","1.1","0.7","0.23","0.73","1.06","0.42","18.31","0.4","4.22","4.77","0.3","17.66","0.7","0.45","0.14","0.47","0.68","0.26","11.72","0.25","2.7","3.06","0.17500000000000002","11.3"
"01/01/2023","1.3","1.4","0.45","1.45","1.8","0.82","34.36","0.79","8.5","8.51","0.5750000000000001","34.24","0.66","0.71","0.23","0.73","0.91","0.42","17.35","0.4","4.29","4.3","0.3","17.29","0.42","0.45","0.15","0.47","0.58","0.26","11.12","0.26","2.75","2.75","0.17500000000000002","11.08"
"12/01/2022","1.9","1.4","0.45","1.45","2","0.82","33.34","0.79","8.25","8.41","0.5750000000000001","33.27","0.97","0.71","0.23","0.74","1.02","0.42","16.98","0.4","4.2","4.28","0.3","16.94","0.6","0.45","0.14","0.46","0.64","0.26","10.6","0.25","2.62","2.67","0.17500000000000002","10.58"
"11/01/2022","3.39","1.4","0.45","1.45","2.34","0.82","32.94","0.79","7.97","7.42","0.5750000000000001","32.9","1.74","0.72","0.23","0.74","1.2","0.42","16.89","0.41","4.09","3.81","0.3","16.87","1.04","0.43","0.14","0.45","0.72","0.26","10.14","0.24","2.45","2.28","0.17500000000000002","10.13"
"10/01/2022","1.83","1.4","0.45","1.45","1.8","0.82","32.28","0.79","7.97","8.44","0.5750000000000001","32.2","0.94","0.72","0.23","0.75","0.93","0.42","16.66","0.41","4.11","4.36","0.3","16.62","0.55","0.42","0.14","0.44","0.55","0.24","9.79","0.24","2.42","2.56","0.17500000000000002","9.76"
"09/01/2022","1.43","1.4","0.45","1.45","1.66","0.82","31.55","0.79","7.9","9.01","0.5750000000000001","31.47","0.75","0.73","0.23","0.76","0.87","0.42","16.45","0.41","4.12","4.7","0.3","16.41","0.44","0.43","0.14","0.45","0.51","0.26","9.71","0.24","2.43","2.77","0.17500000000000002","9.69"
"08/01/2022","1.5","1.4","0.45","1.45","1.63","0.82","30.98","0.79","7.85","8.38","0.5750000000000001","30.96","0.79","0.74","0.24","0.76","0.86","0.44","16.32","0.42","4.14","4.42","0.3","16.31","0.47","0.44","0.14","0.46","0.51","0.26","9.77","0.25","2.48","2.64","0.17500000000000002","9.77"
"07/01/2022","1.45","1.4","0.45","1.45","1.52","0.82","30.85","0.79","7.85","7.99","0.5750000000000001","30.82","0.77","0.74","0.24","0.77","0.8","0.44","16.33","0.42","4.16","4.23","0.3","16.31","0.46","0.44","0.14","0.46","0.48","0.26","9.77","0.25","2.49","2.53","0.17500000000000002","9.76"
"06/01/2022","1.65","1.4","0.45","1.45","1.41","0.82","30.86","0.79","7.55","7.46","0.5750000000000001","30.9","0.88","0.75","0.24","0.78","0.75","0.44","16.5","0.42","4.04","3.99","0.3","16.52","0.53","0.45","0.15","0.47","0.45","0.26","9.96","0.25","2.44","2.41","0.17500000000000002","9.97"
"05/01/2022","1.96","1.4","0.45","1.45","1.58","0.82","30.86","0.79","7.45","6.89","0.5750000000000001","30.84","1.05","0.75","0.24","0.78","0.85","0.44","16.61","0.43","4.01","3.71","0.3","16.6","0.63","0.45","0.14","0.47","0.51","0.26","9.92","0.25","2.4","2.22","0.17500000000000002","9.92"
"04/01/2022","1.89","1.4","0.45","1.45","1.95","0.82","30.61","0.79","7.25","7.03","0.5750000000000001","30.48","1.03","0.76","0.24","0.79","1.06","0.44","16.62","0.43","3.94","3.82","0.3","16.55","0.62","0.46","0.15","0.48","0.64","0.28","10.11","0.26","2.39","2.32","0.2","10.07"
"03/01/2022","1.72","1.4","0.45","1.45","1.61","0.82","30.02","0.79","7.15","7.47","0.5750000000000001","29.47","0.95","0.77","0.25","0.8","0.89","0.46","16.52","0.43","3.93","4.11","0.325","16.22","0.59","0.48","0.16","0.5","0.56","0.28","10.38","0.27","2.47","2.58","0.2","10.19"
"02/01/2022","1.64","1.4","0.45","1.45","1.45","0.82","28.86","0.79","6.95","7.35","0.5750000000000001","28.6","0.91","0.78","0.25","0.8","0.8","0.46","16.01","0.44","3.86","4.08","0.325","15.87","0.57","0.48","0.16","0.5","0.5","0.28","9.98","0.27","2.4","2.54","0.2","9.89"
"01/01/2022","1.64","1.4","0.45","1.45","1.44","0.82","27.2","0.79","6.95","7.27","0.5750000000000001","27.83","0.91","0.78","0.25","0.81","0.8","0.46","15.15","0.44","3.87","4.05","0.325","15.5","0.57","0.48","0.16","0.5","0.5","0.28","9.41","0.27","2.4","2.51","0.2","9.62"
"12/01/2021","1.56","1.4","0.45","1.45","1.49","0.82","27.45","0.79","6.9","7.86","0.5750000000000001","27.87","0.87","0.78","0.25","0.81","0.84","0.46","15.39","0.44","3.87","4.41","0.325","15.63","0.54","0.48","0.15","0.5","0.51","0.28","9.44","0.27","2.37","2.7","0.2","9.58"
"11/01/2021","1.28","1.4","0.45","1.45","1.52","0.82","27.35","0.79","7.07","7.7","0.5750000000000001","27.76","0.72","0.79","0.25","0.82","0.86","0.46","15.4","0.44","3.98","4.34","0.325","15.63","0.44","0.49","0.16","0.5","0.53","0.28","9.51","0.27","2.46","2.68","0.2","9.65"
"10/01/2021","2.1","1.4","0.45","1.45","1.62","0.82","27.96","0.79","7.05","8.18","0.5750000000000001","28.32","1.18","0.79","0.25","0.82","0.91","0.46","15.77","0.45","3.98","4.61","0.325","15.97","0.74","0.49","0.16","0.51","0.57","0.28","9.86","0.28","2.49","2.89","0.2","9.99"
"09/01/2021","1.59","1.4","0.45","1.45","1.42","0.82","28.3","0.79","6.9","7.53","0.5750000000000001","28.35","0.9","0.8","0.26","0.83","0.81","0.46","16.1","0.45","3.93","4.28","0.325","16.13","0.57","0.5","0.16","0.52","0.51","0.3","10.1","0.28","2.46","2.69","0.2","10.12"
"08/01/2021","1.28","1.4","0.45","1.45","1.44","0.82","28.34","0.79","6.75","7.65","0.5750000000000001","28.05","0.73","0.8","0.26","0.83","0.82","0.46","16.23","0.45","3.87","4.38","0.325","16.06","0.46","0.5","0.16","0.52","0.52","0.3","10.15","0.28","2.42","2.74","0.2","10.04"
"07/01/2021","1.16","1.4","0.45","1.45","1.35","0.82","29.56","0.79","6.8","8.13","0.5750000000000001","29.32","0.66","0.8","0.26","0.83","0.77","0.46","16.93","0.45","3.89","4.66","0.325","16.79","0.41","0.5","0.16","0.52","0.48","0.3","10.52","0.28","2.42","2.89","0.2","10.44"
"06/01/2021","1.36","1.4","0.45","1.45","1.26","0.82","28.54","0.79","6.7","6.74","0.5750000000000001","28.55","0.79","0.81","0.26","0.84","0.73","0.48","16.48","0.46","3.87","3.89","0.325","16.49","0.49","0.5","0.16","0.52","0.45","0.3","10.22","0.28","2.4","2.41","0.2","10.23"
"05/01/2021","2.09","1.15","0.45","1.45","1.26","0.82","29.2","0.79","6.7","6.77","0.5750000000000001","29.08","1.21","0.67","0.26","0.84","0.73","0.48","16.95","0.46","3.89","3.93","0.325","16.88","0.76","0.42","0.16","0.53","0.46","0.3","10.64","0.29","2.44","2.47","0.2","10.6"
"04/01/2021","2.48","1.15","0.45","1.45","1.22","0.82","29.12","0.79","6.7","6.8","0.5750000000000001","29.16","1.45","0.67","0.26","0.85","0.71","0.48","16.99","0.46","3.91","3.97","0.325","17.01","0.9","0.42","0.16","0.52","0.44","0.3","10.51","0.29","2.42","2.45","0.2","10.53"
"03/01/2021","1.26","1.15","0.45","1.45","1.22","0.82","28.8","0.79","6.25","6.7","0.5750000000000001","28.8","0.74","0.68","0.27","0.86","0.72","0.48","16.99","0.47","3.69","3.95","0.35000000000000003","16.99","0.45","0.42","0.16","0.52","0.44","0.3","10.4","0.29","2.26","2.42","0.2","10.4"
"02/01/2021","1.59","1.15","0.45","1.45","1.2","0.82","28.63","0.79","6.17","6","0.5750000000000001","28.53","0.94","0.68","0.27","0.86","0.71","0.48","17.01","0.47","3.67","3.57","0.35000000000000003","16.95","0.58","0.42","0.17","0.53","0.44","0.3","10.51","0.29","2.27","2.2","0.2","10.48"
"01/01/2021","2.27","1.15","0.45","1.45","1.15","0.82","28.75","0.79","6.26","6.09","0.5750000000000001","28.41","1.35","0.68","0.27","0.86","0.68","0.48","17.07","0.47","3.72","3.62","0.35000000000000003","16.87","0.84","0.42","0.17","0.54","0.42","0.3","10.61","0.29","2.31","2.25","0.2","10.48"
"12/01/2020","1.27","1.05","0.45","1.45","1.33","0.82","28.43","0.79","6.8","6.32","0.5750000000000001","28.18","0.76","0.63","0.27","0.87","0.8","0.5","16.99","0.47","4.06","3.78","0.35000000000000003","16.85","0.47","0.39","0.17","0.53","0.49","0.3","10.45","0.29","2.5","2.32","0.2","10.36"
"11/01/2020","1.37","1.05","0.45","1.45","1.62","0.82","29.18","0.79","6.8","6.18","0.5750000000000001","28.45","0.82","0.63","0.27","0.87","0.97","0.5","17.5","0.47","4.08","3.71","0.35000000000000003","17.06","0.5","0.38","0.16","0.53","0.59","0.3","10.61","0.29","2.47","2.25","0.2","10.35"
"10/01/2020","1.74","1.05","0.45","1.45","1.47","0.82","29.5","0.79","6.73","7.6","0.5750000000000001","29.49","1.04","0.63","0.27","0.87","0.88","0.5","17.67","0.47","4.03","4.55","0.35000000000000003","17.67","0.63","0.38","0.16","0.53","0.53","0.3","10.69","0.29","2.44","2.75","0.2","10.68"
"09/01/2020","0.86","1.05","0.45","1.45","1.24","0.82","29.61","0.79","6.73","7.54","0.5750000000000001","29.43","0.52","0.63","0.27","0.88","0.75","0.5","17.89","0.48","4.07","4.55","0.35000000000000003","17.78","0.31","0.38","0.16","0.53","0.45","0.3","10.77","0.29","2.45","2.74","0.2","10.7"
"08/01/2020","0.86","1.05","0.45","1.45","1.14","0.82","30.15","0.79","6.95","6.14","0.5750000000000001","30.09","0.52","0.64","0.27","0.88","0.69","0.5","18.32","0.48","4.22","3.73","0.35000000000000003","18.29","0.31","0.38","0.16","0.53","0.42","0.3","11","0.29","2.54","2.24","0.2","10.98"
"07/01/2020","0.89","1.05","0.45","1.45","1.06","0.82","28.65","0.8","7.15","6.44","0.5750000000000001","28.38","0.54","0.64","0.27","0.88","0.65","0.5","17.46","0.49","4.36","3.93","0.35000000000000003","17.3","0.32","0.37","0.16","0.52","0.38","0.3","10.2","0.28","2.54","2.29","0.2","10.1"
"06/01/2020","1.56","1.05","0.45","1.45","1.12","0.82","29.33","0.8","7.45","6.09","0.5750000000000001","29.38","0.95","0.64","0.27","0.89","0.68","0.5","17.91","0.49","4.55","3.72","0.35000000000000003","17.94","0.55","0.37","0.16","0.51","0.39","0.28","10.26","0.28","2.6","2.13","0.2","10.27"
"05/01/2020","2.54","1.05","0.45","1.45","1.13","0.82","29.83","0.8","8","5.97","0.5750000000000001","29.9","1.55","0.64","0.27","0.88","0.69","0.5","18.18","0.49","4.88","3.64","0.35000000000000003","18.23","0.88","0.36","0.16","0.5","0.39","0.28","10.29","0.28","2.76","2.06","0.2","10.31"
"04/01/2020","2.49","1.05","0.45","1.45","1.34","0.82","29.38","0.8","7.95","6.46","0.5750000000000001","29.63","1.53","0.64","0.28","0.89","0.82","0.5","18","0.49","4.87","3.96","0.35000000000000003","18.16","0.86","0.36","0.16","0.5","0.46","0.28","10.13","0.28","2.74","2.23","0.2","10.22"
"03/01/2020","1.78","1.05","0.45","1.45","1.4","0.82","28.39","0.8","5.98","7.38","0.5750000000000001","29.35","1.1","0.65","0.28","0.9","0.87","0.5","17.54","0.49","3.7","4.56","0.35000000000000003","18.14","0.62","0.37","0.16","0.51","0.49","0.28","9.89","0.28","2.08","2.57","0.2","10.23"
"02/01/2020","1.67","1.05","0.45","1.45","1.39","0.82","28.17","0.8","5.98","6.16","0.5750000000000001","29.04","1.04","0.65","0.28","0.9","0.87","0.52","17.56","0.5","3.73","3.84","0.35000000000000003","18.1","0.58","0.37","0.16","0.51","0.49","0.28","9.85","0.28","2.09","2.15","0.2","10.15"
"01/01/2020","1.52","1.05","0.45","1.45","1.44","0.82","27.78","0.8","6.13","6.78","0.5750000000000001","28.33","0.95","0.65","0.28","0.9","0.9","0.52","17.31","0.5","3.82","4.23","0.35000000000000003","17.66","0.54","0.37","0.16","0.51","0.51","0.3","9.85","0.28","2.17","2.4","0.2","10.05"
"12/01/2019","1.44","0.97","0.45","1.45","1.53","0.82","27.71","0.8","6.05","6.58","0.5750000000000001","27.93","0.9","0.61","0.28","0.91","0.96","0.52","17.38","0.5","3.79","4.13","0.35000000000000003","17.52","0.51","0.34","0.16","0.51","0.54","0.28","9.76","0.28","2.13","2.32","0.2","9.84"
"11/01/2019","1.16","0.97","0.45","1.45","1.52","0.82","28.03","0.8","5.85","7.27","0.5750000000000001","27.88","0.73","0.61","0.28","0.91","0.96","0.52","17.62","0.5","3.68","4.57","0.35000000000000003","17.53","0.41","0.34","0.16","0.51","0.53","0.28","9.83","0.28","2.05","2.55","0.2","9.78"
"10/01/2019","1.99","0.97","0.45","1.45","1.55","0.82","28.38","0.8","5.88","7.37","0.5750000000000001","28","1.26","0.61","0.28","0.92","0.98","0.52","17.92","0.51","3.71","4.65","0.375","17.68","0.7","0.34","0.16","0.51","0.54","0.28","9.98","0.28","2.07","2.59","0.2","9.84"
"09/01/2019","1.17","0.97","0.45","1.45","1.71","0.82","27.44","0.8","5.6","6.27","0.5750000000000001","26.48","0.74","0.62","0.29","0.92","1.09","0.52","17.47","0.51","3.56","3.99","0.375","16.86","0.41","0.34","0.16","0.51","0.6","0.28","9.59","0.28","1.96","2.19","0.2","9.26"
"08/01/2019","0.87","0.97","0.45","1.45","1.47","0.82","27.13","0.8","5.6","6.41","0.5750000000000001","26.06","0.56","0.62","0.29","0.93","0.94","0.52","17.38","0.51","3.59","4.11","0.375","16.69","0.3","0.34","0.16","0.51","0.51","0.28","9.47","0.28","1.95","2.24","0.2","9.1"
"07/01/2019","0.85","0.97","0.45","1.45","1.38","0.82","26.99","0.8","5.6","7.01","0.5750000000000001","25.87","0.55","0.62","0.29","0.93","0.89","0.52","17.39","0.52","3.61","4.52","0.375","16.67","0.3","0.34","0.16","0.5","0.48","0.28","9.38","0.28","1.95","2.44","0.2","8.99"
"06/01/2019","1.35","0.97","0.45","1.45","1.29","0.82","26.81","0.8","5.73","5.95","0.5750000000000001","25.53","0.87","0.63","0.29","0.94","0.83","0.52","17.31","0.52","3.7","3.84","0.375","16.49","0.46","0.33","0.15","0.5","0.44","0.28","9.16","0.27","1.96","2.03","0.2","8.72"
"05/01/2019","2.32","0.97","0.45","1.45","1.4","0.82","26.69","0.8","5.73","6.48","0.5750000000000001","26.12","1.5","0.63","0.29","0.94","0.91","0.54","17.29","0.52","3.71","4.2","0.375","16.92","0.78","0.32","0.15","0.48","0.47","0.28","8.93","0.27","1.92","2.17","0.2","8.74"
"04/01/2019","1.88","0.97","0.45","1.45","1.58","0.82","26.51","0.8","5.8","6.55","0.5750000000000001","26.18","1.22","0.63","0.29","0.94","1.03","0.54","17.26","0.52","3.78","4.26","0.375","17.04","0.62","0.32","0.15","0.48","0.52","0.28","8.75","0.26","1.91","2.16","0.2","8.64"
"03/01/2019","1.99","0.97","0.45","1.45","1.33","0.82","26.56","0.8","6","7.31","0.5750000000000001","26.41","1.31","0.64","0.3","0.95","0.87","0.54","17.43","0.52","3.94","4.8","0.375","17.33","0.65","0.32","0.15","0.47","0.44","0.26","8.7","0.26","1.96","2.39","0.2","8.65"
"02/01/2019","2.19","0.97","0.45","1.45","1.23","0.82","26.51","0.8","6","7.15","0.5750000000000001","26.18","1.44","0.64","0.3","0.96","0.81","0.54","17.47","0.53","3.95","4.71","0.375","17.25","0.72","0.32","0.15","0.47","0.4","0.26","8.68","0.26","1.97","2.34","0.2","8.58"
"01/01/2019","2.28","0.97","0.45","1.45","1.25","0.82","25.91","0.8","6","7.91","0.5750000000000001","25.25","1.5","0.64","0.3","0.96","0.82","0.54","17.09","0.53","3.96","5.22","0.375","16.65","0.75","0.32","0.15","0.48","0.41","0.28","8.58","0.26","1.99","2.62","0.2","8.36"
"12/01/2018","1.42","0.97","0.45","1.45","1.2","0.82","24.68","0.8","6.17","6.87","0.5750000000000001","23.89","0.94","0.65","0.3","0.96","0.8","0.54","16.41","0.53","4.1","4.57","0.375","15.89","0.48","0.33","0.15","0.49","0.4","0.28","8.31","0.27","2.08","2.31","0.2","8.05"
"11/01/2018","1.8","0.97","0.45","1.45","1.23","0.82","24.08","0.8","6.23","7.03","0.5750000000000001","23.81","1.2","0.65","0.3","0.97","0.82","0.54","16.09","0.53","4.16","4.7","0.375","15.91","0.62","0.33","0.15","0.5","0.42","0.28","8.27","0.27","2.14","2.42","0.2","8.18"
"10/01/2018","1.09","0.97","0.45","1.45","1.04","0.82","23.89","0.8","6.23","7.52","0.5750000000000001","23.73","0.73","0.65","0.3","0.97","0.7","0.56","16.06","0.54","4.19","5.05","0.375","15.95","0.38","0.34","0.16","0.51","0.37","0.28","8.43","0.28","2.2","2.65","0.2","8.37"
"09/01/2018","1.05","0.97","0.45","1.45","1.02","0.82","24.38","0.8","6.23","5.36","0.5750000000000001","24.29","0.71","0.66","0.31","0.98","0.69","0.56","16.56","0.54","4.23","3.64","0.4","16.5","0.38","0.35","0.16","0.52","0.37","0.3","8.79","0.29","2.25","1.93","0.2","8.75"
"08/01/2018","0.93","0.97","0.45","1.45","0.98","0.82","24.03","0.8","6.07","6.99","0.5750000000000001","23.54","0.64","0.66","0.31","0.99","0.67","0.56","16.42","0.55","4.15","4.78","0.4","16.08","0.34","0.35","0.16","0.53","0.36","0.3","8.75","0.29","2.21","2.55","0.2","8.58"
"07/01/2018","0.86","0.97","0.45","1.45","0.92","0.82","23.98","0.8","6.33","6.03","0.5750000000000001","23.53","0.59","0.67","0.31","0.99","0.63","0.56","16.45","0.55","4.34","4.14","0.4","16.14","0.32","0.37","0.17","0.55","0.35","0.3","9.04","0.3","2.39","2.27","0.22499999999999998","8.87"
"06/01/2018","1.25","0.97","0.45","1.45","0.93","0.82","24.1","0.8","6.53","6.71","0.5750000000000001","23.84","0.86","0.67","0.31","1","0.64","0.56","16.62","0.55","4.5","4.63","0.4","16.45","0.48","0.37","0.17","0.56","0.36","0.32","9.27","0.31","2.51","2.58","0.22499999999999998","9.17"
"05/01/2018","1.32","0.97","0.45","1.45","0.95","0.82","23.93","0.8","7","6.96","0.5750000000000001","23.41","0.91","0.67","0.31","1","0.66","0.56","16.58","0.55","4.85","4.82","0.4","16.22","0.52","0.38","0.18","0.58","0.38","0.32","9.5","0.32","2.78","2.76","0.22499999999999998","9.29"
"04/01/2018","1.32","0.97","0.45","1.45","1.17","0.82","23.23","0.8","7.47","6.94","0.5750000000000001","22.68","0.92","0.68","0.31","1.01","0.81","0.58","16.17","0.56","5.2","4.83","0.4","15.78","0.54","0.4","0.19","0.6","0.48","0.34","9.56","0.33","3.07","2.86","0.22499999999999998","9.33"
"03/01/2018","1.11","0.97","0.45","1.45","1.28","0.82","22.86","0.8","7.67","6.14","0.5750000000000001","21.72","0.78","0.68","0.32","1.02","0.9","0.58","16.06","0.56","5.39","4.31","0.4","15.26","0.46","0.4","0.19","0.6","0.53","0.34","9.41","0.33","3.16","2.53","0.22499999999999998","8.94"
"02/01/2018","0.95","0.97","0.45","1.45","1.32","0.82","22.5","0.8","7.6","5.71","0.5750000000000001","21.08","0.67","0.69","0.32","1.03","0.93","0.58","15.91","0.57","5.37","4.04","0.4","14.9","0.39","0.4","0.19","0.6","0.55","0.34","9.3","0.33","3.14","2.36","0.25","8.71"
"01/01/2018","1.28","0.97","0.45","1.45","1.36","0.82","22.3","0.8","7.2","6.37","0.5750000000000001","21.5","0.9","0.69","0.32","1.02","0.96","0.58","15.75","0.57","5.09","4.5","0.4","15.19","0.52","0.39","0.18","0.59","0.55","0.34","9.06","0.32","2.92","2.59","0.22499999999999998","8.73"
"12/01/2017","2.05","0.97","0.45","1.45","1.35","0.82","22.33","0.8","7","6.35","0.5750000000000001","22.16","1.47","0.69","0.32","1.04","0.97","0.58","15.96","0.57","5","4.54","0.4","15.84","0.82","0.39","0.18","0.58","0.54","0.32","8.97","0.32","2.81","2.55","0.22499999999999998","8.9"
"11/01/2017","2.29","0.97","0.45","1.45","1.76","0.82","22.3","0.8","6.93","6.16","0.5750000000000001","22.25","1.64","0.7","0.32","1.04","1.26","0.58","16","0.57","4.97","4.42","0.42500000000000004","15.97","0.92","0.39","0.18","0.58","0.7","0.32","8.92","0.32","2.77","2.46","0.22499999999999998","8.9"
"10/01/2017","2.31","0.97","0.45","1.45","1.41","0.82","22.33","0.8","6.87","5.13","0.5750000000000001","22.33","1.67","0.7","0.33","1.05","1.02","0.6","16.13","0.58","4.96","3.71","0.42500000000000004","16.13","0.93","0.39","0.18","0.58","0.57","0.34","9","0.32","2.77","2.07","0.22499999999999998","9"
"09/01/2017","1.12","0.97","0.45","1.45","1.4","0.82","22.22","0.8","6.73","5.23","0.5750000000000001","22.22","0.82","0.71","0.33","1.06","1.02","0.6","16.2","0.58","4.91","3.81","0.42500000000000004","16.2","0.46","0.4","0.18","0.59","0.57","0.34","9.07","0.33","2.75","2.13","0.22499999999999998","9.07"
"08/01/2017","0.83","0.97","0.45","1.45","1.12","0.82","22.13","0.8","6.87","6.08","0.5750000000000001","21.38","0.61","0.71","0.33","1.06","0.82","0.6","16.23","0.59","5.04","4.46","0.42500000000000004","15.68","0.34","0.39","0.18","0.59","0.46","0.34","8.99","0.33","2.79","2.47","0.22499999999999998","8.69"
"07/01/2017","0.78","0.97","0.45","1.45","1.03","0.82","21.96","0.8","6.53","5.2","0.5750000000000001","20.59","0.57","0.71","0.33","1.07","0.76","0.6","16.16","0.59","4.8","3.83","0.42500000000000004","15.15","0.32","0.39","0.18","0.59","0.42","0.34","8.89","0.32","2.64","2.11","0.22499999999999998","8.34"
"06/01/2017","1.06","0.97","0.45","1.45","0.97","0.82","21.65","0.8","6.4","5.18","0.5750000000000001","20.29","0.79","0.72","0.33","1.08","0.72","0.6","16.08","0.59","4.75","3.85","0.42500000000000004","15.07","0.43","0.4","0.18","0.59","0.4","0.34","8.84","0.33","2.61","2.11","0.22499999999999998","8.28"
"05/01/2017","1.39","0.97","0.45","1.45","1.05","0.82","21.64","0.8","6.33","5.1","0.5750000000000001","20.26","1.04","0.72","0.34","1.08","0.78","0.62","16.12","0.6","4.72","3.8","0.42500000000000004","15.1","0.57","0.4","0.18","0.59","0.43","0.34","8.83","0.33","2.58","2.08","0.22499999999999998","8.27"
"04/01/2017","2.51","0.97","0.45","1.45","1.23","0.82","22.04","0.8","6.33","5.59","0.5750000000000001","20.35","1.88","0.73","0.34","1.08","0.92","0.62","16.48","0.6","4.73","4.18","0.42500000000000004","15.22","1.06","0.41","0.19","0.61","0.52","0.34","9.31","0.34","2.67","2.36","0.25","8.59"
"03/01/2017","1.98","0.97","0.45","1.45","1.04","0.82","22","0.8","6.33","5.67","0.5750000000000001","19.72","1.49","0.73","0.34","1.09","0.78","0.62","16.58","0.6","4.77","4.27","0.42500000000000004","14.86","0.86","0.42","0.2","0.63","0.45","0.36","9.56","0.35","2.75","2.46","0.25","8.57"
"02/01/2017","1.98","0.97","0.45","1.45","0.98","0.82","22.04","0.8","6.3","5.58","0.5750000000000001","19.55","1.49","0.73","0.34","1.09","0.74","0.62","16.64","0.6","4.76","4.21","0.42500000000000004","14.76","0.86","0.42","0.2","0.63","0.43","0.36","9.62","0.35","2.75","2.44","0.25","8.54"
"01/01/2017","1.42","0.97","0.45","1.45","0.89","0.82","21.83","0.8","6.3","5.96","0.5750000000000001","18.99","1.07","0.73","0.34","1.09","0.67","0.62","16.45","0.6","4.75","4.49","0.42500000000000004","14.31","0.61","0.42","0.19","0.62","0.38","0.36","9.4","0.34","2.71","2.57","0.25","8.18"
"12/01/2016","0.77","0.97","0.45","1.45","0.87","0.82","21.37","0.8","6.07","5.65","0.5750000000000001","18.53","0.58","0.74","0.34","1.1","0.66","0.62","16.22","0.61","4.61","4.29","0.42500000000000004","14.06","0.33","0.42","0.19","0.63","0.38","0.36","9.21","0.34","2.62","2.44","0.25","7.99"
"11/01/2016","0.6","0.97","0.45","1.45","0.98","0.82","21.08","0.8","5.53","5.59","0.5750000000000001","18.25","0.46","0.74","0.34","1.1","0.75","0.62","16.05","0.61","4.21","4.26","0.44999999999999996","13.9","0.26","0.43","0.2","0.64","0.43","0.36","9.29","0.35","2.44","2.46","0.25","8.04"
"10/01/2016","0.67","0.97","0.45","1.45","1.01","0.82","21.4","0.8","5.4","5.17","0.5750000000000001","18.21","0.51","0.74","0.34","1.11","0.77","0.62","16.33","0.61","4.12","3.95","0.44999999999999996","13.9","0.3","0.43","0.2","0.65","0.45","0.36","9.55","0.36","2.41","2.31","0.25","8.13"
"09/01/2016","0.73","0.97","0.45","1.45","1.01","0.82","21.5","0.8","5.8","5.33","0.5750000000000001","18.5","0.56","0.75","0.35","1.12","0.78","0.64","16.54","0.62","4.46","4.1","0.44999999999999996","14.23","0.33","0.44","0.2","0.66","0.46","0.38","9.77","0.36","2.64","2.42","0.25","8.41"
"08/01/2016","0.7","0.97","0.45","1.45","0.98","0.82","21.7","0.8","5.8","5.08","0.5750000000000001","18.39","0.54","0.75","0.35","1.12","0.76","0.64","16.83","0.62","4.5","3.94","0.44999999999999996","14.26","0.32","0.44","0.2","0.66","0.45","0.38","9.86","0.36","2.64","2.31","0.25","8.36"
"07/01/2016","0.73","0.97","0.45","1.45","0.99","0.82","21.2","0.8","5.13","5.15","0.5750000000000001","18.33","0.57","0.75","0.35","1.13","0.77","0.64","16.47","0.62","3.99","4","0.44999999999999996","14.24","0.33","0.44","0.2","0.65","0.45","0.36","9.55","0.36","2.31","2.32","0.25","8.26"
"06/01/2016","1.24","0.97","0.45","1.45","0.81","0.82","21.52","0.8","4.4","5.42","0.5750000000000001","18.25","0.97","0.75","0.35","1.13","0.63","0.64","16.75","0.62","3.42","4.22","0.44999999999999996","14.2","0.57","0.45","0.21","0.67","0.38","0.38","9.96","0.37","2.04","2.51","0.275","8.45"
"05/01/2016","1.34","0.97","0.45","1.45","0.86","0.82","21.53","0.8","4.4","5.56","0.5750000000000001","18.14","1.05","0.76","0.35","1.13","0.67","0.64","16.82","0.62","3.44","4.34","0.44999999999999996","14.17","0.65","0.47","0.22","0.71","0.42","0.4","10.5","0.39","2.15","2.71","0.275","8.85"
"04/01/2016","1.11","0.97","0.45","1.45","0.98","0.82","21.61","0.8","4.26","4.83","0.5750000000000001","18.17","0.87","0.76","0.35","1.14","0.77","0.64","16.98","0.63","3.35","3.79","0.44999999999999996","14.27","0.55","0.48","0.22","0.72","0.49","0.4","10.75","0.4","2.12","2.4","0.275","9.04"
"03/01/2016","0.96","0.97","0.45","1.45","0.91","0.82","21.33","0.8","4","4.76","0.5750000000000001","18.14","0.76","0.77","0.36","1.15","0.72","0.64","16.85","0.63","3.16","3.76","0.44999999999999996","14.33","0.47","0.48","0.22","0.71","0.45","0.4","10.51","0.39","1.97","2.34","0.275","8.94"
"02/01/2016","0.99","0.97","0.45","1.45","0.85","0.82","20.97","0.8","4","4.67","0.5750000000000001","18.13","0.78","0.77","0.36","1.15","0.67","0.64","16.57","0.63","3.16","3.69","0.44999999999999996","14.32","0.49","0.48","0.22","0.72","0.42","0.4","10.38","0.4","1.98","2.31","0.275","8.98"
"01/01/2016","0.93","0.97","0.45","1.45","0.86","0.82","21.43","0.8","4","5.1","0.5750000000000001","18.47","0.73","0.76","0.35","1.14","0.68","0.64","16.9","0.63","3.15","4.02","0.44999999999999996","14.56","0.46","0.48","0.22","0.71","0.42","0.4","10.5","0.39","1.96","2.5","0.275","9.05"
"12/01/2015","1","0.97","0.45","1.45","1","0.82","21.6","0.8","3.8","5.01","0.5750000000000001","18.04","0.79","0.77","0.36","1.15","0.79","0.64","17.08","0.63","3.01","3.96","0.44999999999999996","14.27","0.49","0.48","0.22","0.71","0.49","0.4","10.64","0.39","1.87","2.47","0.275","8.89"
"11/01/2015","1.16","0.97","0.45","1.45","1.21","0.82","21.62","0.8","3.5","5.02","0.5750000000000001","17.98","0.92","0.77","0.36","1.15","0.96","0.66","17.14","0.63","2.77","3.98","0.44999999999999996","14.25","0.57","0.48","0.22","0.72","0.6","0.4","10.67","0.39","1.73","2.48","0.275","8.87"
"10/01/2015","1.05","0.97","0.45","1.45","1.06","0.82","21.37","0.8","3.45","5.37","0.5750000000000001","18.02","0.83","0.77","0.36","1.15","0.84","0.66","16.96","0.63","2.74","4.26","0.44999999999999996","14.3","0.53","0.49","0.23","0.74","0.54","0.42","10.85","0.41","1.75","2.73","0.3","9.15"
"09/01/2015","0.6","0.97","0.45","1.45","1.07","0.82","21.09","0.8","3.3","5.63","0.5750000000000001","17.94","0.48","0.78","0.36","1.16","0.86","0.66","16.89","0.64","2.64","4.51","0.44999999999999996","14.37","0.31","0.5","0.23","0.74","0.55","0.42","10.79","0.41","1.69","2.88","0.3","9.18"
"08/01/2015","0.58","0.97","0.45","1.45","0.96","0.82","20.82","0.8","3.3","5.01","0.5750000000000001","18.13","0.47","0.78","0.36","1.17","0.77","0.66","16.73","0.64","2.65","4.03","0.44999999999999996","14.57","0.3","0.5","0.23","0.74","0.49","0.42","10.68","0.41","1.69","2.57","0.3","9.3"
"07/01/2015","0.65","0.97","0.45","1.45","0.83","0.82","20.14","0.8","3.3","4.88","0.5750000000000001","17.48","0.52","0.78","0.36","1.17","0.67","0.66","16.21","0.64","2.66","3.93","0.475","14.07","0.33","0.49","0.23","0.74","0.42","0.42","10.24","0.41","1.68","2.48","0.3","8.89"
"06/01/2015","0.92","0.97","0.45","1.45","0.77","0.82","20.33","0.8","3.3","4.86","0.5750000000000001","17.42","0.74","0.78","0.36","1.17","0.62","0.66","16.4","0.65","2.66","3.92","0.475","14.05","0.47","0.5","0.23","0.75","0.4","0.42","10.48","0.41","1.7","2.51","0.3","8.98"
"05/01/2015","1.42","0.97","0.45","1.45","0.86","0.82","21.31","0.8","3.1","4.85","0.5750000000000001","17.46","1.15","0.78","0.36","1.17","0.69","0.66","17.22","0.65","2.51","3.92","0.475","14.11","0.73","0.5","0.23","0.75","0.44","0.42","11.02","0.41","1.6","2.51","0.3","9.03"
"04/01/2015","1.5","0.97","0.45","1.45","0.98","0.82","21.85","0.8","3.1","5.13","0.5750000000000001","17.98","1.22","0.79","0.36","1.18","0.79","0.66","17.71","0.65","2.51","4.16","0.475","14.57","0.77","0.5","0.23","0.74","0.5","0.42","11.18","0.41","1.59","2.62","0.3","9.2"
"03/01/2015","1.51","0.97","0.45","1.45","1","0.82","21.59","0.8","3.15","5.04","0.5750000000000001","18.31","1.23","0.79","0.37","1.18","0.81","0.66","17.59","0.65","2.57","4.11","0.475","14.92","0.77","0.49","0.23","0.74","0.51","0.42","11.01","0.41","1.61","2.57","0.3","9.34"
"02/01/2015","1.3","0.97","0.45","1.45","1.07","0.82","20.72","0.8","3.15","5.25","0.5750000000000001","18","1.06","0.79","0.37","1.18","0.87","0.66","16.88","0.65","2.57","4.28","0.475","14.66","0.67","0.5","0.23","0.75","0.55","0.42","10.73","0.41","1.63","2.72","0.3","9.33"
"01/01/2015","1.19","0.97","0.45","1.45","1.08","0.82","21.92","0.8","3.33","5.32","0.5750000000000001","18.24","0.97","0.79","0.37","1.18","0.88","0.66","17.87","0.65","2.71","4.34","0.475","14.87","0.62","0.51","0.24","0.76","0.57","0.42","11.47","0.42","1.74","2.78","0.3","9.55"
"12/01/2014","1.28","0.97","0.45","1.45","1.03","0.82","21.68","0.8","3.25","5.33","0.5750000000000001","18.12","1.05","0.8","0.37","1.19","0.85","0.68","17.8","0.66","2.67","4.38","0.475","14.88","0.69","0.52","0.24","0.78","0.55","0.44","11.68","0.43","1.75","2.87","0.3","9.76"
"11/01/2014","1.58","0.97","0.45","1.45","0.99","0.82","21.9","0.8","3.25","5.02","0.5750000000000001","18.23","1.3","0.8","0.37","1.2","0.82","0.68","18.05","0.66","2.68","4.14","0.475","15.03","0.86","0.53","0.25","0.79","0.54","0.44","11.94","0.44","1.77","2.74","0.325","9.94"
"10/01/2014","1.38","0.97","0.45","1.45","1.01","0.82","21.45","0.8","3.25","5.05","0.5750000000000001","18.19","1.14","0.8","0.37","1.2","0.84","0.68","17.74","0.66","2.69","4.18","0.475","15.05","0.77","0.54","0.25","0.8","0.56","0.46","11.91","0.44","1.8","2.8","0.325","10.1"
"09/01/2014","0.72","0.97","0.45","1.45","0.86","0.82","20.11","0.8","3.25","5.36","0.5750000000000001","17.64","0.6","0.81","0.37","1.21","0.72","0.68","16.73","0.67","2.7","4.46","0.475","14.68","0.41","0.55","0.25","0.82","0.49","0.46","11.35","0.45","1.83","3.03","0.325","9.96"
"08/01/2014","0.74","0.97","0.45","1.45","0.79","0.82","21.65","0.8","3.15","5.67","0.5750000000000001","17.69","0.62","0.81","0.38","1.21","0.66","0.68","18.05","0.67","2.63","4.73","0.475","14.75","0.43","0.56","0.26","0.84","0.46","0.48","12.55","0.46","1.83","3.29","0.325","10.25"
"07/01/2014","0.71","0.97","0.45","1.45","0.68","0.82","19.97","0.8","3.15","5.62","0.5750000000000001","17.1","0.59","0.81","0.38","1.21","0.57","0.68","16.68","0.67","2.63","4.69","0.475","14.28","0.42","0.57","0.26","0.85","0.4","0.48","11.69","0.47","1.84","3.29","0.325","10.01"
"06/01/2014","1.16","0.97","0.45","1.45","0.68","0.82","22.19","0.8","3.1","5.76","0.5750000000000001","17.47","0.98","0.82","0.38","1.22","0.57","0.7","18.7","0.67","2.61","4.86","0.475","14.73","0.7","0.58","0.27","0.87","0.41","0.5","13.37","0.48","1.87","3.47","0.35000000000000003","10.53"
"05/01/2014","1.41","0.97","0.45","1.45","0.63","0.82","22.34","0.8","3.1","5.03","0.5750000000000001","17.3","1.19","0.82","0.38","1.23","0.53","0.7","18.91","0.68","2.62","4.26","0.475","14.65","0.87","0.6","0.28","0.9","0.39","0.5","13.79","0.49","1.91","3.1","0.35000000000000003","10.68"
"04/01/2014","1.67","0.97","0.45","1.45","0.69","0.82","20.35","0.8","3.1","5.19","0.5750000000000001","17.92","1.42","0.83","0.38","1.24","0.59","0.7","17.35","0.68","2.64","4.43","0.5","15.28","1.05","0.61","0.28","0.91","0.43","0.52","12.81","0.5","1.95","3.27","0.35000000000000003","11.28"
"03/01/2014","1.03","0.97","0.45","1.45","0.71","0.82","18.95","0.8","3.15","5.28","0.5750000000000001","17.64","0.88","0.83","0.39","1.24","0.61","0.7","16.25","0.69","2.7","4.53","0.5","15.13","0.65","0.61","0.29","0.92","0.45","0.52","12.01","0.51","2","3.35","0.375","11.18"
"02/01/2014","1.04","0.97","0.45","1.45","0.72","0.82","18.84","0.8","3.3","5.34","0.5750000000000001","17.11","0.89","0.83","0.39","1.24","0.62","0.7","16.15","0.69","2.83","4.58","0.5","14.67","0.65","0.61","0.28","0.91","0.45","0.52","11.84","0.5","2.07","3.36","0.35000000000000003","10.75"
"01/01/2014","1.04","0.97","0.45","1.45","0.75","0.82","19.28","0.8","3.8","5.83","0.5750000000000001","16.88","0.89","0.83","0.38","1.24","0.64","0.7","16.49","0.68","3.25","4.99","0.5","14.44","0.63","0.59","0.27","0.88","0.46","0.5","11.76","0.49","2.32","3.56","0.35000000000000003","10.3"
"12/01/2013","1.4","0.97","0.45","1.45","0.74","0.82","18.04","0.8","3.8","5.59","0.5750000000000001","16.42","1.2","0.83","0.39","1.24","0.63","0.7","15.47","0.69","3.26","4.79","0.5","14.08","0.84","0.58","0.27","0.87","0.45","0.5","10.86","0.48","2.29","3.37","0.35000000000000003","9.89"
"11/01/2013","1.01","0.97","0.45","1.45","0.79","0.82","19.79","0.8","3.8","4.92","0.5750000000000001","16.48","0.87","0.84","0.39","1.25","0.68","0.7","17.1","0.69","3.28","4.25","0.5","14.24","0.61","0.58","0.27","0.87","0.47","0.5","11.86","0.48","2.28","2.95","0.35000000000000003","9.88"
"10/01/2013","0.69","0.97","0.45","1.45","0.79","0.82","17.61","0.8","3.8","5.33","0.5750000000000001","16.07","0.6","0.84","0.39","1.26","0.69","0.72","15.31","0.7","3.3","4.63","0.5","13.97","0.42","0.59","0.27","0.88","0.48","0.5","10.74","0.49","2.32","3.25","0.35000000000000003","9.8"
"09/01/2013","0.65","0.97","0.45","1.45","0.71","0.82","19.13","0.8","3.8","5.5","0.5750000000000001","16.12","0.57","0.85","0.39","1.27","0.62","0.72","16.73","0.7","3.32","4.81","0.5","14.1","0.39","0.59","0.27","0.88","0.43","0.5","11.59","0.48","2.3","3.33","0.35000000000000003","9.77"
"08/01/2013","0.69","0.97","0.45","1.45","0.72","0.82","17.76","0.8","3.35","5.41","0.5750000000000001","15.88","0.6","0.85","0.39","1.27","0.63","0.72","15.56","0.7","2.93","4.74","0.5","13.91","0.42","0.59","0.27","0.88","0.44","0.5","10.79","0.49","2.03","3.29","0.35000000000000003","9.64"
"07/01/2013","0.61","0.97","0.45","1.45","0.65","0.82","17.6","0.8","3.35","5.49","0.5750000000000001","15.74","0.54","0.85","0.39","1.27","0.57","0.72","15.44","0.7","2.94","4.82","0.5","13.81","0.37","0.58","0.27","0.87","0.39","0.5","10.6","0.48","2.02","3.31","0.35000000000000003","9.48"
"06/01/2013","1.04","0.97","0.45","1.45","0.67","0.82","17.65","0.8","3.35","4.96","0.5750000000000001","16.21","0.92","0.85","0.4","1.28","0.59","0.72","15.53","0.7","2.95","4.36","0.5","14.26","0.64","0.59","0.28","0.89","0.41","0.5","10.82","0.49","2.05","3.04","0.35000000000000003","9.94"
"05/01/2013","1.04","0.97","0.45","1.45","0.75","0.82","19.29","0.8","3.6","4.46","0.5750000000000001","16.78","0.92","0.86","0.4","1.28","0.66","0.72","17.06","0.71","3.18","3.94","0.5","14.84","0.63","0.59","0.27","0.88","0.46","0.5","11.76","0.49","2.19","2.72","0.35000000000000003","10.23"
"04/01/2013","1.34","0.97","0.45","1.45","1.3","0.82","18.96","0.8","4.25","4.59","0.5750000000000001","16.66","1.19","0.86","0.4","1.29","1.15","0.72","16.81","0.71","3.77","4.07","0.5","14.77","0.84","0.61","0.28","0.91","0.81","0.52","11.84","0.5","2.65","2.87","0.35000000000000003","10.4"
"03/01/2013","1.05","0.97","0.45","1.45","1.14","0.82","18.93","0.8","4.25","4.92","0.5750000000000001","16.72","0.93","0.86","0.4","1.29","1.02","0.74","16.86","0.71","3.78","4.38","0.5","14.89","0.66","0.61","0.28","0.92","0.72","0.52","11.96","0.51","2.69","3.11","0.375","10.56"
"02/01/2013","0.91","0.97","0.45","1.45","1.1","0.82","19.61","0.8","4.35","4.89","0.5750000000000001","16.99","0.81","0.87","0.4","1.3","0.99","0.74","17.56","0.72","3.9","4.38","0.525","15.22","0.58","0.62","0.29","0.93","0.71","0.52","12.6","0.51","2.79","3.14","0.375","10.91"
"01/01/2013","1.46","0.97","0.45","1.45","0.83","0.82","19.46","0.8","4.35","5.52","0.5750000000000001","17.2","1.31","0.87","0.4","1.3","0.74","0.74","17.45","0.72","3.9","4.95","0.525","15.42","0.94","0.62","0.29","0.93","0.53","0.52","12.5","0.51","2.79","3.55","0.375","11.05"
"12/01/2012","1.25","0.97","0.45","1.45","0.98","0.82","18.9","0.8","4.35","4.84","0.5750000000000001","16.67","1.13","0.88","0.41","1.31","0.88","0.74","17.05","0.72","3.93","4.37","0.525","15.04","0.8","0.62","0.29","0.93","0.63","0.52","12.12","0.51","2.79","3.1","0.375","10.69"
"11/01/2012","0.85","0.97","0.45","1.45","0.92","0.82","18.39","0.8","4.35","4.93","0.5750000000000001","16.26","0.77","0.88","0.41","1.32","0.84","0.74","16.7","0.73","3.95","4.48","0.525","14.76","0.54","0.61","0.28","0.92","0.58","0.52","11.62","0.51","2.75","3.11","0.375","10.27"
"10/01/2012","0.82","0.97","0.45","1.45","0.9","0.82","18.25","0.8","4.35","5.25","0.5750000000000001","16.1","0.75","0.88","0.41","1.32","0.82","0.74","16.64","0.73","3.97","4.79","0.525","14.68","0.52","0.62","0.29","0.93","0.57","0.52","11.65","0.51","2.78","3.35","0.375","10.28"
"09/01/2012","0.66","0.97","0.45","1.45","0.8","0.82","18.09","0.8","4.5","5.43","0.5750000000000001","16.08","0.6","0.89","0.41","1.33","0.73","0.76","16.55","0.73","4.12","4.97","0.525","14.71","0.42","0.62","0.29","0.92","0.51","0.52","11.47","0.51","2.85","3.44","0.375","10.2"
"08/01/2012","0.54","0.97","0.45","1.45","0.74","0.82","16.97","0.8","4.5","5.47","0.5750000000000001","15.59","0.5","0.89","0.41","1.33","0.68","0.76","15.62","0.74","4.14","5.04","0.525","14.35","0.34","0.6","0.28","0.9","0.46","0.5","10.54","0.5","2.79","3.4","0.35000000000000003","9.68"
"07/01/2012","0.48","0.97","0.45","1.45","0.74","0.82","16.49","0.8","4.5","5.19","0.5750000000000001","15.38","0.45","0.9","0.42","1.35","0.69","0.76","15.3","0.74","4.18","4.82","0.525","14.27","0.3","0.6","0.28","0.9","0.46","0.5","10.19","0.49","2.78","3.21","0.35000000000000003","9.5"
"06/01/2012","0.52","0.97","0.45","1.45","0.71","0.82","16.08","0.8","4.5","4.81","0.5750000000000001","15.29","0.49","0.9","0.42","1.35","0.66","0.76","15","0.75","4.2","4.49","0.525","14.26","0.33","0.61","0.28","0.91","0.44","0.52","10.06","0.5","2.81","3.01","0.35000000000000003","9.56"
"05/01/2012","1.77","0.97","0.45","1.45","0.83","0.82","16.21","0.8","4.3","4.66","0.5750000000000001","15.32","1.65","0.91","0.42","1.36","0.78","0.76","15.15","0.75","4.02","4.36","0.525","14.32","1.12","0.62","0.29","0.92","0.53","0.52","10.28","0.51","2.73","2.96","0.375","9.72"
"04/01/2012","1.68","0.97","0.45","1.45","1.13","0.82","16.18","0.8","3.9","4.65","0.5750000000000001","15.19","1.57","0.91","0.42","1.36","1.06","0.76","15.14","0.75","3.65","4.35","0.55","14.22","1.1","0.64","0.29","0.95","0.74","0.54","10.6","0.52","2.56","3.05","0.375","9.96"
"03/01/2012","1.06","0.97","0.45","1.45","0.86","0.82","16.08","0.8","3.85","4.85","0.5750000000000001","15.25","1","0.91","0.42","1.36","0.81","0.78","15.12","0.75","3.62","4.56","0.55","14.34","0.7","0.64","0.3","0.96","0.57","0.54","10.65","0.53","2.55","3.21","0.375","10.1"
"02/01/2012","1.2","0.97","0.45","1.45","0.81","0.82","16.81","0.8","3.85","5.27","0.5750000000000001","15.42","1.13","0.91","0.42","1.36","0.76","0.78","15.79","0.75","3.62","4.95","0.55","14.49","0.8","0.65","0.3","0.97","0.54","0.54","11.19","0.53","2.56","3.51","0.375","10.27"
"01/01/2012","1.22","0.97","0.45","1.45","0.84","0.82","16.31","0.8","3.75","4.74","0.5750000000000001","15.44","1.15","0.92","0.43","1.37","0.79","0.78","15.41","0.76","3.54","4.48","0.55","14.59","0.81","0.64","0.3","0.96","0.56","0.54","10.78","0.53","2.48","3.13","0.375","10.2"
"12/01/2011","0.85","0.97","0.45","1.45","0.78","0.82","15.44","0.8","3.25","4.11","0.5750000000000001","15","0.81","0.92","0.43","1.38","0.74","0.78","14.68","0.76","3.09","3.91","0.55","14.26","0.57","0.65","0.3","0.98","0.53","0.56","10.42","0.54","2.19","2.77","0.4","10.12"
"11/01/2011","1.23","0.97","0.45","1.45","0.78","0.82","15","0.8","3.1","4.62","0.5750000000000001","15","1.17","0.92","0.43","1.38","0.74","0.78","14.25","0.76","2.95","4.39","0.55","14.25","0.85","0.67","0.31","1","0.54","0.56","10.35","0.55","2.14","3.19","0.4","10.35"
"10/01/2011","1.2","0.97","0.45","1.45","0.85","0.82","15.07","0.8","3","4.94","0.5750000000000001","15","1.14","0.92","0.43","1.38","0.81","0.78","14.34","0.76","2.85","4.7","0.55","14.27","0.84","0.68","0.32","1.02","0.6","0.58","10.58","0.56","2.11","3.47","0.4","10.53"
"09/01/2011","0.72","0.97","0.45","1.45","0.82","0.82","15.14","0.8","3","4.68","0.5750000000000001","14.97","0.69","0.93","0.43","1.39","0.79","0.78","14.53","0.77","2.88","4.49","0.55","14.37","0.51","0.69","0.32","1.02","0.58","0.58","10.69","0.56","2.12","3.31","0.4","10.57"
"08/01/2011","0.54","0.97","0.45","1.45","0.76","0.82","14.88","0.8","2.9","4.92","0.5750000000000001","15","0.52","0.94","0.43","1.4","0.73","0.8","14.36","0.77","2.8","4.75","0.55","14.47","0.39","0.71","0.33","1.06","0.55","0.6","10.83","0.58","2.11","3.58","0.42500000000000004","10.92"
"07/01/2011","0.6","0.97","0.45","1.45","0.8","0.82","14.15","0.8","2.85","4.79","0.5750000000000001","14.5","0.58","0.94","0.44","1.4","0.78","0.8","13.71","0.78","2.76","4.64","0.55","14.05","0.43","0.7","0.33","1.05","0.58","0.6","10.26","0.58","2.07","3.47","0.42500000000000004","10.51"
"06/01/2011","0.72","0.97","0.45","1.45","0.71","0.82","13.59","0.8","2.7","4.41","0.5750000000000001","14.47","0.7","0.94","0.44","1.41","0.69","0.8","13.22","0.78","2.63","4.29","0.55","14.07","0.52","0.71","0.33","1.06","0.52","0.6","9.91","0.58","1.97","3.21","0.42500000000000004","10.55"
"05/01/2011","1.21","0.97","0.45","1.45","0.66","0.82","13.12","0.8","2.7","3.79","0.5750000000000001","14.53","1.18","0.95","0.44","1.42","0.64","0.8","12.81","0.78","2.64","3.7","0.55","14.19","0.88","0.7","0.33","1.05","0.48","0.6","9.53","0.58","1.96","2.75","0.42500000000000004","10.55"
"04/01/2011","0.77","0.97","0.45","1.45","0.53","0.82","13.93","0.8","2.7","4.06","0.5750000000000001","14.5","0.75","0.95","0.44","1.42","0.52","0.8","13.66","0.78","2.65","3.98","0.5750000000000001","14.21","0.56","0.71","0.33","1.06","0.39","0.6","10.17","0.58","1.97","2.96","0.42500000000000004","10.59"
"03/01/2011","0.73","0.97","0.45","1.45","0.56","0.82","13.83","0.8","2.6","4.64","0.5750000000000001","14.44","0.72","0.95","0.44","1.43","0.55","0.8","13.6","0.79","2.56","4.56","0.5750000000000001","14.2","0.52","0.7","0.32","1.04","0.4","0.58","9.91","0.57","1.86","3.32","0.4","10.35"
"02/01/2011","0.88","0.97","0.45","1.45","0.54","0.82","14.15","0.8","2.6","4.06","0.5750000000000001","14.27","0.87","0.96","0.44","1.43","0.53","0.8","13.94","0.79","2.56","4","0.5750000000000001","14.05","0.62","0.68","0.32","1.02","0.38","0.58","9.99","0.56","1.84","2.87","0.4","10.08"
"01/01/2011","0.88","0.97","0.45","1.45","0.54","0.82","14.13","0.8","2.6","4.04","0.5750000000000001","14.12","0.86","0.95","0.44","1.42","0.53","0.8","13.87","0.79","2.55","3.97","0.5750000000000001","13.87","0.61","0.67","0.31","1.01","0.38","0.58","9.82","0.56","1.81","2.81","0.4","9.82"
"12/01/2010","0.64","1.02","0.48","1.45","0.56","0.88","14.24","0.84","2.55","3.61","0.625","14.2","0.63","1","0.47","1.43","0.55","0.86","14.01","0.83","2.51","3.55","0.625","13.97","0.44","0.7","0.33","1","0.39","0.6","9.84","0.58","1.76","2.49","0.42500000000000004","9.81"
"11/01/2010","1.06","1.02","0.48","1.45","0.75","0.88","14.34","0.84","2.55","3.95","0.625","14.18","1.05","1.01","0.47","1.43","0.74","0.86","14.14","0.83","2.51","3.9","0.625","13.98","0.75","0.72","0.34","1.03","0.53","0.62","10.15","0.59","1.81","2.8","0.44999999999999996","10.04"
"10/01/2010","0.45","1.02","0.48","1.45","0.77","0.88","14.13","0.84","2.55","4.06","0.625","14","0.45","1.01","0.48","1.44","0.76","0.88","14.01","0.83","2.53","4.03","0.625","13.88","0.32","0.73","0.34","1.04","0.55","0.62","10.11","0.6","1.83","2.91","0.44999999999999996","10.02"
"09/01/2010","0.43","0.95","0.48","1.45","0.7","0.88","13.9","0.84","2.48","4.12","0.625","13.83","0.43","0.95","0.48","1.44","0.7","0.88","13.83","0.84","2.47","4.1","0.625","13.76","0.29","0.65","0.33","0.99","0.48","0.6","9.52","0.58","1.7","2.82","0.42500000000000004","9.47"
"08/01/2010","0.42","0.95","0.48","1.45","0.68","0.88","13.71","0.84","2.48","4.21","0.625","13.33","0.42","0.95","0.48","1.44","0.68","0.88","13.66","0.84","2.47","4.19","0.625","13.28","0.29","0.65","0.33","0.99","0.46","0.6","9.34","0.57","1.69","2.87","0.42500000000000004","9.08"
"07/01/2010","0.39","0.95","0.48","1.45","0.59","0.88","13.38","0.84","2.48","4.25","0.625","13.31","0.39","0.95","0.48","1.45","0.59","0.88","13.35","0.84","2.48","4.24","0.625","13.28","0.26","0.64","0.32","0.98","0.4","0.6","9.05","0.57","1.68","2.88","0.42500000000000004","9"
"06/01/2010","0.69","0.95","0.45","1.45","0.55","0.82","13.32","0.8","2.48","4.29","0.6","13.25","0.69","0.95","0.45","1.45","0.55","0.82","13.34","0.8","2.48","4.3","0.6","13.27","0.46","0.63","0.3","0.96","0.36","0.54","8.79","0.53","1.64","2.83","0.4","8.74"
"05/01/2010","1.2","0.95","0.45","1.45","0.53","0.82","13.15","0.8","2.48","4.22","0.6","13.14","1.21","0.95","0.45","1.46","0.53","0.82","13.22","0.8","2.49","4.24","0.6","13.21","0.81","0.64","0.3","0.98","0.36","0.56","8.84","0.54","1.67","2.84","0.4","8.84"
"04/01/2010","1.19","0.95","0.45","1.45","0.57","0.82","12.98","0.8","2.48","4.19","0.6","13.18","1.2","0.96","0.45","1.46","0.57","0.82","13.09","0.81","2.5","4.23","0.6","13.29","0.84","0.67","0.32","1.03","0.4","0.58","9.19","0.57","1.76","2.97","0.42500000000000004","9.33"
"03/01/2010","1.14","0.95","0.45","1.45","0.59","0.82","13.06","0.8","2.48","4.16","0.6","13.13","1.15","0.96","0.45","1.47","0.6","0.82","13.2","0.81","2.51","4.21","0.6","13.27","0.82","0.68","0.32","1.04","0.42","0.58","9.38","0.57","1.78","2.99","0.42500000000000004","9.43"
"02/01/2010","1.16","0.95","0.45","1.45","0.6","0.82","13.21","0.8","2.48","4.14","0.6","13.1","1.17","0.96","0.45","1.47","0.61","0.82","13.35","0.81","2.51","4.19","0.6","13.24","0.84","0.69","0.33","1.05","0.43","0.6","9.57","0.58","1.8","3","0.42500000000000004","9.49"
"01/01/2010","0.95","0.95","0.45","1.45","0.6","0.82","13.24","0.8","2.5","3.95","0.6","13.08","0.96","0.96","0.46","1.47","0.61","0.84","13.42","0.81","2.53","4","0.6","13.26","0.72","0.72","0.34","1.09","0.45","0.62","9.99","0.6","1.89","2.98","0.44999999999999996","9.87"
"12/01/2009","0.64","0.85","0.45","1.45","0.7","0.82","12.98","0.8","2.5","4","0.6","12.44","0.65","0.87","0.46","1.48","0.71","0.84","13.22","0.82","2.55","4.08","0.6","12.67","0.49","0.65","0.34","1.11","0.54","0.62","9.94","0.61","1.92","3.06","0.44999999999999996","9.53"
"11/01/2009","0.56","0.85","0.45","1.45","0.75","0.82","13.09","0.8","2.5","4","0.6","12","0.57","0.87","0.46","1.48","0.77","0.84","13.39","0.82","2.56","4.09","0.625","12.28","0.44","0.66","0.35","1.13","0.58","0.64","10.18","0.62","1.94","3.11","0.475","9.33"
"10/01/2009","0.55","0.85","0.45","1.45","0.75","0.82","13.11","0.8","2.6","4","0.6","12.14","0.57","0.87","0.46","1.49","0.77","0.84","13.47","0.82","2.67","4.11","0.625","12.47","0.43","0.66","0.35","1.12","0.58","0.64","10.16","0.62","2.02","3.1","0.475","9.41"
"09/01/2009","0.5","0.85","0.45","1.45","0.75","0.82","12.73","0.8","2.6","4","0.6","11.86","0.52","0.88","0.47","1.5","0.78","0.84","13.16","0.83","2.69","4.13","0.625","12.26","0.38","0.65","0.35","1.11","0.58","0.62","9.77","0.61","2","3.07","0.44999999999999996","9.1"
"08/01/2009","0.44","0.77","0.45","1.45","0.75","0.82","12.32","0.8","2.6","4.03","0.6","11.64","0.46","0.8","0.47","1.51","0.78","0.86","12.8","0.83","2.7","4.19","0.625","12.09","0.33","0.58","0.34","1.1","0.57","0.62","9.31","0.6","1.97","3.05","0.44999999999999996","8.8"
"07/01/2009","0.44","0.77","0.45","1.45","0.75","0.82","11.84","0.8","2.6","4","0.6","11.68","0.46","0.8","0.47","1.51","0.78","0.86","12.33","0.83","2.71","4.17","0.625","12.16","0.33","0.58","0.34","1.09","0.56","0.62","8.87","0.6","1.95","3","0.44999999999999996","8.75"
"06/01/2009","0.95","0.72","0.45","1.45","0.71","0.82","11.82","0.8","2.6","3.99","0.6","11.67","1","0.75","0.47","1.52","0.74","0.86","12.39","0.84","2.73","4.18","0.625","12.24","0.7","0.53","0.33","1.07","0.53","0.6","8.75","0.59","1.92","2.95","0.44999999999999996","8.64"
"05/01/2009","1.1","0.72","0.45","1.45","0.75","0.82","11.59","0.8","2.6","3.99","0.6","11.83","1.16","0.76","0.47","1.53","0.79","0.86","12.21","0.84","2.74","4.2","0.625","12.46","0.8","0.52","0.33","1.06","0.55","0.6","8.44","0.58","1.89","2.91","0.42500000000000004","8.61"
"04/01/2009","0.88","0.72","0.45","1.45","0.72","0.82","11.64","0.8","2.6","4","0.6","11.72","0.93","0.76","0.48","1.53","0.76","0.86","12.3","0.85","2.75","4.23","0.625","12.38","0.63","0.51","0.32","1.03","0.51","0.58","8.29","0.57","1.85","2.85","0.42500000000000004","8.34"
"03/01/2009","0.94","0.66","0.45","1.45","0.65","0.82","11.92","0.8","2.6","4","0.6","11.66","1","0.7","0.48","1.54","0.69","0.88","12.67","0.85","2.76","4.25","0.65","12.4","0.66","0.46","0.32","1.02","0.46","0.58","8.38","0.56","1.83","2.81","0.42500000000000004","8.2"
"02/01/2009","0.85","0.66","0.45","1.45","0.6","0.82","11.94","0.8","2.6","3.85","0.6","11.66","0.91","0.7","0.48","1.55","0.64","0.88","12.74","0.85","2.77","4.11","0.65","12.44","0.59","0.46","0.31","1.01","0.42","0.58","8.31","0.56","1.81","2.68","0.42500000000000004","8.12"
"01/01/2009","0.8","0.66","0.45","1.45","0.6","0.82","11.55","0.8","2.53","3.61","0.6","11.47","0.85","0.7","0.48","1.54","0.64","0.88","12.26","0.85","2.69","3.83","0.625","12.17","0.58","0.48","0.33","1.06","0.44","0.6","8.41","0.58","1.84","2.63","0.42500000000000004","8.35"
"12/01/2008","1.04","0.66","0.45","1.45","0.61","0.82","11.73","0.8","2.5","3.88","0.6","11.63","1.1","0.7","0.48","1.54","0.65","0.86","12.44","0.85","2.65","4.11","0.625","12.33","0.77","0.49","0.34","1.08","0.45","0.62","8.74","0.6","1.86","2.89","0.44999999999999996","8.66"
"11/01/2008","0.83","0.66","0.45","1.45","0.61","0.82","11.72","0.8","2.5","3.9","0.6","11.52","0.88","0.7","0.48","1.54","0.65","0.88","12.47","0.85","2.66","4.15","0.65","12.26","0.6","0.48","0.32","1.05","0.44","0.6","8.45","0.58","1.8","2.81","0.42500000000000004","8.31"
"10/01/2008","0.59","0.66","0.45","1.45","0.59","0.82","11.57","0.8","2.5","3.87","0.6","11.46","0.63","0.7","0.48","1.55","0.63","0.88","12.35","0.85","2.67","4.13","0.65","12.24","0.45","0.5","0.34","1.1","0.45","0.62","8.75","0.6","1.89","2.93","0.44999999999999996","8.66"
"09/01/2008","0.43","0.66","0.45","1.45","0.54","0.82","11.45","0.8","2.5","3.92","0.6","11.35","0.46","0.71","0.48","1.56","0.58","0.88","12.29","0.86","2.68","4.21","0.65","12.18","0.34","0.53","0.36","1.16","0.43","0.66","9.17","0.64","2","3.14","0.475","9.09"
"08/01/2008","0.36","0.66","0.45","1.45","0.53","0.82","11.25","0.8","2.5","4.04","0.6","11.38","0.39","0.71","0.49","1.56","0.57","0.88","12.13","0.86","2.7","4.36","0.65","12.27","0.3","0.54","0.37","1.2","0.44","0.68","9.29","0.66","2.06","3.34","0.5","9.4"
"07/01/2008","0.31","0.66","0.45","1.1","0.47","0.82","11.27","0.8","2.5","3.54","0.6","11.34","0.33","0.71","0.49","1.19","0.51","0.88","12.15","0.86","2.7","3.82","0.65","12.23","0.27","0.57","0.39","0.94","0.4","0.7","9.68","0.69","2.15","3.04","0.525","9.74"
"06/01/2008","0.5","0.66","0.45","1.1","0.49","0.82","11.14","0.8","2.5","3.56","0.6","11.19","0.54","0.72","0.49","1.19","0.53","0.88","12.07","0.87","2.71","3.86","0.65","12.13","0.42","0.56","0.38","0.93","0.42","0.7","9.46","0.68","2.12","3.02","0.5","9.5"
"05/01/2008","0.77","0.66","0.45","0.84","0.52","0.82","10.55","0.8","2.5","3.68","0.6","11.17","0.84","0.72","0.49","0.91","0.57","0.9","11.47","0.87","2.72","4","0.65","12.14","0.66","0.56","0.38","0.72","0.44","0.7","8.98","0.68","2.13","3.13","0.5","9.51"
"04/01/2008","1.2","0.66","0.45","0.84","0.58","0.82","11.81","0.8","2.47","3.89","0.6","11.25","1.3","0.72","0.49","0.91","0.63","0.9","12.84","0.87","2.68","4.23","0.65","12.23","1.04","0.57","0.39","0.73","0.5","0.7","10.2","0.69","2.13","3.36","0.525","9.72"
"03/01/2008","1.3","0.66","0.45","0.84","0.6","0.82","12","0.8","2.63","3.7","0.6","11.25","1.42","0.72","0.49","0.92","0.66","0.9","13.15","0.88","2.88","4.05","0.65","12.33","1.11","0.57","0.39","0.72","0.51","0.7","10.29","0.69","2.25","3.17","0.525","9.65"
"02/01/2008","0.99","0.66","0.45","0.84","0.6","0.82","11.83","0.8","2.63","3.87","0.6","11.35","1.09","0.73","0.49","0.92","0.66","0.9","13.01","0.88","2.89","4.26","0.65","12.48","0.81","0.54","0.37","0.69","0.49","0.68","9.73","0.66","2.16","3.18","0.5","9.33"
"01/01/2008","0.9","0.66","0.45","0.84","0.61","0.82","11.25","0.8","2.63","3.89","0.6","11.25","0.99","0.73","0.49","0.92","0.67","0.9","12.36","0.88","2.89","4.27","0.65","12.36","0.74","0.54","0.37","0.69","0.5","0.68","9.25","0.66","2.16","3.2","0.5","9.25"
"12/01/2007","0.64","0.66","0.45","0.84","0.6","0.8","11.27","0.8","2.63","3.87","0.6","11.25","0.71","0.73","0.5","0.93","0.66","0.88","12.44","0.88","2.9","4.27","0.65","12.41","0.52","0.54","0.37","0.68","0.49","0.66","9.18","0.65","2.14","3.15","0.5","9.16"
"11/01/2007","0.81","0.66","0.45","0.84","0.65","0.8","11.27","0.8","2.65","3.55","0.6","11.25","0.9","0.73","0.5","0.93","0.72","0.88","12.49","0.89","2.94","3.94","0.675","12.47","0.66","0.54","0.37","0.69","0.53","0.66","9.23","0.65","2.17","2.91","0.5","9.21"
"10/01/2007","0.38","0.66","0.45","0.84","0.65","0.8","11.28","0.8","2.65","3.49","0.6","11.27","0.42","0.74","0.5","0.94","0.72","0.9","12.57","0.89","2.95","3.89","0.675","12.56","0.3","0.53","0.36","0.67","0.52","0.64","9.03","0.64","2.12","2.79","0.475","9.02"
"09/01/2007","0.4","0.66","0.45","0.84","0.65","0.8","11.36","0.8","2.65","3.59","0.6","11.24","0.45","0.74","0.5","0.94","0.73","0.9","12.72","0.9","2.97","4.02","0.675","12.59","0.32","0.52","0.36","0.66","0.51","0.64","8.98","0.63","2.09","2.84","0.475","8.88"
"08/01/2007","0.35","0.66","0.45","0.84","0.62","0.8","11.24","0.8","2.65","3.65","0.6","11.24","0.39","0.74","0.51","0.95","0.7","0.9","12.65","0.9","2.98","4.11","0.675","12.65","0.27","0.52","0.35","0.66","0.48","0.62","8.77","0.62","2.07","2.85","0.475","8.77"
"07/01/2007","0.33","0.66","0.42","0.84","0.59","0.74","11.25","0.74","2.65","3.6","0.6","11.25","0.37","0.75","0.48","0.95","0.67","0.84","12.72","0.84","3","4.07","0.675","12.72","0.25","0.51","0.32","0.64","0.45","0.56","8.63","0.57","2.03","2.76","0.44999999999999996","8.63"
"06/01/2007","0.8","0.66","0.42","0.84","0.6","0.74","11.25","0.74","2.65","3.6","0.6","11.26","0.91","0.75","0.48","0.95","0.68","0.84","12.76","0.84","3.01","4.08","0.675","12.77","0.61","0.51","0.32","0.64","0.46","0.56","8.63","0.57","2.03","2.76","0.44999999999999996","8.63"
"05/01/2007","0.6","0.66","0.42","0.84","0.58","0.74","11.28","0.74","2.65","3.59","0.6","11.26","0.69","0.75","0.48","0.96","0.66","0.84","12.9","0.85","3.03","4.11","0.675","12.88","0.46","0.51","0.32","0.65","0.45","0.58","8.69","0.57","2.04","2.77","0.44999999999999996","8.68"
"04/01/2007","0.97","0.66","0.42","0.84","0.59","0.74","11.33","0.74","2.65","3.45","0.6","11.28","1.12","0.76","0.48","0.97","0.68","0.86","13.06","0.85","3.05","3.98","0.7000000000000001","13","0.75","0.51","0.32","0.65","0.46","0.58","8.75","0.57","2.05","2.66","0.475","8.71"
"03/01/2007","0.81","0.66","0.42","0.84","0.57","0.74","11.54","0.74","2.65","3.45","0.6","11.25","0.94","0.76","0.49","0.97","0.66","0.86","13.37","0.86","3.07","4","0.7000000000000001","13.04","0.62","0.51","0.32","0.64","0.44","0.56","8.84","0.57","2.03","2.64","0.44999999999999996","8.62"
"02/01/2007","0.62","0.66","0.42","0.84","0.52","0.74","11.31","0.74","2.65","3.3","0.6","11.26","0.72","0.77","0.49","0.98","0.6","0.86","13.13","0.86","3.08","3.83","0.7000000000000001","13.08","0.47","0.5","0.32","0.64","0.4","0.56","8.62","0.56","2.02","2.51","0.44999999999999996","8.58"
"01/01/2007","0.66","0.66","0.42","0.84","0.53","0.74","11.25","0.74","2.6","3.05","0.6","11.25","0.77","0.77","0.49","0.97","0.61","0.86","13.05","0.86","3.02","3.54","0.7000000000000001","13.05","0.5","0.5","0.32","0.64","0.4","0.56","8.57","0.56","1.98","2.32","0.44999999999999996","8.57"
"12/01/2006","0.52","0.66","0.42","0.79","0.58","0.74","11.25","0.74","2.6","3.1","0.6","11.25","0.6","0.77","0.49","0.92","0.67","0.86","13.05","0.86","3.02","3.6","0.7000000000000001","13.05","0.4","0.51","0.32","0.61","0.45","0.58","8.67","0.57","2","2.39","0.44999999999999996","8.67"
"11/01/2006","0.44","0.63","0.42","0.79","0.49","0.74","11.17","0.74","2.6","3.34","0.6","11.19","0.51","0.73","0.49","0.92","0.57","0.86","12.97","0.86","3.02","3.88","0.7000000000000001","12.99","0.33","0.48","0.32","0.6","0.37","0.56","8.49","0.56","1.98","2.54","0.44999999999999996","8.5"
"10/01/2006","0.39","0.63","0.42","0.79","0.48","0.74","11.26","0.74","2.6","3.45","0.6","11.25","0.45","0.73","0.49","0.92","0.56","0.86","13.08","0.86","3.02","4.01","0.7000000000000001","13.06","0.29","0.47","0.31","0.59","0.36","0.56","8.43","0.55","1.95","2.58","0.44999999999999996","8.43"
"09/01/2006","0.36","0.63","0.42","0.79","0.45","0.74","11.01","0.74","2.6","3.45","0.6","11.4","0.42","0.73","0.49","0.92","0.52","0.86","12.81","0.86","3.02","4.01","0.7000000000000001","13.26","0.27","0.48","0.32","0.6","0.34","0.56","8.3","0.56","1.96","2.6","0.44999999999999996","8.6"
"08/01/2006","0.35","0.63","0.42","0.79","0.42","0.74","10.95","0.74","2.6","3.51","0.6","11.5","0.41","0.74","0.49","0.92","0.49","0.86","12.78","0.86","3.03","4.1","0.7000000000000001","13.42","0.26","0.48","0.32","0.6","0.32","0.56","8.29","0.56","1.97","2.66","0.44999999999999996","8.71"
"07/01/2006","0.35","0.63","0.42","0.79","0.42","0.74","10.96","0.74","2.6","3.5","0.6","11.48","0.41","0.74","0.49","0.92","0.49","0.86","12.8","0.86","3.04","4.09","0.7000000000000001","13.41","0.26","0.47","0.32","0.6","0.32","0.56","8.26","0.56","1.96","2.64","0.44999999999999996","8.65"
"06/01/2006","0.51","0.63","0.42","0.79","0.43","0.74","11.24","0.74","2.6","1.93","0.6","11.53","0.6","0.74","0.49","0.93","0.5","0.86","13.19","0.87","3.05","2.26","0.7000000000000001","13.53","0.38","0.47","0.32","0.59","0.32","0.56","8.46","0.56","1.96","1.45","0.44999999999999996","8.68"
"05/01/2006","0.97","0.63","0.42","0.79","0.46","0.74","11.46","0.74","2.6","2.1","0.6","11.57","1.14","0.74","0.49","0.93","0.54","0.86","13.46","0.87","3.05","2.47","0.7000000000000001","13.59","0.74","0.48","0.32","0.6","0.35","0.56","8.72","0.56","1.98","1.6","0.44999999999999996","8.81"
"04/01/2006","1.02","0.63","0.42","0.79","0.53","0.74","11.63","0.74","2.6","2.16","0.6","11.5","1.2","0.74","0.49","0.93","0.62","0.88","13.7","0.87","3.06","2.54","0.7000000000000001","13.55","0.76","0.47","0.31","0.59","0.39","0.56","8.66","0.55","1.94","1.61","0.44999999999999996","8.57"
"03/01/2006","0.84","0.8","0.42","0.79","0.54","0.74","11.49","0.74","2.6","1.69","0.6","11.49","1","0.95","0.5","0.94","0.64","0.88","13.64","0.88","3.09","2.01","0.7000000000000001","13.64","0.62","0.59","0.31","0.58","0.4","0.54","8.47","0.55","1.92","1.25","0.44999999999999996","8.47"
"02/01/2006","0.93","0.6","0.42","0.79","0.53","0.74","11.38","0.74","2.6","1.68","0.6","11.33","1.11","0.72","0.5","0.94","0.63","0.88","13.56","0.88","3.1","2","0.725","13.5","0.68","0.44","0.31","0.58","0.39","0.54","8.3","0.54","1.9","1.23","0.44999999999999996","8.27"
"01/01/2006","1.01","0.6","0.42","0.79","0.54","0.74","11.13","0.74","2.6","1.59","0.6","10.58","1.2","0.71","0.5","0.94","0.64","0.88","13.25","0.88","3.1","1.89","0.725","12.6","0.75","0.45","0.31","0.59","0.4","0.56","8.32","0.55","1.94","1.19","0.44999999999999996","7.91"
"12/01/2005","1.03","0.6","0.42","0.74","0.51","0.74","10.67","0.74","2.6","1.62","0.6","10.12","1.23","0.72","0.5","0.89","0.61","0.88","12.79","0.89","3.12","1.94","0.725","12.13","0.76","0.44","0.31","0.54","0.38","0.54","7.85","0.54","1.91","1.19","0.44999999999999996","7.45"
"11/01/2005","0.44","0.57","0.42","0.74","0.51","0.74","10.62","0.74","2.6","1.72","0.6","10.16","0.53","0.69","0.51","0.89","0.62","0.9","12.81","0.89","3.14","2.07","0.725","12.25","0.32","0.42","0.31","0.54","0.37","0.54","7.75","0.54","1.9","1.25","0.44999999999999996","7.41"
"10/01/2005","0.46","0.57","0.42","0.74","0.5","0.74","10.96","0.74","2.6","1.85","0.6","10.12","0.56","0.69","0.51","0.9","0.61","0.9","13.26","0.9","3.15","2.24","0.725","12.25","0.34","0.42","0.31","0.55","0.37","0.56","8.17","0.55","1.94","1.38","0.44999999999999996","7.55"
"09/01/2005","0.3","0.57","0.42","0.74","0.5","0.74","10.76","0.74","2.55","1.94","0.6","10.12","0.37","0.69","0.51","0.9","0.61","0.9","13.1","0.9","3.1","2.36","0.725","12.32","0.23","0.43","0.32","0.56","0.38","0.56","8.15","0.56","1.93","1.47","0.44999999999999996","7.67"
"08/01/2005","0.23","0.57","0.42","0.74","0.49","0.74","10.59","0.74","2.55","1.9","0.6","10.13","0.28","0.7","0.51","0.91","0.6","0.9","12.95","0.91","3.12","2.32","0.725","12.39","0.17","0.43","0.32","0.56","0.37","0.56","8.06","0.56","1.94","1.45","0.44999999999999996","7.71"
"07/01/2005","0.23","0.57","0.42","0.74","0.43","0.74","10.13","0.74","2.55","1.72","0.6","9.87","0.28","0.7","0.52","0.91","0.53","0.9","12.43","0.91","3.13","2.11","0.725","12.11","0.17","0.43","0.32","0.56","0.32","0.56","7.61","0.56","1.92","1.29","0.44999999999999996","7.42"
"06/01/2005","0.48","0.57","0.42","0.74","0.4","0.74","9.97","0.74","2.55","1.78","0.6","9.91","0.59","0.7","0.52","0.91","0.49","0.9","12.26","0.91","3.14","2.19","0.75","12.18","0.37","0.43","0.32","0.56","0.3","0.56","7.6","0.56","1.94","1.36","0.44999999999999996","7.56"
"05/01/2005","1.15","0.57","0.42","0.74","0.46","0.74","10.51","0.74","2.55","1.9","0.6","9.63","1.42","0.7","0.52","0.91","0.57","0.92","12.97","0.91","3.15","2.34","0.75","11.88","0.91","0.45","0.33","0.58","0.36","0.58","8.28","0.58","2.01","1.5","0.475","7.59"
"04/01/2005","1.19","0.57","0.42","0.7","0.49","0.74","11.06","0.74","2.55","1.9","0.6","9.94","1.47","0.7","0.52","0.86","0.6","0.92","13.63","0.91","3.14","2.34","0.75","12.25","0.95","0.46","0.34","0.56","0.39","0.6","8.83","0.59","2.04","1.52","0.475","7.94"
"03/01/2005","1.05","0.57","0.42","0.7","0.48","0.74","11.58","0.74","2.55","1.96","0.6","9.95","1.3","0.71","0.52","0.87","0.6","0.92","14.39","0.92","3.17","2.44","0.75","12.36","0.85","0.46","0.34","0.57","0.39","0.6","9.39","0.6","2.07","1.59","0.475","8.07"
"02/01/2005","0.92","0.57","0.42","0.7","0.45","0.74","11.05","0.74","2.55","1.96","0.6","9.91","1.14","0.71","0.52","0.87","0.56","0.92","13.73","0.92","3.17","2.44","0.75","12.31","0.74","0.46","0.34","0.57","0.36","0.6","8.93","0.6","2.06","1.58","0.475","8.01"
"01/01/2005","0.82","0.57","0.42","0.7","0.42","0.74","10.8","0.74","2.55","1.88","0.6","9.81","1.02","0.71","0.52","0.87","0.52","0.92","13.44","0.92","3.17","2.34","0.75","12.21","0.67","0.46","0.34","0.57","0.34","0.6","8.79","0.6","2.07","1.53","0.5","7.98"
"12/01/2004","0.41","0.57","0.42","0.7","0.39","0.74","10.38","0.74","2.55","1.75","0.6","9.95","0.51","0.71","0.52","0.87","0.49","0.92","12.93","0.92","3.18","2.18","0.75","12.4","0.34","0.47","0.35","0.58","0.32","0.62","8.57","0.61","2.11","1.45","0.5","8.22"
"11/01/2004","0.43","0.57","0.42","0.7","0.39","0.74","10.25","0.74","2.55","1.73","0.6","9.75","0.54","0.71","0.52","0.87","0.49","0.92","12.77","0.92","3.18","2.16","0.75","12.15","0.35","0.46","0.34","0.57","0.32","0.6","8.35","0.6","2.08","1.41","0.5","7.94"
"10/01/2004","0.41","0.57","0.42","0.7","0.38","0.74","10.05","0.74","2.3","1.84","0.6","9.46","0.51","0.71","0.52","0.87","0.47","0.92","12.51","0.92","2.86","2.29","0.75","11.78","0.33","0.45","0.33","0.56","0.3","0.6","8.02","0.59","1.83","1.47","0.475","7.55"
"09/01/2004","0.27","0.57","0.42","0.7","0.34","0.74","9.77","0.74","2.3","1.88","0.6","9.53","0.34","0.71","0.52","0.87","0.42","0.92","12.17","0.92","2.87","2.34","0.75","11.87","0.21","0.45","0.33","0.55","0.27","0.58","7.72","0.58","1.82","1.49","0.475","7.53"
"08/01/2004","0.25","0.57","0.42","0.7","0.34","0.74","10.18","0.74","2.3","1.89","0.6","9.5","0.31","0.71","0.52","0.87","0.42","0.92","12.68","0.92","2.87","2.35","0.75","11.84","0.2","0.45","0.33","0.55","0.27","0.58","8.07","0.59","1.82","1.5","0.475","7.53"
"07/01/2004","0.29","0.57","0.42","0.7","0.35","0.74","10.15","0.74","2.3","1.9","0.6","9.39","0.36","0.71","0.52","0.87","0.44","0.92","12.63","0.92","2.86","2.37","0.75","11.69","0.23","0.45","0.33","0.56","0.28","0.58","8.09","0.59","1.83","1.51","0.475","7.48"
"06/01/2004","0.38","0.57","0.42","0.7","0.35","0.74","10.07","0.74","2.3","2.01","0.6","9.44","0.47","0.71","0.52","0.87","0.44","0.92","12.55","0.92","2.87","2.5","0.75","11.76","0.3","0.45","0.33","0.55","0.28","0.58","7.97","0.59","1.82","1.59","0.475","7.47"
"05/01/2004","0.67","0.57","0.42","0.7","0.37","0.74","10.02","0.74","2.3","1.96","0.6","9.47","0.84","0.71","0.52","0.87","0.46","0.92","12.51","0.92","2.87","2.45","0.75","11.82","0.53","0.45","0.33","0.55","0.29","0.58","7.88","0.58","1.81","1.54","0.475","7.45"
"04/01/2004","0.86","0.57","0.42","0.7","0.52","0.74","10.19","0.74","2.3","1.9","0.6","9.66","1.08","0.71","0.53","0.88","0.65","0.92","12.78","0.93","2.88","2.38","0.75","12.11","0.68","0.45","0.33","0.55","0.41","0.58","8.04","0.58","1.82","1.5","0.475","7.62"
"03/01/2004","0.89","0.57","0.42","0.7","0.61","0.74","10.85","0.74","2.3","1.77","0.6","9.84","1.12","0.72","0.53","0.88","0.77","0.94","13.68","0.93","2.9","2.23","0.75","12.4","0.71","0.46","0.34","0.56","0.49","0.6","8.71","0.59","1.85","1.42","0.475","7.9"
"02/01/2004","0.96","0.57","0.42","0.7","0.6","0.74","10.93","0.74","2.3","1.62","0.6","9.7","1.21","0.72","0.53","0.88","0.76","0.94","13.82","0.94","2.91","2.05","0.75","12.26","0.79","0.47","0.35","0.58","0.49","0.6","9.01","0.61","1.9","1.34","0.5","7.99"
"01/01/2004","1.16","0.57","0.42","0.7","0.59","0.74","10.48","0.74","2.3","1.88","0.6","9.86","1.46","0.72","0.53","0.88","0.74","0.94","13.19","0.93","2.89","2.37","0.75","12.41","0.96","0.47","0.35","0.58","0.49","0.62","8.66","0.61","1.9","1.55","0.5","8.15"
"12/01/2003","0.91","0.57","0.42","0.7","0.56","0.74","10.45","0.74","2.4","1.91","0.6","9.87","1.15","0.72","0.53","0.88","0.71","0.94","13.17","0.93","3.03","2.41","0.75","12.44","0.74","0.46","0.34","0.57","0.45","0.6","8.49","0.6","1.95","1.55","0.475","8.02"
"11/01/2003","0.88","0.57","0.42","0.7","0.57","0.74","10.06","0.74","2.4","1.93","0.6","9.44","1.11","0.72","0.53","0.89","0.72","0.94","12.73","0.94","3.04","2.44","0.75","11.94","0.7","0.45","0.33","0.55","0.45","0.58","7.95","0.58","1.9","1.53","0.475","7.46"
"10/01/2003","0.44","0.57","0.42","0.7","0.6","0.74","9.96","0.74","2.4","2.6","0.6","9.36","0.56","0.72","0.53","0.89","0.76","0.94","12.65","0.94","3.05","3.3","0.75","11.88","0.35","0.45","0.33","0.55","0.47","0.58","7.86","0.58","1.89","2.05","0.475","7.39"
"09/01/2003","0.44","0.57","0.42","0.7","0.64","0.74","9.93","0.74","2.4","2.3","0.6","9.12","0.56","0.73","0.54","0.89","0.82","0.94","12.69","0.95","3.07","2.94","0.775","11.65","0.34","0.44","0.32","0.54","0.49","0.58","7.67","0.57","1.85","1.78","0.475","7.04"
"08/01/2003","0.38","0.57","0.42","0.7","0.58","0.74","9.44","0.74","2.4","1.98","0.6","8.59","0.49","0.74","0.54","0.9","0.75","0.96","12.2","0.96","3.1","2.56","0.775","11.1","0.29","0.44","0.32","0.54","0.45","0.56","7.27","0.57","1.85","1.52","0.44999999999999996","6.61"
"07/01/2003","0.3","0.57","0.39","0.7","0.5","0.7","8.94","0.74","2.4","1.89","0.55","8.54","0.39","0.74","0.51","0.91","0.65","0.92","11.65","0.96","3.13","2.46","0.725","11.13","0.23","0.44","0.3","0.54","0.39","0.54","6.96","0.58","1.87","1.47","0.42500000000000004","6.64"
"06/01/2003","0.56","0.57","0.39","0.7","0.48","0.7","8.96","0.7","2.4","1.87","0.55","8.62","0.73","0.75","0.51","0.92","0.63","0.92","11.72","0.92","3.14","2.45","0.725","11.27","0.44","0.45","0.31","0.55","0.38","0.56","7.1","0.55","1.9","1.48","0.42500000000000004","6.83"
"05/01/2003","1","0.57","0.39","0.7","0.48","0.7","8.89","0.7","2.4","1.9","0.55","8.63","1.31","0.75","0.51","0.92","0.63","0.92","11.64","0.92","3.14","2.49","0.725","11.3","0.79","0.45","0.31","0.55","0.38","0.56","7","0.55","1.89","1.5","0.42500000000000004","6.79"
"04/01/2003","","0.57","0.39","0.7","0.52","0.7","8.98","0.7","2.4","1.81","0.55","8.52","","0.75","0.51","0.92","0.68","0.92","11.8","0.92","3.15","2.38","0.725","11.2","","0.43","0.29","0.53","0.39","0.52","6.79","0.53","1.81","1.37","0.42500000000000004","6.44"
"03/01/2003","","0.57","0.39","0.7","0.47","0.7","9.2","0.7","2.4","1.64","0.55","8.58","","0.75","0.51","0.92","0.62","0.92","12.12","0.92","3.16","2.16","0.725","11.31","","0.43","0.3","0.53","0.36","0.54","6.98","0.53","1.82","1.24","0.42500000000000004","6.51"
"02/01/2003","","0.57","0.39","0.7","0.48","0.7","9.11","0.7","2.4","1.56","0.55","8.49","","0.75","0.51","0.92","0.63","0.92","12","0.92","3.16","2.06","0.725","11.19","","0.43","0.3","0.53","0.36","0.54","6.92","0.53","1.82","1.18","0.42500000000000004","6.45"
"01/01/2003","","0.57","0.39","0.7","0.41","0.7","9.12","0.7","2.4","1.65","0.55","8.58","","0.75","0.51","0.92","0.54","0.92","12.02","0.92","3.16","2.17","0.725","11.31","","0.43","0.29","0.53","0.31","0.52","6.87","0.53","1.81","1.24","0.42500000000000004","6.46"
"12/01/2002","","0.57","0.39","0.7","0.35","0.7","8.98","0.7","2.4","1.84","0.55","8.54","","0.75","0.51","0.92","0.46","0.92","11.82","0.92","3.16","2.42","0.725","11.24","","0.42","0.29","0.51","0.26","0.52","6.6","0.51","1.77","1.35","0.4","6.28"
"11/01/2002","","0.57","0.39","0.7","0.41","0.7","9.11","0.7","2.4","1.95","0.55","8.58","","0.75","0.51","0.92","0.54","0.92","12.02","0.92","3.17","2.57","0.725","11.32","","0.41","0.28","0.51","0.3","0.5","6.63","0.51","1.75","1.42","0.4","6.24"
"10/01/2002","0.53","0.57","0.39","0.7","0.51","0.7","9.18","0.7","2.4","1.9","0.55","8.52","0.7","0.75","0.52","0.93","0.67","0.92","12.13","0.93","3.17","2.51","0.725","11.26","0.38","0.41","0.28","0.5","0.37","0.5","6.62","0.5","1.73","1.37","0.4","6.14"
"09/01/2002","0.34","0.57","0.39","0.7","0.5","0.7","8.82","0.7","2.4","1.9","0.55","8.34","0.45","0.76","0.52","0.93","0.66","0.92","11.71","0.93","3.19","2.52","0.725","11.07","0.25","0.41","0.28","0.5","0.36","0.5","6.36","0.5","1.73","1.37","0.4","6.01"
"08/01/2002","0.29","0.57","0.39","0.7","0.45","0.7","8.68","0.7","2.4","1.84","0.55","7.99","0.39","0.76","0.52","0.93","0.6","0.94","11.58","0.93","3.2","2.45","0.725","10.66","0.21","0.41","0.28","0.51","0.32","0.5","6.26","0.51","1.73","1.33","0.4","5.77"
"07/01/2002","0.32","0.57","0.36","0.7","0.42","0.68","8.5","0.66","2.4","1.54","0.55","8.28","0.43","0.76","0.48","0.94","0.56","0.9","11.37","0.88","3.21","2.06","0.725","11.08","0.23","0.42","0.26","0.51","0.31","0.5","6.2","0.48","1.75","1.12","0.4","6.04"
"06/01/2002","0.43","0.57","0.36","0.7","0.35","0.68","8.45","0.66","2.4","1.56","0.55","8.36","0.58","0.76","0.48","0.94","0.47","0.92","11.32","0.88","3.21","2.09","0.725","11.2","0.3","0.4","0.25","0.5","0.25","0.48","5.98","0.47","1.7","1.1","0.4","5.91"
"05/01/2002","","0.57","0.36","0.7","0.39","0.68","8.8","0.66","2.4","1.87","0.55","8.47","","0.76","0.48","0.93","0.52","0.9","11.75","0.88","3.21","2.5","0.725","11.31","","0.39","0.25","0.48","0.27","0.46","6.06","0.45","1.65","1.29","0.375","5.83"
"04/01/2002","","0.57","0.36","0.7","0.5","0.68","8.92","0.66","2.4","1.9","0.55","7.47","","0.76","0.48","0.93","0.67","0.9","11.9","0.88","3.2","2.53","0.725","9.97","","0.38","0.24","0.47","0.34","0.46","6.01","0.44","1.62","1.28","0.375","5.03"
"03/01/2002","","0.57","0.36","0.7","0.6","0.68","8.99","0.66","2.4","1.79","0.55","8.47","","0.76","0.48","0.94","0.8","0.9","12.02","0.88","3.21","2.39","0.725","11.32","","0.38","0.24","0.47","0.4","0.46","6.03","0.44","1.61","1.2","0.375","5.69"
"02/01/2002","","0.57","0.36","0.7","0.59","0.68","8.89","0.66","2.4","1.9","0.55","8.56","","0.76","0.48","0.93","0.79","0.9","11.85","0.88","3.2","2.53","0.725","11.41","","0.38","0.24","0.47","0.4","0.46","5.98","0.44","1.62","1.28","0.375","5.76"
"01/01/2002","","0.57","0.36","0.7","0.56","0.68","9.03","0.66","2.4","1.9","0.55","8.61","","0.76","0.48","0.93","0.75","0.9","12.06","0.88","3.21","2.54","0.725","11.5","","0.39","0.24","0.48","0.38","0.46","6.14","0.45","1.63","1.29","0.375","5.86"
"12/01/2001","","0.57","0.36","0.7","0.62","0.68","9.17","0.66","2.4","1.9","0.55","8.6","","0.76","0.48","0.94","0.83","0.9","12.27","0.88","3.21","2.54","0.725","11.51","","0.39","0.25","0.48","0.42","0.46","6.28","0.45","1.64","1.3","0.375","5.89"
"11/01/2001","","0.57","0.36","0.7","0.73","0.68","9.01","0.66","2.4","1.9","0.55","8.14","","0.77","0.48","0.94","0.98","0.92","12.11","0.89","3.23","2.55","0.75","10.94","","0.39","0.25","0.48","0.5","0.46","6.18","0.45","1.65","1.3","0.375","5.58"
"10/01/2001","0.41","0.57","0.36","0.7","0.57","0.68","8.42","0.66","2.4","1.9","0.55","7.5","0.55","0.77","0.49","0.95","0.77","0.92","11.38","0.89","3.24","2.57","0.75","10.13","0.28","0.4","0.25","0.49","0.4","0.48","5.85","0.46","1.67","1.32","0.375","5.21"
"09/01/2001","0.33","0.57","0.36","0.7","0.49","0.68","8.43","0.66","2.4","1.9","0.55","7.49","0.45","0.77","0.49","0.95","0.66","0.92","11.42","0.89","3.25","2.57","0.75","10.15","0.23","0.4","0.25","0.49","0.34","0.48","5.89","0.46","1.68","1.33","0.375","5.23"
"08/01/2001","0.29","0.57","0.36","0.7","0.47","0.68","8.44","0.66","2.4","1.89","0.55","7.5","0.39","0.77","0.49","0.95","0.64","0.92","11.47","0.9","3.26","2.57","0.75","10.19","0.2","0.4","0.25","0.49","0.33","0.48","5.86","0.46","1.67","1.31","0.375","5.21"
"07/01/2001","0.28","0.57","0.36","0.7","0.43","0.68","8.44","0.66","2.4","1.87","0.55","7.4","0.38","0.78","0.49","0.96","0.59","0.92","11.52","0.9","3.28","2.55","0.75","10.1","0.19","0.38","0.24","0.47","0.29","0.46","5.68","0.44","1.62","1.26","0.375","4.98"
"06/01/2001","0.54","0.57","0.33","0.7","0.37","0.64","8.4","0.62","2.4","1.89","0.5","7.46","0.74","0.78","0.45","0.96","0.51","0.88","11.55","0.85","3.3","2.6","0.675","10.26","0.36","0.38","0.22","0.47","0.25","0.42","5.62","0.41","1.61","1.26","0.325","4.99"
"05/01/2001","","0.57","0.33","0.7","0.39","0.64","8.32","0.62","2.4","1.9","0.5","7.44","","0.79","0.46","0.97","0.54","0.88","11.48","0.86","3.31","2.62","0.7000000000000001","10.27","","0.39","0.23","0.48","0.27","0.44","5.71","0.43","1.65","1.3","0.35000000000000003","5.1"
"04/01/2001","","0.57","0.33","0.7","0.45","0.64","8.32","0.62","2.4","1.87","0.5","7.45","","0.79","0.46","0.97","0.62","0.88","11.51","0.86","3.32","2.59","0.7000000000000001","10.3","","0.4","0.23","0.49","0.31","0.44","5.82","0.43","1.68","1.31","0.35000000000000003","5.21"
"03/01/2001","","0.57","0.33","0.7","0.34","0.64","8.49","0.62","2.4","1.83","0.5","7.48","","0.79","0.46","0.97","0.47","0.88","11.78","0.86","3.33","2.54","0.7000000000000001","10.38","","0.41","0.23","0.5","0.24","0.46","6.04","0.44","1.71","1.3","0.35000000000000003","5.32"
"02/01/2001","","0.57","0.33","0.7","0.34","0.64","9.35","0.62","2.4","1.9","0.5","7.8","","0.79","0.46","0.97","0.47","0.88","12.93","0.86","3.32","2.63","0.7000000000000001","10.79","","0.41","0.24","0.5","0.24","0.46","6.73","0.45","1.73","1.37","0.35000000000000003","5.61"
"01/01/2001","","0.57","0.33","0.7","0.35","0.64","8.69","0.62","2.4","1.9","0.5","7.71","","0.79","0.46","0.97","0.49","0.88","12.04","0.86","3.33","2.63","0.7000000000000001","10.69","","0.41","0.24","0.51","0.25","0.46","6.32","0.45","1.75","1.38","0.375","5.61"
"12/01/2000","","0.57","0.33","0.7","0.37","0.64","8.48","0.62","2.4","1.9","0.5","7.86","","0.79","0.45","0.97","0.51","0.88","11.69","0.85","3.31","2.62","0.7000000000000001","10.84","","0.4","0.23","0.49","0.26","0.44","5.94","0.43","1.68","1.33","0.35000000000000003","5.51"
"11/01/2000","","0.57","0.33","0.7","0.44","0.64","8.42","0.62","2.4","1.88","0.5","8.2","","0.79","0.46","0.97","0.61","0.88","11.65","0.86","3.32","2.6","0.7000000000000001","11.34","","0.39","0.22","0.48","0.3","0.44","5.74","0.42","1.64","1.28","0.35000000000000003","5.59"
"10/01/2000","0.4","0.57","0.33","0.7","0.47","0.64","8.36","0.62","2.45","1.8","0.5","8.2","0.55","0.79","0.46","0.97","0.65","0.88","11.58","0.86","3.4","2.49","0.7000000000000001","11.36","0.27","0.39","0.23","0.48","0.32","0.44","5.72","0.42","1.68","1.23","0.35000000000000003","5.61"
"09/01/2000","0.32","0.57","0.33","0.7","0.42","0.64","8.38","0.62","2.25","1.8","0.5","8.18","0.44","0.79","0.46","0.97","0.58","0.88","11.63","0.86","3.12","2.5","0.7000000000000001","11.35","0.22","0.4","0.23","0.49","0.29","0.44","5.83","0.43","1.56","1.25","0.35000000000000003","5.69"
"08/01/2000","0.28","0.57","0.33","0.7","0.4","0.64","8.23","0.62","1.95","1.84","0.5","7.89","0.39","0.79","0.46","0.97","0.56","0.9","11.45","0.86","2.71","2.56","0.7000000000000001","10.98","0.2","0.41","0.24","0.5","0.29","0.46","5.89","0.44","1.4","1.32","0.35000000000000003","5.65"
"07/01/2000","0.26","0.57","0.33","0.7","0.38","0.64","8.08","0.62","1.95","1.87","0.5","7.5","0.36","0.79","0.46","0.98","0.53","0.9","11.27","0.86","2.72","2.61","0.7000000000000001","10.46","0.19","0.42","0.24","0.52","0.28","0.48","5.96","0.46","1.44","1.38","0.375","5.54"
"06/01/2000","0.36","0.57","0.33","0.7","0.37","0.64","7.84","0.62","1.95","1.88","0.5","7.53","0.5","0.8","0.46","0.98","0.52","0.9","10.96","0.87","2.73","2.63","0.7000000000000001","10.53","0.27","0.42","0.25","0.52","0.27","0.48","5.82","0.46","1.45","1.4","0.375","5.59"
"05/01/2000","","0.57","0.33","0.7","0.36","0.64","8.08","0.62","1.95","1.88","0.5","7.56","","0.8","0.46","0.98","0.51","0.9","11.33","0.87","2.74","2.64","0.7000000000000001","10.61","","0.41","0.24","0.5","0.26","0.46","5.79","0.44","1.4","1.35","0.35000000000000003","5.42"
"04/01/2000","","0.57","0.33","0.7","0.57","0.64","8.4","0.62","1.95","1.88","0.5","7.56","","0.8","0.46","0.98","0.8","0.9","11.79","0.87","2.74","2.64","0.7000000000000001","10.61","","0.43","0.25","0.53","0.43","0.48","6.32","0.47","1.47","1.41","0.375","5.69"
"03/01/2000","","0.57","0.33","0.7","0.61","0.64","8.65","0.62","1.95","1.9","0.5","7.53","","0.8","0.46","0.98","0.86","0.9","12.13","0.87","2.73","2.66","0.7000000000000001","10.56","","0.44","0.25","0.54","0.47","0.5","6.63","0.47","1.49","1.46","0.375","5.77"
"02/01/2000","","0.57","0.33","0.7","0.6","0.64","8.7","0.62","1.95","1.9","0.5","7.67","","0.8","0.46","0.98","0.84","0.9","12.17","0.87","2.73","2.66","0.7000000000000001","10.73","","0.44","0.26","0.55","0.47","0.5","6.78","0.48","1.52","1.48","0.4","5.98"
"01/01/2000","","0.57","0.33","0.7","0.61","0.64","8.24","0.62","1.95","1.9","0.5","7.62","","0.8","0.46","0.98","0.86","0.9","11.57","0.87","2.74","2.67","0.7000000000000001","10.7","","0.46","0.26","0.56","0.49","0.52","6.62","0.5","1.57","1.53","0.4","6.12"
"12/01/1999","","0.57","0.33","0.7","0.68","0.64","8.01","0.62","1.92","1.9","0.5","7.6","","","","","","","","","","","","","","","","","","","","","","","",""
"11/01/1999","0.77","0.57","0.33","0.7","0.55","0.64","8.05","0.62","1.88","1.9","0.5","7.6","","","","","","","","","","","","","","","","","","","","","","","",""
"10/01/1999","0.77","0.57","0.33","0.7","0.55","0.64","8.05","0.62","1.75","1.9","0.5","7.6","","","","","","","","","","","","","","","","","","","","","","","",""
"09/01/1999","0.34","0.57","0.33","0.7","0.46","0.64","8","0.62","1.75","1.9","0.5","7.6","","","","","","","","","","","","","","","","","","","","","","","",""
"08/01/1999","0.29","0.57","0.33","0.7","0.41","0.64","8","0.62","1.75","1.81","0.5","7.62","","","","","","","","","","","","","","","","","","","","","","","",""
"07/01/1999","0.26","0.57","0.32","0.7","0.36","0.62","7.98","0.6","1.75","1.76","0.475","7.66","","","","","","","","","","","","","","","","","","","","","","","",""
"06/01/1999","0.99","0.57","0.32","0.7","0.37","0.62","7.67","0.6","1.75","1.79","0.475","7.66","","","","","","","","","","","","","","","","","","","","","","","",""
"05/01/1999","0.78","0.57","0.32","0.7","0.37","0.62","7.4","0.6","1.75","1.76","0.475","7.65","","","","","","","","","","","","","","","","","","","","","","","",""
"04/01/1999","","0.57","0.32","0.7","0.39","0.62","8","0.6","1.75","1.74","0.475","7.66","","","","","","","","","","","","","","","","","","","","","","","",""
"03/01/1999","","0.57","0.32","0.7","0.39","0.62","8.08","0.6","1.75","1.82","0.475","7.71","","","","","","","","","","","","","","","","","","","","","","","",""
"02/01/1999","","0.57","0.32","0.7","0.41","0.62","8.01","0.6","1.75","1.72","0.475","7.65","","","","","","","","","","","","","","","","","","","","","","","",""
"01/01/1999","","0.57","0.32","0.7","0.42","0.62","8","0.6","1.75","1.71","0.475","7.65","","","","","","","","","","","","","","","","","","","","","","","",""
"12/01/1998","","0.57","0.32","0.7","0.41","0.62","7.72","0.6","1.75","1.77","0.475","7.65","","","","","","","","","","","","","","","","","","","","","","","",""
"11/01/1998","","0.57","0.32","0.7","0.48","0.62","7.5","0.6","1.75","1.88","0.475","7.6","","","","","","","","","","","","","","","","","","","","","","","",""
"10/01/1998","0.35","0.57","0.32","0.7","0.53","0.62","7.42","0.6","1.75","1.9","0.475","7.52","","","","","","","","","","","","","","","","","","","","","","","",""
"09/01/1998","0.4","0.57","0.32","0.7","0.48","0.62","7.45","0.6","1.45","1.91","0.475","7.61","","","","","","","","","","","","","","","","","","","","","","","",""
"08/01/1998","0.38","0.57","0.32","0.7","0.48","0.62","7.49","0.6","1.45","1.91","0.475","7.4","","","","","","","","","","","","","","","","","","","","","","","",""
"07/01/1998","0.3","0.57","0.28","0.7","0.42","0.58","7.39","0.56","1.45","1.94","0.42500000000000004","7.54","","","","","","","","","","","","","","","","","","","","","","","",""
"06/01/1998","0.46","0.57","0.28","0.7","0.41","0.58","6.96","0.56","1.45","1.88","0.42500000000000004","7.47","","","","","","","","","","","","","","","","","","","","","","","",""
"05/01/1998","0.74","0.57","0.28","0.7","0.46","0.58","7.04","0.56","1.45","1.84","0.42500000000000004","7.49","","","","","","","","","","","","","","","","","","","","","","","",""
"04/01/1998","0.56","0.57","0.28","0.7","0.58","0.58","7.41","0.56","1.45","1.88","0.42500000000000004","7.48","","","","","","","","","","","","","","","","","","","","","","","",""
"03/01/1998","0.49","0.57","0.28","0.7","0.49","0.58","7.58","0.56","1.45","1.84","0.42500000000000004","7.32","","","","","","","","","","","","","","","","","","","","","","","",""
"02/01/1998","0.67","0.57","0.28","0.7","0.48","0.58","7.52","0.56","1.45","1.86","0.42500000000000004","7.31","","","","","","","","","","","","","","","","","","","","","","","",""
"01/01/1998","0.98","0.57","0.28","0.7","0.47","0.58","7.5","0.56","1.45","1.9","0.42500000000000004","7.27","","","","","","","","","","","","","","","","","","","","","","","",""
"12/01/1997","","0.57","0.28","0.7","0.39","0.58","7.47","0.56","1.45","1.9","0.42500000000000004","7.26","","","","","","","","","","","","","","","","","","","","","","","",""
"11/01/1997","","0.57","0.28","0.7","0.42","0.58","7.29","0.56","1.45","2.01","0.42500000000000004","7.27","","","","","","","","","","","","","","","","","","","","","","","",""
"10/01/1997","0.45","0.57","0.28","0.7","0.48","0.58","7.28","0.56","1.45","2.02","0.42500000000000004","7.3","","","","","","","","","","","","","","","","","","","","","","","",""
"09/01/1997","0.43","0.57","0.28","0.7","0.47","0.58","7.06","0.56","1.45","2.08","0.42500000000000004","6.9","","","","","","","","","","","","","","","","","","","","","","","",""
"08/01/1997","0.31","0.57","0.28","0.7","0.44","0.52","6.98","0.56","1.45","2.09","0.42500000000000004","6.83","","","","","","","","","","","","","","","","","","","","","","","",""
"07/01/1997","0.26","0.57","0.28","0.7","0.42","0.52","7","0.56","1.45","2.07","0.42500000000000004","6.83","","","","","","","","","","","","","","","","","","","","","","","",""
"06/01/1997","0.69","0.57","0.26","0.7","0.37","0.52","6.97","0.52","1.65","1.91","0.375","6.8","","","","","","","","","","","","","","","","","","","","","","","",""
"05/01/1997","0.57","0.57","0.26","0.7","0.38","0.52","7.04","0.52","1.65","1.86","0.375","6.75","","","","","","","","","","","","","","","","","","","","","","","",""
"04/01/1997","0.6","0.57","0.26","0.7","0.47","0.52","7.02","0.52","2.3","1.96","0.375","6.52","","","","","","","","","","","","","","","","","","","","","","","",""
"03/01/1997","0.64","0.57","0.26","0.7","0.44","0.52","7.09","0.52","2.3","1.92","0.375","6.5","","","","","","","","","","","","","","","","","","","","","","","",""
"02/01/1997","0.65","0.57","0.26","0.7","0.47","0.52","7.13","0.52","2.3","1.9","0.375","6.5","","","","","","","","","","","","","","","","","","","","","","","",""
"01/01/1997","0.64","0.57","0.26","0.7","0.44","0.52","6.8","0.52","2.3","1.9","0.375","6.5","","","","","","","","","","","","","","","","","","","","","","","",""
"12/01/1996","","0.57","0.26","0.7","0.43","0.52","6.8","0.52","2.3","1.89","0.375","6.49","","","","","","","","","","","","","","","","","","","","","","","",""
"11/01/1996","","0.57","0.26","0.7","0.46","0.52","6.79","0.52","2","1.92","0.375","6.42","","","","","","","","","","","","","","","","","","","","","","","",""
"10/01/1996","0.51","0.57","0.26","0.7","0.48","0.52","6.81","0.52","2.4","1.92","0.375","6.22","","","","","","","","","","","","","","","","","","","","","","","",""
"09/01/1996","0.28","0.57","0.26","0.7","0.48","0.52","6.78","0.52","2.4","1.91","0.375","6.25","","","","","","","","","","","","","","","","","","","","","","","",""
"08/01/1996","0.22","0.57","0.24","0.7","0.48","0.48","6.76","0.48","2.4","1.91","0.375","6.37","","","","","","","","","","","","","","","","","","","","","","","",""
"07/01/1996","0.26","0.57","0.24","0.65","0.41","0.48","6.73","0.48","2.4","1.84","0.375","6.36","","","","","","","","","","","","","","","","","","","","","","","",""
"06/01/1996","0.48","0.57","0.24","0.65","0.42","0.48","6.53","0.48","2.4","1.7","0.375","6.2","","","","","","","","","","","","","","","","","","","","","","","",""
"05/01/1996","0.85","0.57","0.24","0.65","0.44","0.48","6.7","0.48","2.4","1.74","0.375","6.86","","","","","","","","","","","","","","","","","","","","","","","",""
"04/01/1996","0.89","0.57","0.24","0.65","0.41","0.48","6.72","0.48","2.4","1.89","0.375","6.13","","","","","","","","","","","","","","","","","","","","","","","",""
"03/01/1996","0.87","0.57","0.24","0.65","0.39","0.48","6.94","0.48","2.4","1.9","0.375","6.11","","","","","","","","","","","","","","","","","","","","","","","",""
"02/01/1996","0.71","0.57","0.24","0.65","0.24","0.48","6.81","0.48","2.4","1.9","0.375","6.01","","","","","","","","","","","","","","","","","","","","","","","",""
"01/01/1996","0.42","0.57","0.24","0.65","0.36","0.48","6.66","0.48","2.4","1.91","0.375","5.99","","","","","","","","","","","","","","","","","","","","","","","",""
"12/01/1995","","0.57","0.24","0.65","0.37","0.48","6.6","0.48","2.4","1.89","0.375","6.05","","","","","","","","","","","","","","","","","","","","","","","",""
"11/01/1995","","0.57","0.24","0.65","0.44","0.48","6.58","0.48","2.4","1.91","0.375","6.06","","","","","","","","","","","","","","","","","","","","","","","",""
"10/01/1995","0.43","0.57","0.24","0.65","0.49","0.48","6.57","0.48","2.4","1.81","0.375","6.09","","","","","","","","","","","","","","","","","","","","","","","",""
"09/01/1995","0.36","0.57","0.24","0.65","0.47","0.48","6.54","0.48","2.4","1.79","0.375","6.17","","","","","","","","","","","","","","","","","","","","","","","",""
"08/01/1995","0.29","0.57","0.24","0.65","0.46","0.48","6.24","0.48","2.4","1.8","0.375","6.14","","","","","","","","","","","","","","","","","","","","","","","",""
"07/01/1995","0.29","0.57","0.24","0.65","0.45","0.48","5.85","0.48","2.4","1.7","0.375","6.06","","","","","","","","","","","","","","","","","","","","","","","",""
"06/01/1995","0.52","0.52","0.24","0.65","0.44","0.48","5.63","0.48","2","1.57","0.375","6.15","","","","","","","","","","","","","","","","","","","","","","","",""
"05/01/1995","0.57","0.52","0.24","0.65","0.45","0.48","6.33","0.48","2.45","1.69","0.375","6.14","","","","","","","","","","","","","","","","","","","","","","","",""
"04/01/1995","","0.52","0.24","0.65","0.54","0.48","6.7","0.48","2.45","1.81","0.375","6.08","","","","","","","","","","","","","","","","","","","","","","","",""
"03/01/1995","","0.52","0.24","0.65","0.51","0.48","6.89","0.48","2.45","1.8","0.375","6.04","","","","","","","","","","","","","","","","","","","","","","","",""
"02/01/1995","","0.52","0.24","0.65","0.42","0.48","6.8","0.48","2.45","1.8","0.375","5.83","","","","","","","","","","","","","","","","","","","","","","","",""
"01/01/1995","","0.52","0.24","0.65","0.42","0.48","6.59","0.48","2.3","1.91","0.375","6.04","","","","","","","","","","","","","","","","","","","","","","","",""
"12/01/1994","","0.52","0.24","0.65","0.35","0.48","5.85","0.48","1.05","1.76","0.375","5.8","","","","","","","","","","","","","","","","","","","","","","","",""
"11/01/1994","","0.52","0.24","0.65","0.46","0.48","6.33","0.48","2.2","1.82","0.375","5.97","","","","","","","","","","","","","","","","","","","","","","","",""
"10/01/1994","0.54","0.52","0.24","0.65","0.69","0.48","6.25","0.48","2.2","1.74","0.375","5.97","","","","","","","","","","","","","","","","","","","","","","","",""
"09/01/1994","0.36","0.52","0.24","0.63","0.43","0.48","5.99","0.48","2.05","1.85","0.375","5.99","","","","","","","","","","","","","","","","","","","","","","","",""
"08/01/1994","0.26","0.52","0.24","0.63","0.42","0.48","5.53","0.48","1.5","1.64","0.375","5.96","","","","","","","","","","","","","","","","","","","","","","","",""
"07/01/1994","0.27","0.52","0.24","0.63","0.42","0.48","5.59","0.48","1.75","1.89","0.375","6","","","","","","","","","","","","","","","","","","","","","","","",""
"06/01/1994","0.53","0.52","0.22","0.63","0.4","0.48","5.84","0.46","1.5","1.48","0.35000000000000003","5.9","","","","","","","","","","","","","","","","","","","","","","","",""
"05/01/1994","0.56","0.52","0.22","0.63","0.41","0.48","6.05","0.46","1.3","1.71","0.35000000000000003","5.81","","","","","","","","","","","","","","","","","","","","","","","",""
"04/01/1994","0.53","0.49","0.22","0.63","0.41","0.48","6.38","0.46","1.3","1.78","0.35000000000000003","5.85","","","","","","","","","","","","","","","","","","","","","","","",""
"03/01/1994","0.5","0.46","0.22","0.63","0.34","0.48","5.96","0.46","1.3","1.75","0.35000000000000003","5.79","","","","","","","","","","","","","","","","","","","","","","","",""
"02/01/1994","0.5","0.46","0.22","0.63","0.34","0.48","5.96","0.46","1.3","1.75","0.35000000000000003","5.79","","","","","","","","","","","","","","","","","","","","","","","",""
"01/01/1994","0.5","0.46","0.22","0.63","0.34","0.48","5.96","0.46","1.3","1.75","0.35000000000000003","5.79","","","","","","","","","","","","","","","","","","","","","","","",""