Date,"Bangladesh, RETAIL, Dhaka, Wheat (flour), BDT/Kg","Bangladesh, RETAIL, National Average, Wheat (flour), BDT/Kg","Bangladesh, WHOLESALE, Dhaka, Wheat (flour), BDT/Kg","Bangladesh, RETAIL, Dhaka, Wheat (flour), BDT-real/Kg","Bangladesh, RETAIL, National Average, Wheat (flour), BDT-real/Kg","Bangladesh, WHOLESALE, Dhaka, Wheat (flour), BDT-real/Kg","Bangladesh, RETAIL, Dhaka, Wheat (flour), USD/Kg","Bangladesh, RETAIL, National Average, Wheat (flour), USD/Kg","Bangladesh, WHOLESALE, Dhaka, Wheat (flour), USD/Kg","Egypt, RETAIL, National Average, Wheat (flour), EGP/Kg","Egypt, RETAIL, National Average, Wheat (flour), EGP-real/Kg","Egypt, RETAIL, National Average, Wheat (flour), USD/Kg","Indonesia, RETAIL, National Average, Wheat (flour), IDR/Kg","Indonesia, RETAIL, National Average, Wheat (flour), IDR-real/Kg","Indonesia, RETAIL, National Average, Wheat (flour), USD/Kg","Libyan Arab Jamahiriya, RETAIL, Tripoli center, Wheat (flour), LYD/Kg","Libyan Arab Jamahiriya, RETAIL, Sebha, Wheat (flour), LYD/Kg","Libyan Arab Jamahiriya, RETAIL, National Average, Wheat (flour), LYD/Kg","Libyan Arab Jamahiriya, RETAIL, Murzuq, Wheat (flour), LYD/Kg","Libyan Arab Jamahiriya, RETAIL, Misrata, Wheat (flour), LYD/Kg","Libyan Arab Jamahiriya, RETAIL, Benghazi, Wheat (flour), LYD/Kg","Libyan Arab Jamahiriya, RETAIL, Alkufra, Wheat (flour), LYD/Kg","Libyan Arab Jamahiriya, RETAIL, Algatroun, Wheat (flour), LYD/Kg","Libyan Arab Jamahiriya, RETAIL, Tripoli center, Wheat (flour), LYD-real/Kg","Libyan Arab Jamahiriya, RETAIL, Sebha, Wheat (flour), LYD-real/Kg","Libyan Arab Jamahiriya, RETAIL, National Average, Wheat (flour), LYD-real/Kg","Libyan Arab Jamahiriya, RETAIL, Murzuq, Wheat (flour), LYD-real/Kg","Libyan Arab Jamahiriya, RETAIL, Misrata, Wheat (flour), LYD-real/Kg","Libyan Arab Jamahiriya, RETAIL, Benghazi, Wheat (flour), LYD-real/Kg","Libyan Arab Jamahiriya, RETAIL, Alkufra, Wheat (flour), LYD-real/Kg","Libyan Arab Jamahiriya, RETAIL, Algatroun, Wheat (flour), LYD-real/Kg","Libyan Arab Jamahiriya, RETAIL, Tripoli center, Wheat (flour), USD/Kg","Libyan Arab Jamahiriya, RETAIL, Sebha, Wheat (flour), USD/Kg","Libyan Arab Jamahiriya, RETAIL, National Average, Wheat (flour), USD/Kg","Libyan Arab Jamahiriya, RETAIL, Murzuq, Wheat (flour), USD/Kg","Libyan Arab Jamahiriya, RETAIL, Misrata, Wheat (flour), USD/Kg","Libyan Arab Jamahiriya, RETAIL, Benghazi, Wheat (flour), USD/Kg","Libyan Arab Jamahiriya, RETAIL, Alkufra, Wheat (flour), USD/Kg","Libyan Arab Jamahiriya, RETAIL, Algatroun, Wheat (flour), USD/Kg","Pakistan, RETAIL, Quetta, Wheat (flour), PKR/Kg","Pakistan, RETAIL, Peshawar, Wheat (flour), PKR/Kg","Pakistan, RETAIL, Multan, Wheat (flour), PKR/Kg","Pakistan, RETAIL, Lahore, Wheat (flour), PKR/Kg","Pakistan, RETAIL, Karachi, Wheat (flour), PKR/Kg","Pakistan, RETAIL, Quetta, Wheat (flour), PKR-real/Kg","Pakistan, RETAIL, Peshawar, Wheat (flour), PKR-real/Kg","Pakistan, RETAIL, Multan, Wheat (flour), PKR-real/Kg","Pakistan, RETAIL, Lahore, Wheat (flour), PKR-real/Kg","Pakistan, RETAIL, Karachi, Wheat (flour), PKR-real/Kg","Pakistan, RETAIL, Quetta, Wheat (flour), USD/Kg","Pakistan, RETAIL, Peshawar, Wheat (flour), USD/Kg","Pakistan, RETAIL, Multan, Wheat (flour), USD/Kg","Pakistan, RETAIL, Lahore, Wheat (flour), USD/Kg","Pakistan, RETAIL, Karachi, Wheat (flour), USD/Kg"
1998-07-01,,,,,,,,,,,,,,,,,,,,,,,,,,,,,,,,,,,,,,,,,,,,,,,,,,,,,,
1998-08-01,,,,,,,,,,,,,,,,,,,,,,,,,,,,,,,,,,,,,,,,,,,,,,,,,,,,,,
1998-09-01,,,,,,,,,,,,,,,,,,,,,,,,,,,,,,,,,,,,,,,,,,,,,,,,,,,,,,
1998-10-01,,,,,,,,,,,,,,,,,,,,,,,,,,,,,,,,,,,,,,,,,,,,,,,,,,,,,,
1998-11-01,,,,,,,,,,,,,,,,,,,,,,,,,,,,,,,,,,,,,,,,,,,,,,,,,,,,,,
1998-12-01,,,,,,,,,,,,,,,,,,,,,,,,,,,,,,,,,,,,,,,,,,,,,,,,,,,,,,
1999-01-01,,,,,,,,,,,,,,,,,,,,,,,,,,,,,,,,,,,,,,,,,,,,,,,,,,,,,,
1999-02-01,,,,,,,,,,,,,,,,,,,,,,,,,,,,,,,,,,,,,,,,,,,,,,,,,,,,,,
1999-03-01,,,,,,,,,,,,,,,,,,,,,,,,,,,,,,,,,,,,,,,,,,,,,,,,,,,,,,
1999-04-01,,,,,,,,,,,,,,,,,,,,,,,,,,,,,,,,,,,,,,,,,,,,,,,,,,,,,,
1999-05-01,,,,,,,,,,,,,,,,,,,,,,,,,,,,,,,,,,,,,,,,,,,,,,,,,,,,,,
1999-06-01,,,,,,,,,,,,,,,,,,,,,,,,,,,,,,,,,,,,,,,,,,,,,,,,,,,,,,
1999-07-01,,,,,,,,,,,,,,,,,,,,,,,,,,,,,,,,,,,,,,,,,,,,,,,,,,,,,,
1999-08-01,,,,,,,,,,,,,,,,,,,,,,,,,,,,,,,,,,,,,,,,,,,,,,,,,,,,,,
1999-09-01,,,,,,,,,,,,,,,,,,,,,,,,,,,,,,,,,,,,,,,,,,,,,,,,,,,,,,
1999-10-01,,,,,,,,,,,,,,,,,,,,,,,,,,,,,,,,,,,,,,,,,,,,,,,,,,,,,,
1999-11-01,,,,,,,,,,,,,,,,,,,,,,,,,,,,,,,,,,,,,,,,,,,,,,,,,,,,,,
1999-12-01,,,,,,,,,,,,,,,,,,,,,,,,,,,,,,,,,,,,,,,,,,,,,,,,,,,,,,
2000-01-01,,,,,,,,,,,,,,,,,,,,,,,,,,,,,,,,,,,,,,,,,,,,,,,,,,,,,,
2000-02-01,,,,,,,,,,,,,,,,,,,,,,,,,,,,,,,,,,,,,,,,,,,,,,,,,,,,,,
2000-03-01,,,,,,,,,,,,,,,,,,,,,,,,,,,,,,,,,,,,,,,,,,,,,,,,,,,,,,
2000-04-01,,,,,,,,,,,,,,,,,,,,,,,,,,,,,,,,,,,,,,,,,,,,,,,,,,,,,,
2000-05-01,,,,,,,,,,,,,,,,,,,,,,,,,,,,,,,,,,,,,,,,,,,,,,,,,,,,,,
2000-06-01,,,,,,,,,,,,,,,,,,,,,,,,,,,,,,,,,,,,,,,,,,,,,,,,,,,,,,
2000-07-01,,,,,,,,,,,,,,,,,,,,,,,,,,,,,,,,,,,,,,,,,,,,,,,,,,,,,,
2000-08-01,,,,,,,,,,,,,,,,,,,,,,,,,,,,,,,,,,,,,,,,,,,,,,,,,,,,,,
2000-09-01,,,,,,,,,,,,,,,,,,,,,,,,,,,,,,,,,,,,,,,,,,,,,,,,,,,,,,
2000-10-01,,,,,,,,,,,,,,,,,,,,,,,,,,,,,,,,,,,,,,,,,,,,,,,,,,,,,,
2000-11-01,,,,,,,,,,,,,,,,,,,,,,,,,,,,,,,,,,,,,,,,,,,,,,,,,,,,,,
2000-12-01,,,,,,,,,,,,,,,,,,,,,,,,,,,,,,,,,,,,,,,,,,,,,,,,,,,,,,
2001-01-01,,,,,,,,,,,,,,,,,,,,,,,,,,,,,,,,,,,,,,,,,,,,,,,,,,,,,,
2001-02-01,,,,,,,,,,,,,,,,,,,,,,,,,,,,,,,,,,,,,,,,,,,,,,,,,,,,,,
2001-03-01,,,,,,,,,,,,,,,,,,,,,,,,,,,,,,,,,,,,,,,,,,,,,,,,,,,,,,
2001-04-01,,,,,,,,,,,,,,,,,,,,,,,,,,,,,,,,,,,,,,,,,,,,,,,,,,,,,,
2001-05-01,,,,,,,,,,,,,,,,,,,,,,,,,,,,,,,,,,,,,,,,,,,,,,,,,,,,,,
2001-06-01,,,,,,,,,,,,,,,,,,,,,,,,,,,,,,,,,,,,,,,,,,,,,,,,,,,,,,
2001-07-01,,,,,,,,,,,,,,,,,,,,,,,,,,,,,,,,,,,,,,,,,,,,,,,,,,,,,,
2001-08-01,,,,,,,,,,,,,,,,,,,,,,,,,,,,,,,,,,,,,,,,,,,,,,,,,,,,,,
2001-09-01,,,,,,,,,,,,,,,,,,,,,,,,,,,,,,,,,,,,,,,,,,,,,,,,,,,,,,
2001-10-01,,,,,,,,,,,,,,,,,,,,,,,,,,,,,,,,,,,,,,,,,,,,,,,,,,,,,,
2001-11-01,,,,,,,,,,,,,,,,,,,,,,,,,,,,,,,,,,,,,,,,,,,,,,,,,,,,,,
2001-12-01,,,,,,,,,,,,,,,,,,,,,,,,,,,,,,,,,,,,,,,,,,,,,,,,,,,,,,
2002-01-01,,,,,,,,,,,,,,,,,,,,,,,,,,,,,,,,,,,,,,,,,,,,,,,,,,,,,,
2002-02-01,,,,,,,,,,,,,,,,,,,,,,,,,,,,,,,,,,,,,,,,,,,,,,,,,,,,,,
2002-03-01,,,,,,,,,,,,,,,,,,,,,,,,,,,,,,,,,,,,,,,,,,,,,,,,,,,,,,
2002-04-01,,,,,,,,,,,,,,,,,,,,,,,,,,,,,,,,,,,,,,,,,,,,,,,,,,,,,,
2002-05-01,,,,,,,,,,,,,,,,,,,,,,,,,,,,,,,,,,,,,,,,,,,,,,,,,,,,,,
2002-06-01,,,,,,,,,,,,,,,,,,,,,,,,,,,,,,,,,,,,,,,,,,,,,,,,,,,,,,
2002-07-01,,,,,,,,,,,,,,,,,,,,,,,,,,,,,,,,,,,,,,,,,,,,,,,,,,,,,,
2002-08-01,,,,,,,,,,,,,,,,,,,,,,,,,,,,,,,,,,,,,,,,,,,,,,,,,,,,,,
2002-09-01,,,,,,,,,,,,,,,,,,,,,,,,,,,,,,,,,,,,,,,,,,,,,,,,,,,,,,
2002-10-01,,,,,,,,,,,,,,,,,,,,,,,,,,,,,,,,,,,,,,,,,,,,,,,,,,,,,,
2002-11-01,,,,,,,,,,,,,,,,,,,,,,,,,,,,,,,,,,,,,,,,,,,,,,,,,,,,,,
2002-12-01,,,,,,,,,,,,,,,,,,,,,,,,,,,,,,,,,,,,,,,,,,,,,,,,,,,,,,
2003-01-01,,,,,,,,,,,,,,,,,,,,,,,,,,,,,,,,,,,,,,,,,,,,,,,,,,,,,,
2003-02-01,,,,,,,,,,,,,,,,,,,,,,,,,,,,,,,,,,,,,,,,,,,,,,,,,,,,,,
2003-03-01,,,,,,,,,,,,,,,,,,,,,,,,,,,,,,,,,,,,,,,,,,,,,,,,,,,,,,
2003-04-01,,,,,,,,,,,,,,,,,,,,,,,,,,,,,,,,,,,,,,,,,,,,,,,,,,,,,,
2003-05-01,,,,,,,,,,,,,,,,,,,,,,,,,,,,,,,,,,,,,,,,,,,,,,,,,,,,,,
2003-06-01,,,,,,,,,,,,,,,,,,,,,,,,,,,,,,,,,,,,,,,,,,,,,,,,,,,,,,
2003-07-01,,,,,,,,,,,,,,,,,,,,,,,,,,,,,,,,,,,,,,,,,,,,,,,,,,,,,,
2003-08-01,,,,,,,,,,,,,,,,,,,,,,,,,,,,,,,,,,,,,,,,,,,,,,,,,,,,,,
2003-09-01,,,,,,,,,,,,,,,,,,,,,,,,,,,,,,,,,,,,,,,,,,,,,,,,,,,,,,
2003-10-01,,,,,,,,,,,,,,,,,,,,,,,,,,,,,,,,,,,,,,,,,,,,,,,,,,,,,,
2003-11-01,,,,,,,,,,,,,,,,,,,,,,,,,,,,,,,,,,,,,,,,,,,,,,,,,,,,,,
2003-12-01,,,,,,,,,,,,,,,,,,,,,,,,,,,,,,,,,,,,,,,,,,,,,,,,,,,,,,
2004-01-01,,,,,,,,,,,,,,,,,,,,,,,,,,,,,,,,,,,,,,,,13000.0,12000.0,12000.0,11.8,14.0,26.64,24.59,24.59,24.18,28.69,0.23,0.21,0.21,0.21,0.24
2004-02-01,,,,,,,,,,,,,,,,,,,,,,,,,,,,,,,,,,,,,,,,13000.0,12200.0,12500.0,11.8,14.6,26.73,25.09,25.7,24.26,30.02,0.23,0.21,0.22,0.21,0.25
2004-03-01,,,,,,,,,,,,,,,,,,,,,,,,,,,,,,,,,,,,,,,,14300.0,12500.0,12800.0,11.8,15.1,29.11,25.44,26.05,24.02,30.73,0.25,0.22,0.22,0.21,0.26
2004-04-01,,,,,,,,,,,,,,,,,,,,,,,,,,,,,,,,,,,,,,,,12500.0,12000.0,12000.0,11.8,13.1,25.2,24.19,24.19,23.79,26.41,0.22,0.21,0.21,0.21,0.23
2004-05-01,,,,,,,,,,,,,,,,,,,,,,,,,,,,,,,,,,,,,,,,13300.0,12100.0,12000.0,12.1,14.9,26.63,24.23,24.03,24.23,29.83,0.23,0.21,0.21,0.21,0.26
2004-06-01,,,,,,,,,,,,,,,,,,,,,,,,,,,,,,,,,,,,,,,,13400.0,12000.0,11800.0,12.3,14.2,26.53,23.76,23.36,24.35,28.12,0.23,0.21,0.2,0.21,0.25
2004-07-01,,,,,,,,,,,,,,,,,,,,,,,,,,,,,,,,,,,,,,,,13600.0,12600.0,12500.0,12.7,14.8,26.56,24.61,24.41,24.8,28.91,0.23,0.22,0.21,0.22,0.25
2004-08-01,,,,,,,,,,,,,,,,,,,,,,,,,,,,,,,,,,,,,,,,13800.0,13000.0,12500.0,12.7,15.0,26.8,25.24,24.27,24.66,29.13,0.24,0.22,0.21,0.22,0.26
2004-09-01,,,,,,,,,,,,,,,,,,,,,,,,,,,,,,,,,,,,,,,,13800.0,13000.0,12500.0,12.7,14.9,26.7,25.15,24.18,24.57,28.82,0.23,0.22,0.21,0.22,0.25
2004-10-01,,,,,,,,,,,,,,,,,,,,,,,,,,,,,,,,,,,,,,,,13900.0,13900.0,12900.0,12.6,14.4,26.57,26.57,24.66,24.09,27.53,0.23,0.23,0.22,0.21,0.24
2004-11-01,,,,,,,,,,,,,,,,,,,,,,,,,,,,,,,,,,,,,,,,14200.0,14300.0,13900.0,12.9,15.5,26.85,27.04,26.28,24.39,29.31,0.24,0.24,0.23,0.22,0.26
2004-12-01,,,,,,,,,,,,,,,,,,,,,,,,,,,,,,,,,,,,,,,,14800.0,14000.0,13400.0,13.0,15.1,28.22,26.7,25.55,24.79,28.79,0.25,0.24,0.23,0.22,0.25
2005-01-01,,,,,,,,,,,,,,,,,,,,,,,,,,,,,,,,,,,,,,,,14400.0,14000.0,13200.0,12.8,14.6,27.2,26.44,24.93,24.17,27.57,0.24,0.24,0.22,0.22,0.25
2005-02-01,,,,,,,,,,,,,,,,,,,,,,,,,,,,,,,,,,,,,,,,14300.0,14000.0,13500.0,13.2,14.6,26.74,26.18,25.25,24.69,27.3,0.24,0.24,0.23,0.22,0.25
2005-03-01,,,,,,,,,,,,,,,,,,,,,,,,,,,,,,,,,,,,,,,,14500.0,14000.0,13800.0,13.8,14.1,26.77,25.85,25.48,25.48,26.03,0.25,0.24,0.23,0.23,0.24
2005-04-01,,,,,,,,,,,,,,,,,,,,,,,,,,,,,,,,,,,,,,,,14300.0,14200.0,13000.0,13.8,13.7,25.95,25.77,23.59,25.04,24.86,0.24,0.24,0.22,0.23,0.23
2005-05-01,,,,,,,,,,,,,,,,,,,,,,,,,,,,,,,,,,,,,,,,13000.0,13500.0,12800.0,12.8,13.5,23.7,24.61,23.33,23.33,24.61,0.22,0.23,0.22,0.22,0.23
2005-06-01,,,,,,,,,,,,,,,,,,,,,,,,,,,,,,,,,,,,,,,,12700.0,13400.0,13000.0,12.5,14.0,23.13,24.4,23.67,22.76,25.49,0.21,0.22,0.22,0.21,0.23
2005-07-01,,,,,,,,,,,,,,,,,,,,,,,,,,,,,,,,,,,,,,,,12700.0,15000.0,12900.0,13.0,14.0,22.76,26.88,23.12,23.3,25.09,0.21,0.25,0.22,0.22,0.23
2005-08-01,,,,,,,,,,,,,,,,,,,,,,,,,,,,,,,,,,,,,,,,,,,,,,,,,,,,,,
2005-09-01,,,,,,,,,,,,,,,,,,,,,,,,,,,,,,,,,,,,,,,,,,,,,,,,,,,,,,
2005-10-01,,,,,,,,,,,,,,,,,,,,,,,,,,,,,,,,,,,,,,,,,,,,,,,,,,,,,,
2005-11-01,,,,,,,,,,,,,,,,,,,,,,,,,,,,,,,,,,,,,,,,,,,,,,,,,,,,,,
2005-12-01,,,,,,,,,,,,,,,,,,,,,,,,,,,,,,,,,,,,,,,,,,,,,,,,,,,,,,
2006-01-01,,,,,,,,,,,,,,,,,,,,,,,,,,,,,,,,,,,,,,,,12800.0,13600.0,12600.0,13.2,13.8,22.23,23.62,21.88,22.92,23.96,0.21,0.23,0.21,0.22,0.23
2006-02-01,,,,,,,,,,,,,,,,,,,,,,,,,,,,,,,,,,,,,,,,13000.0,13600.0,12600.0,13.2,14.0,22.5,23.54,21.81,22.85,24.23,0.22,0.23,0.21,0.22,0.23
2006-03-01,,,,,,,,,,,,,,,,,,,,,,,,,,,,,,,,,,,,,,,,13000.0,13700.0,12700.0,13.1,13.9,22.45,23.66,21.93,22.62,24.0,0.22,0.23,0.21,0.22,0.23
2006-04-01,,,,,,,,,,,,,,,,,,,,,,,,,,,,,,,,,,,,,,,,13000.0,13700.0,12500.0,13.2,13.8,22.22,23.42,21.37,22.56,23.59,0.22,0.23,0.21,0.22,0.23
2006-05-01,,,,,,,,,,,,,,,,,,,,,,,,,,,,,,,,,,,,,,,,13200.0,13200.0,12200.0,12.9,13.7,22.46,22.46,20.76,21.95,23.31,0.22,0.22,0.2,0.21,0.23
2006-06-01,,,,,,,,,,,,,,,,,,,,,,,,,,,,,,,,,,,,,,,,13300.0,13100.0,12100.0,12.9,13.7,22.5,22.16,20.47,21.82,23.18,0.22,0.22,0.2,0.21,0.23
2006-07-01,,,,,,,,,,,,,,,,,,,,,,,,,,,,,,,,,,,,,,,,13200.0,13300.0,12200.0,13.1,13.9,21.98,22.14,20.31,21.81,23.14,0.22,0.22,0.2,0.22,0.23
2006-08-01,,,,,,,,,,,,,,,,,,,,,,,,,,,,,,,,,,,,,,,,13300.0,13600.0,12700.0,13.3,14.4,21.87,22.36,20.88,21.87,23.68,0.22,0.23,0.21,0.22,0.24
2006-09-01,,,,,,,,,,,,,,,,,,,,,,,,,,,,,,,,,,,,,,,,13400.0,13500.0,12700.0,13.3,14.7,21.97,22.13,20.82,21.8,24.1,0.22,0.22,0.21,0.22,0.24
2006-10-01,,,,,,,,,,,,,,,,,,,,,,,,,,,,,,,,,,,,,,,,13200.0,13300.0,12500.0,13.0,13.8,21.56,21.72,20.42,21.23,22.54,0.22,0.22,0.21,0.21,0.23
2006-11-01,,,,,,,,,,,,,,,,,,,,,,,,,,,,,,,,,,,,,,,,13200.0,13600.0,12900.0,13.4,14.8,21.41,22.05,20.92,21.73,24.0,0.22,0.22,0.21,0.22,0.24
2006-12-01,,,,,,,,,,,,,,,,,,,,,,,,,,,,,,,,,,,,,,,,13800.0,13800.0,13000.0,13.6,15.0,22.27,22.27,20.98,21.95,24.21,0.23,0.23,0.21,0.22,0.25
2007-01-01,,,,,,,,,,,,,,,,,,,,,,,,,,,,,,,,,,,,,,,,14130.0,15170.0,14000.0,16.0,17.77,23.01,24.7,22.8,26.05,28.94,0.23,0.25,0.23,0.26,0.29
2007-02-01,,,,,,,,,,,,,,,,,,,,,,,,,,,,,,,,,,,,,,,,14130.0,15170.0,14000.0,16.0,17.77,22.77,24.45,22.56,25.79,28.64,0.23,0.25,0.23,0.26,0.29
2007-03-01,,,,,,,,,,,,,,,,,,,,,,,,,,,,,,,,,,,,,,,,14130.0,15170.0,14000.0,16.0,17.77,22.66,24.33,22.45,25.66,28.5,0.23,0.25,0.23,0.26,0.29
2007-04-01,,,,,,,,,,,,,,,,,,,,,,,,,,,,,,,,,,,,,,,,14500.0,15170.0,14000.0,16.0,17.76,23.18,24.25,22.38,25.58,28.39,0.24,0.25,0.23,0.26,0.29
2007-05-01,,,,,,,,,,,,,,,,,,,,,,,,,,,,,,,,,,,,,,,,14100.0,14330.0,12750.0,13.5,15.35,22.34,22.7,20.2,21.39,24.32,0.23,0.24,0.21,0.22,0.25
2007-06-01,,,,,,,,,,,,,,,,,,,,,,,,,,,,,,,,,,,,,,,,14500.0,15170.0,14000.0,16.0,18.0,22.92,23.98,22.13,25.3,28.46,0.24,0.25,0.23,0.26,0.3
2007-07-01,,,,,,,,,,,,,,,,,,,,,,,,,,,,,,,,,,,,,,,,15190.0,16000.0,15000.0,17.0,19.5,23.77,25.04,23.48,26.61,30.52,0.25,0.26,0.25,0.28,0.32
2007-08-01,,,,,,,,,,,,,,,,,,,,,,,,,,,,,,,,,,,,,,,,15750.0,16000.0,15000.0,17.0,19.5,24.33,24.72,23.17,26.26,30.12,0.26,0.26,0.25,0.28,0.32
2007-09-01,,,,,,,,,,,,,,,,,,,,,,,,,,,,,,,,,,,,,,,,15700.0,17820.0,15500.0,15.6,17.87,23.75,26.95,23.45,23.6,27.03,0.26,0.29,0.26,0.26,0.29
2007-10-01,,,,,,,,,,,,,,,,,,,,,,,,,,,,,,,,,,,,,,,,17250.0,19670.0,17000.0,19.5,21.0,25.78,29.39,25.4,29.14,31.38,0.28,0.32,0.28,0.32,0.35
2007-11-01,,,,,,,,,,,,,,,,,,,,,,,,,,,,,,,,,,,,,,,,19000.0,20670.0,18000.0,20.5,21.5,28.35,30.84,26.86,30.59,32.08,0.31,0.34,0.3,0.34,0.35
2007-12-01,,,,,,,,,,,,,,,,,,,,,,,,,,,,,,,,,,,,,,,,19880.0,21500.0,18000.0,17.0,20.82,29.49,31.9,26.7,25.22,30.89,0.32,0.35,0.29,0.28,0.34
2008-01-01,39.5,,,47.41,,,0.58,,,,,,,,,,,,,,,,,,,,,,,,,,,,,,,,,21100.0,23300.0,19200.0,18.2,20.2,30.72,33.92,27.95,26.49,29.41,0.34,0.38,0.31,0.3,0.33
2008-02-01,40.39,,,48.37,,,0.59,,,,,,6970.0,8030.87,0.76,,,,,,,,,,,,,,,,,,,,,,,,,15250.0,17330.0,16000.0,16.2,16.6,22.09,25.1,23.18,23.47,24.05,0.25,0.28,0.26,0.26,0.27
2008-03-01,42.25,,,50.07,,,0.62,,,,,,7101.0,8113.03,0.77,,,,,,,,,,,,,,,,,,,,,,,,,15250.0,19300.0,16630.0,16.3,17.5,21.43,27.12,23.37,22.91,24.59,0.25,0.31,0.27,0.27,0.29
2008-04-01,,,,,,,,,,,,,7062.0,8047.19,0.77,,,,,,,,,,,,,,,,,,,,,,,,,27500.0,25370.0,19880.0,20.7,23.58,37.51,34.6,27.12,28.23,32.16,0.43,0.4,0.31,0.32,0.37
2008-05-01,,,,,,,,,,,,,7080.0,7968.62,0.76,,,,,,,,,,,,,,,,,,,,,,,,,30000.0,28320.0,20000.0,20.7,29.0,39.85,37.62,26.56,27.49,38.52,0.44,0.42,0.29,0.31,0.43
2008-06-01,,,,,,,,,,,,,7110.0,7813.38,0.77,,,,,,,,,,,,,,,,,,,,,,,,,27000.0,24080.0,20000.0,20.7,27.73,35.12,31.33,26.02,26.93,36.07,0.4,0.36,0.3,0.31,0.41
2008-07-01,37.5,,34.3359,41.86,,38.3273,0.55,,0.5011,,,,7078.0,7672.96,0.77,,,,,,,,,,,,,,,,,,,,,,,,,27600.0,26700.0,21400.0,22.1,29.2,34.75,33.61,26.94,27.82,36.76,0.39,0.38,0.3,0.31,0.41
2008-08-01,37.32,,33.0644,41.58,,36.835,0.54,,0.4826,,,,7105.0,7663.09,0.78,,,,,,,,,,,,,,,,,,,,,,,,,27500.0,26440.0,22310.0,22.3,29.5,33.89,32.59,27.5,27.49,36.36,0.37,0.35,0.3,0.3,0.4
2008-09-01,35.45,,29.75,38.95,,32.69,0.52,,0.4342,,,,7276.0,7771.99,0.78,,,,,,,,,,,,,,,,,,,,,,,,,27000.0,31100.0,20200.0,20.7,30.2,32.96,37.96,24.66,25.27,36.86,0.35,0.4,0.26,0.27,0.39
2008-10-01,34.5,,28.9622,38.06,,31.9505,0.5,,0.4225,,,,7326.0,7790.31,0.73,,,,,,,,,,,,,,,,,,,,,,,,,33000.0,35800.0,24900.0,23.1,34.3,39.45,42.79,29.77,27.61,41.0,0.41,0.45,0.31,0.29,0.43
2008-11-01,29.32,,26.1562,32.68,,29.1573,0.43,,0.3806,,,,7277.0,7728.7,0.61,,,,,,,,,,,,,,,,,,,,,,,,,33000.0,31400.0,25000.0,23.3,32.4,39.5,37.58,29.92,27.89,38.78,0.41,0.39,0.31,0.29,0.4
2008-12-01,24.23,,21.7617,27.31,,24.5238,0.35,,0.3159,,,,7218.0,7668.73,0.64,,,,,,,,,,,,,,,,,,,,,,,,,32500.0,30660.0,24000.0,23.25,30.27,39.09,36.88,28.87,27.96,36.41,0.41,0.39,0.3,0.29,0.38
2009-01-01,23.53,,20.632600000000004,26.63,,23.3494,0.34,,0.2993,,,,7294.0,7754.92,0.65,,,,,,,,,,,,,,,,,,,,,,,,,28600.0,29100.0,23800.0,22.3,25.9,34.55,35.15,28.75,26.94,31.28,0.36,0.37,0.3,0.28,0.33
2009-02-01,23.45,,21.2316,26.54,,24.0296,0.34,,0.3081,,,,7352.0,7800.14,0.62,,,,,,,,,,,,,,,,,,,,,,,,,27000.0,28080.0,24000.0,22.0,25.45,32.31,33.6,28.72,26.32,30.45,0.34,0.35,0.3,0.28,0.32
2009-03-01,22.5,,20.1139,25.39,,22.6945,0.33,,0.2916,,,,7437.0,7873.05,0.63,,,,,,,,,,,,,,,,,,,,,,,,,27000.0,27470.0,22000.0,22.0,26.3,31.87,32.42,25.97,25.97,31.04,0.34,0.34,0.27,0.27,0.33
2009-04-01,19.5,,17.3575,21.97,,19.552,0.28,,0.2515,,,,7230.0,7677.43,0.66,,,,,,,,,,,,,,,,,,,,,,,,,28580.0,27800.0,24850.0,24.6,29.19,33.26,32.36,28.92,28.63,33.97,0.35,0.35,0.31,0.31,0.36
2009-05-01,19.08,,16.3443,21.41,,18.34,0.28,,0.2368,,,,7380.0,7833.28,0.71,,,,,,,,,,,,,,,,,,,,,,,,,28980.0,26330.0,26630.0,25.88,29.21,33.65,30.57,30.92,30.05,33.92,0.36,0.33,0.33,0.32,0.36
2009-06-01,18.79,,16.3083,20.86,,18.1026,0.27,,0.2362,,,,7375.0,7819.05,0.72,,,,,,,,,,,,,,,,,,,,,,,,,28980.0,25470.0,26250.0,25.75,29.85,33.32,29.29,30.18,29.61,34.32,0.36,0.31,0.32,0.32,0.37
2009-07-01,19.0,,16.6504,20.5,,17.965,0.28,,0.2411,,,,7392.0,7802.2,0.73,,,,,,,,,,,,,,,,,,,,,,,,,28590.0,26540.0,27350.0,27.3,30.34,32.37,30.05,30.97,30.91,34.36,0.35,0.32,0.33,0.33,0.37
2009-08-01,19.0,,16.5589,20.22,,17.6209,0.28,,0.2398,,,,7388.0,7754.68,0.74,,,,,,,,,,,,,,,,,,,,,,,,,27040.0,28060.0,28250.0,28.38,31.0,30.11,31.24,31.46,31.6,34.52,0.33,0.34,0.34,0.34,0.37
2009-09-01,19.17,,16.525,20.14,,17.36,0.28,,0.2393,,,,7406.0,7692.8,0.75,,,,,,,,,,,,,,,,,,,,,,,,,27040.0,27740.0,28000.0,28.38,31.0,29.97,30.75,31.04,31.46,34.36,0.33,0.33,0.34,0.34,0.37
2009-10-01,19.29,,16.4938,19.94,,17.051099999999998,0.28,,0.2387,,,,7374.0,7645.12,0.78,,,,,,,,,,,,,,,,,,,,,,,,,27040.0,28970.0,28550.0,28.38,31.0,29.69,31.81,31.35,31.16,34.04,0.32,0.35,0.34,0.34,0.37
2009-11-01,19.5,,17.2933,20.27,,17.9758,0.28,,0.2503,,,,7364.0,7636.72,0.78,,,,,,,,,,,,,,,,,,,,,,,,,27040.0,28620.0,28500.0,28.38,31.25,29.28,30.99,30.86,30.73,33.84,0.32,0.34,0.34,0.34,0.37
2009-12-01,20.54,,18.5083,21.33,,19.2223,0.3,,0.2676,,,,7366.0,7613.99,0.78,,,,,,,,,,,,,,,,,,,,,,,,,27040.0,28760.0,28700.0,28.38,31.5,29.43,31.3,31.23,30.88,34.28,0.32,0.34,0.34,0.34,0.37
2010-01-01,22.36,,20.3952,23.22,,21.1772,0.32,,0.2947,,,,7376.0,7561.01,0.79,,,,,,,,,,,,,,,,,,,,,,,,,29820.0,29670.0,29750.0,29.2,32.0,31.7,31.54,31.62,31.04,34.02,0.35,0.35,0.35,0.34,0.38
2010-02-01,21.5,,19.1067,22.31,,19.8286,0.31,,0.2758,,,,7375.0,7537.63,0.79,,,,,,,,,,,,,,,,,,,,,,,,,30750.0,29480.0,29170.0,29.3,32.0,32.56,31.22,30.89,31.03,33.89,0.36,0.35,0.34,0.34,0.38
2010-03-01,21.5,,18.9333,22.3,,19.638900000000003,0.31,,0.2734,,,,7303.0,7474.78,0.8,,,,,,,,,,,,,,,,,,,,,,,,,30750.0,29110.0,29000.0,29.3,32.0,32.16,30.45,30.33,30.65,33.47,0.36,0.34,0.34,0.35,0.38
2010-04-01,21.72,,19.1778,22.54,,19.9033,0.31,,0.2769,,,,7239.0,7398.0,0.8,,,,,,,,,,,,,,,,,,,,,,,,,30300.0,28370.0,27500.0,28.81,30.77,31.12,29.14,28.25,29.59,31.61,0.36,0.34,0.33,0.34,0.37
2010-05-01,22.22,,19.28,22.95,,19.9109,0.32,,0.2782,,,,7189.0,7325.86,0.78,,,,,,,,,,,,,,,,,,,,,,,,,28000.0,26840.0,26380.0,27.5,29.43,28.72,27.53,27.06,28.21,30.19,0.33,0.32,0.31,0.33,0.35
2010-06-01,22.0,,19.1,22.47,,19.5052,0.32,,0.2754,,,,7141.0,7207.13,0.78,,,,,,,,,,,,,,,,,,,,,,,,,26500.0,26970.0,26380.0,27.5,29.88,27.09,27.57,26.97,28.11,30.54,0.31,0.32,0.31,0.32,0.35
2010-07-01,22.0,,19.2412,22.13,,19.3549,0.32,,0.2771,,,,7091.0,7046.15,0.79,,,,,,,,,,,,,,,,,,,,,,,,,26500.0,26860.0,26000.0,26.9,29.88,26.54,26.9,26.04,26.94,29.92,0.31,0.31,0.3,0.31,0.35
2010-08-01,24.8,,23.0864,24.48,,22.7878,0.36,,0.3323,,,,7120.0,7021.33,0.79,,,,,,,,,,,,,,,,,,,,,,,,,26880.0,28390.0,25880.0,25.78,29.91,26.34,27.82,25.36,25.26,29.31,0.31,0.33,0.3,0.3,0.35
2010-09-01,28.77,,26.7462,28.07,,26.0958,0.41,,0.3837,,,,7189.0,7058.3,0.8,,,,,,,,,,,,,,,,,,,,,,,,,28300.0,29860.0,28790.0,28.36,31.43,27.18,28.68,27.65,27.24,30.19,0.33,0.35,0.34,0.33,0.37
2010-10-01,28.75,,25.86,27.59,,24.819000000000003,0.41,,0.3669,,,,7194.0,7058.63,0.81,,,,,,,,,,,,,,,,,,,,,,,,,29880.0,30460.0,30000.0,29.62,32.0,28.42,28.97,28.53,28.17,30.43,0.35,0.35,0.35,0.34,0.37
2010-11-01,29.0,,26.35,27.48,,24.9656,0.41,,0.3743,,,,7196.0,7018.46,0.8,,,,,,,,,,,,,,,,,,,,,,,,,30250.0,30080.0,30000.0,29.62,32.0,28.49,28.33,28.25,27.89,30.13,0.35,0.35,0.35,0.35,0.37
2010-12-01,30.58,,28.36,28.62,,26.5388,0.43,,0.4014999999999999,,,,7182.0,6941.01,0.8,,,,,,,,,,,,,,,,,,,,,,,,,30500.0,30450.0,30000.0,29.62,32.0,28.81,28.76,28.34,27.98,30.23,0.36,0.36,0.35,0.35,0.37
2011-01-01,33.39,,30.83,31.05,,28.6672,0.47,,0.434,,,,7179.0,6876.58,0.79,,,,,,,,,,,,,,,,,,,,,,,,,30500.0,30780.0,30000.0,29.62,32.18,28.46,28.72,28.0,27.64,30.03,0.36,0.36,0.35,0.35,0.38
2011-02-01,33.0,,29.81,30.49,,27.5458,0.46,,0.4188,,,,7179.0,6867.34,0.81,,,,,,,,,,,,,,,,,,,,,,,,,30880.0,30200.0,29810.0,29.62,32.35,28.98,28.34,27.97,27.8,30.36,0.36,0.35,0.35,0.35,0.38
2011-03-01,31.33,,28.5,28.83,,26.2289,0.44,,0.3959,,,,7179.0,6889.68,0.82,,,,,,,,,,,,,,,,,,,,,,,,,31000.0,30380.0,29750.0,29.62,33.12,28.69,28.12,27.53,27.41,30.65,0.36,0.36,0.35,0.35,0.39
2011-04-01,29.86,,25.83,27.49,,23.7835,0.41,,0.3546,,,,7171.0,6903.36,0.83,,,,,,,,,,,,,,,,,,,,,,,,,31000.0,29920.0,29000.0,29.51,30.96,28.29,27.31,26.47,26.93,28.26,0.37,0.35,0.34,0.35,0.37
2011-05-01,28.0,,23.84,25.94,,22.0885,0.38,,0.3256,,,,7138.0,6863.4,0.83,,,,,,,,,,,,,,,,,,,,,,,,,30250.0,28430.0,27380.0,28.28,30.04,27.55,25.89,24.93,25.75,27.36,0.35,0.33,0.32,0.33,0.35
2011-06-01,25.25,,22.12,23.17,,20.2942,0.34,,0.2993,,,,7176.0,6862.3,0.84,,,,,,,,,,,,,,,,,,,,,,,,,30000.0,28020.0,27100.0,27.37,29.72,27.06,25.27,24.44,24.69,26.81,0.35,0.33,0.32,0.32,0.35
2011-07-01,25.35,,21.35,22.8,,19.2011,0.34,,0.2866,,,,7185.0,6825.04,0.84,,,,,,,,,,,,,,,,,,,,,,,,,30380.0,29040.0,27500.0,28.88,32.62,27.06,25.87,24.49,25.72,29.05,0.35,0.34,0.32,0.34,0.38
2011-08-01,24.81,,21.83,21.86,,19.2321,0.33,,0.2929,,,,7155.0,6733.63,0.84,,,,,,,,,,,,,,,,,,,,,,,,,30000.0,28420.0,27500.0,28.0,31.68,26.35,24.97,24.16,24.6,27.83,0.35,0.33,0.32,0.32,0.37
2011-09-01,27.1,,25.54,23.47,,22.1189,0.36,,0.342,,,,7362.0,6909.62,0.84,,,,,,,,,,,,,,,,,,,,,,,,,30000.0,29420.0,28000.0,29.3,31.46,26.08,25.58,24.34,25.48,27.35,0.34,0.34,0.32,0.33,0.36
2011-10-01,28.33,,25.71,24.5,,22.231,0.37,,0.3394,,,,7375.0,6929.89,0.83,,,,,,,,,,,,,,,,,,,,,,,,,30000.0,29440.0,28380.0,29.3,32.12,25.71,25.23,24.32,25.11,27.53,0.34,0.34,0.33,0.34,0.37
2011-11-01,27.88,,25.59,24.2,,22.209,0.36,,0.3344,,,,7366.0,6897.86,0.82,,,,,,,,,,,,,,,,,,,,,,,,,30000.0,30000.0,29250.0,29.72,33.0,25.64,25.64,25.0,25.4,28.2,0.34,0.34,0.34,0.34,0.38
2011-12-01,27.5,,25.71,23.91,,22.3563,0.35,,0.3226,,,,7361.0,6854.44,0.81,,,,,,,,,,,,,,,,,,,,,,,,,31500.0,30280.0,30000.0,30.0,33.4,27.11,26.06,25.82,25.82,28.75,0.35,0.34,0.34,0.34,0.37
2012-01-01,28.11,,26.16,24.07,,22.4029,0.34,,0.3136,,,,7391.0,6811.13,0.81,,,,,,,,,,,,,,,,,,,,,,,,,32500.0,30250.0,30000.0,30.0,34.0,27.55,25.64,25.43,25.43,28.82,0.36,0.33,0.33,0.33,0.38
2012-02-01,30.53,,28.42,26.38,,24.5571,0.37,,0.342,,,,7387.0,6809.51,0.82,,,,,,,,,,,,,,,,,,,,,,,,,32500.0,30500.0,29500.0,30.0,34.0,27.47,25.78,24.93,25.35,28.73,0.36,0.34,0.33,0.33,0.37
2012-03-01,33.0,,29.26,28.45,,25.222600000000003,0.4,,0.3577,,,,7381.0,6799.16,0.8,,,,,,,,,,,,,,,,,,,,,,,,,32700.000000000004,30210.0,29900.0,30.0,34.6,27.31,25.23,24.98,25.06,28.9,0.36,0.33,0.33,0.33,0.38
2012-04-01,30.55,,26.96,26.48,,23.3664,0.37,,0.3295,,,,7378.0,6782.67,0.8,,,,,,,,,,,,,,,,,,,,,,,,,33000.0,30810.0,30380.0,30.0,35.0,27.07,25.27,24.92,24.61,28.71,0.36,0.34,0.33,0.33,0.39
2012-05-01,29.6,,25.55,25.87,,22.3313,0.36,,0.3121,,,,7365.0,6766.62,0.79,,,,,,,,,,,,,,,,,,,,,,,,,33000.0,30540.0,29300.0,30.0,35.0,26.76,24.77,23.76,24.33,28.38,0.36,0.33,0.32,0.33,0.38
2012-06-01,29.1,,25.18,25.3,,21.8878,0.36,,0.3075,,,,7354.0,6721.23,0.78,,,,,,,,,,,,,,,,,,,,,,,,,33000.0,30250.0,29500.0,30.0,35.0,26.75,24.52,23.92,24.32,28.37,0.35,0.32,0.31,0.32,0.37
2012-07-01,29.2,,25.21,24.96,,21.550700000000003,0.36,,0.3082999999999999,,,,7361.0,6689.34,0.78,,,,,,,,,,,,,,,,,,,,,,,,,33000.0,30250.0,29120.0,30.25,35.25,26.82,24.58,23.67,24.58,28.65,0.35,0.32,0.31,0.32,0.37
2012-08-01,30.93,,27.35,25.96,,22.9547,0.38,,0.3354,,,,7354.0,6630.03,0.77,,,,,,,,,,,,,,,,,,,,,,,,,33000.0,30700.0,30500.0,31.46,36.2,26.58,24.73,24.57,25.34,29.16,0.35,0.32,0.32,0.33,0.38
2012-09-01,32.62,,29.11,26.92,,24.0193,0.4,,0.3561,,,,7379.0,6651.91,0.77,,,,,,,,,,,,,,,,,,,,,,,,,34000.0,32440.0,32120.0,32.5,37.0,27.17,25.93,25.67,25.97,29.57,0.36,0.34,0.34,0.34,0.39
2012-10-01,32.5,,28.4,26.55,,23.1981,0.4,,0.3492,,,,7371.0,6634.18,0.77,,,,,,,,,,,,,,,,,,,,,,,,,34000.0,32500.0,32500.0,32.5,37.0,27.07,25.87,25.87,25.87,29.46,0.36,0.34,0.34,0.34,0.39
2012-11-01,33.52,,30.47,27.3,,24.8192,0.41,,0.3739,,,,7364.0,6625.26,0.77,,,,,,,,,,,,,,,,,,,,,,,,,34000.0,33100.0,32800.0,33.0,37.93,27.18,26.46,26.22,26.38,30.32,0.35,0.34,0.34,0.34,0.39
2012-12-01,33.91,,29.95,27.52,,24.3073,0.42,,0.3716,,,,,,,,,,,,,,,,,,,,,,,,,,,,,,,34000.0,34080.0,33250.0,33.12,38.62,27.11,27.18,26.51,26.41,30.8,0.35,0.35,0.34,0.34,0.4
2013-01-01,34.44,,31.0,27.66,,24.8988,0.43,,0.3898,,,,,,,,,,,,,,,,,,,,,,,,,,,,,,,35200.0,37630.0,36200.0,34.3,40.7,27.61,29.52,28.39,26.9,31.92,0.36,0.39,0.37,0.35,0.42
2013-02-01,34.74,,31.11,27.83,,24.9263,0.44,,0.3938,,,,,,,,,,,,,,,,,,,,,,,,,,,,,,,35500.0,36420.0,35880.0,34.5,41.25,27.94,28.66,28.24,27.15,32.46,0.36,0.37,0.37,0.35,0.42
2013-03-01,34.93,,30.7,27.95,,24.568600000000004,0.44,,0.3907,,,,,,,,,,,,,,,,,,,,,,,,,,,,,,,35500.0,36230.0,35630.0,34.5,42.0,27.83,28.4,27.93,27.04,32.92,0.36,0.37,0.36,0.35,0.43
2013-04-01,33.33,,29.0,26.66,,23.1931,0.43,,0.3717,,,,,,,,,,,,,,,,,,,,,,,,,,,,,,,35500.0,35100.0,34000.0,34.5,38.39,27.52,27.21,26.36,26.75,29.77,0.36,0.36,0.35,0.35,0.39
2013-05-01,32.82,,26.54,26.57,,21.4833,0.42,,0.341,,,,7350.0,6437.68,0.75,,,,,,,,,,,,,,,,,,,,,,,,,35500.0,35060.0,34000.0,34.8,40.98,27.38,27.05,26.23,26.84,31.61,0.36,0.36,0.35,0.35,0.42
2013-06-01,33.03,,26.94,26.57,,21.6732,0.42,,0.3465,,,,7356.0,6377.88,0.74,,,,,,,,,,,,,,,,,,,,,,,,,37750.0,37150.0,35310.0,36.48,42.0,28.91,28.45,27.04,27.94,32.17,0.38,0.38,0.36,0.37,0.43
2013-07-01,33.42,,26.58,26.49,,21.0687,0.43,,0.3419,,,,7388.0,6217.86,0.73,,,,,,,,,,,,,,,,,,,,,,,,,40000.0,38270.0,36250.0,36.5,43.75,30.03,28.73,27.21,27.4,32.84,0.4,0.38,0.36,0.36,0.43
2013-08-01,32.75,,26.775,25.6,,20.9264,0.42,,0.3444,,,,7438.0,6198.62,0.7,,,,,,,,,,,,,,,,,,,,,,,,,40000.0,39880.0,37900.0,38.54,45.5,29.68,29.59,28.12,28.6,33.76,0.39,0.39,0.37,0.37,0.44
2013-09-01,31.3,,24.65,24.11,,18.985,0.4,,0.317,,,,7471.0,6241.55,0.66,,,,,,,,,,,,,,,,,,,,,,,,,40250.0,41330.0,39380.0,39.7,45.25,29.95,30.76,29.31,29.54,33.67,0.38,0.39,0.37,0.38,0.43
2013-10-01,31.0,,25.49,23.66,,19.4528,0.4,,0.3278,,,,7511.0,6263.47,0.66,,,,,,,,,,,,,,,,,,,,,,,,,40500.0,41280.0,40000.0,39.7,46.0,29.56,30.13,29.19,28.97,33.57,0.38,0.39,0.38,0.37,0.43
2013-11-01,31.88,,27.86,24.24,,21.1796,0.41,,0.3583,,,,7583.0,6313.1,0.65,,,,,,,,,,,,,,,,,,,,,,,,,43120.0,43930.0,41120.0,39.7,46.0,31.08,31.66,29.64,28.61,33.15,0.4,0.41,0.38,0.37,0.43
2013-12-01,32.67,,28.43,24.7,,21.4959,0.42,,0.3657,,,,7694.0,6376.93,0.64,,,,,,,,,,,,,,,,,,,,,,,,,47000.0,44820.0,41750.0,39.7,46.75,34.33,32.74,30.49,29.0,34.15,0.44,0.42,0.39,0.37,0.44
2014-01-01,33.3,,29.59,24.88,,22.1099,0.43,,0.3806,,,,7759.0,6363.01,0.64,,,,,,,,,,,,,,,,,,,,,,,,,47000.0,44000.0,41380.0,39.7,48.0,34.16,31.98,30.08,28.86,34.89,0.45,0.42,0.39,0.38,0.45
2014-02-01,33.92,,28.4912,25.3,,21.2471,0.44,,0.3664,,,,7754.0,6342.34,0.65,,,,,,,,,,,,,,,,,,,,,,,,,47000.0,43920.0,41880.0,39.7,48.0,34.27,32.02,30.54,28.95,35.0,0.45,0.42,0.4,0.38,0.46
2014-03-01,33.71,,27.8684,25.1,,20.7513,0.43,,0.3586,,,,7766.0,6347.02,0.68,,,,,,,,,,,,,,,,,,,,,,,,,47250.0,44460.0,43000.0,39.7,47.48,34.12,32.11,31.05,28.67,34.29,0.47,0.44,0.43,0.4,0.47
2014-04-01,33.45,,27.155300000000004,24.9,,20.2112,0.43,,0.3497,,,,7758.0,6341.62,0.68,,,,,,,,,,,,,,,,,,,,,,,,,47500.0,42730.0,39650.0,39.46,44.31,33.73,30.34,28.16,28.02,31.47,0.49,0.44,0.41,0.4,0.45
2014-05-01,33.0,,26.35,24.85,,19.8442,0.43,,0.3394,,,,7750.0,6324.86,0.67,,,,,,,,,,,,,,,,,,,,,,,,,44500.0,38570.0,35750.0,37.6,44.31,31.68,27.46,25.45,26.77,31.55,0.45,0.39,0.36,0.38,0.45
2014-06-01,32.09,,25.1818,24.14,,18.939400000000003,0.41,,0.3243999999999999,,,,7773.0,6316.45,0.65,,,,,,,,,,,,,,,,,,,,,,,,,41000.0,37960.0,35500.0,37.6,42.81,29.01,26.86,25.12,26.61,30.29,0.42,0.39,0.36,0.38,0.43
2014-07-01,32.05,,24.529400000000003,23.73,,18.1645,0.41,,0.3161,,,,7790.0,6272.03,0.67,,,,,,,,,,,,,,,,,,,,,,,,,41000.0,38480.0,36900.0,38.38,43.89,28.53,26.78,25.68,26.71,30.54,0.42,0.39,0.37,0.39,0.44
2014-08-01,31.73,,25.011100000000003,23.2,,18.2844,0.41,,0.3229,,,,7792.0,6244.36,0.67,,,,,,,,,,,,,,,,,,,,,,,,,41000.0,41050.0,39000.0,39.88,44.46,28.44,28.47,27.05,27.66,30.84,0.41,0.41,0.39,0.4,0.44
2014-09-01,31.11,,25.1237,22.43,,18.1109,0.4,,0.3246,,,,7831.0,6258.53,0.66,,,,,,,,,,,,,,,,,,,,,,,,,41000.0,40870.0,39250.0,39.9,44.31,28.34,28.25,27.13,27.58,30.62,0.4,0.4,0.38,0.39,0.43
2014-10-01,30.0,,25.5077,21.48,,18.2615,0.39,,0.3296,,,,7803.0,6207.27,0.64,,,,,,,,,,,,,,,,,,,,,,,,,41000.0,40280.0,38900.0,39.9,43.11,28.28,27.78,26.83,27.52,29.73,0.4,0.39,0.38,0.39,0.42
2014-11-01,31.0,,24.88,22.19,,17.8078,0.4,,0.3196,,,,7794.0,6108.29,0.64,,,,,,,,,,,,,,,,,,,,,,,,,41000.0,40210.0,38620.0,39.9,43.06,28.42,27.88,26.77,27.66,29.85,0.4,0.39,0.38,0.39,0.42
2014-12-01,30.76,,25.2263,21.92,,17.9757,0.4,,0.324,,,,7800.0,5966.07,0.63,,,,,,,,,,,,,,,,,,,,,,,,,41000.0,39210.0,38500.0,39.9,43.08,28.71,27.46,26.96,27.94,30.17,0.41,0.39,0.38,0.4,0.43
2015-01-01,32.7,,26.3846,23.04,,18.5917,0.42,,0.3388,4.2,2.83,0.58,7850.0,6018.99,0.62,,,,,,,,,,,,,,,,,,,,,,,,,41000.0,39480.0,38200.0,38.7,42.12,28.69,27.62,26.73,27.08,29.47,0.41,0.39,0.38,0.38,0.42
2015-02-01,31.85,,26.65,22.38,,18.7235,0.41,,0.3425,4.0,2.64,0.53,7850.0,6040.87,0.62,,,,,,,,,,,,,,,,,,,,,,,,,41000.0,39230.0,38000.0,38.5,41.56,28.96,27.71,26.84,27.19,29.35,0.4,0.39,0.37,0.38,0.41
2015-03-01,31.58,,26.0658,22.13,,18.2637,0.41,,0.335,,,,7852.0,6032.21,0.6,,,,,,,,,,,,,,,,,,,,,,,,,41000.0,38650.0,37380.0,38.88,41.31,28.89,27.24,26.34,27.4,29.11,0.4,0.38,0.37,0.38,0.41
2015-04-01,30.69,,25.1031,21.48,,17.5725,0.39,,0.3227,4.1,2.66,0.54,7854.0,6011.92,0.61,,,,,,,,,,,,,,,,,,,,,,,,,41000.0,37500.0,36600.0,38.7,40.71,28.51,26.08,25.45,26.91,28.31,0.4,0.37,0.36,0.38,0.4
2015-05-01,29.22,,23.2917,20.72,,16.5185,0.38,,0.2994,4.0,2.57,0.53,7826.0,5960.91,0.6,,,,,,,,,,,,,,,,,,,,,,,,,41000.0,36960.0,35880.0,36.98,40.31,28.3,25.51,24.77,25.52,27.82,0.4,0.36,0.35,0.36,0.4
2015-06-01,29.4,,22.4425,20.81,,15.8858,0.38,,0.2885,4.0,2.59,0.53,7834.0,5935.22,0.59,,,,,,,,,,,,,,,,,,,,,,,,,39000.0,36980.0,35250.0,36.55,40.31,26.75,25.37,24.18,25.07,27.65,0.38,0.36,0.35,0.36,0.4
2015-07-01,28.4,,20.9308,19.77,,14.5733,0.37,,0.269,4.0,2.57,0.51,7927.0,5950.21,0.59,,,,,,,,,,,,,,,,,,,,,,,,,38000.0,37090.0,36500.0,38.1,40.51,25.94,25.32,24.91,26.0,27.65,0.37,0.36,0.36,0.37,0.4
2015-08-01,28.0,,21.5477,19.28,,14.8367,0.36,,0.277,4.4,2.81,0.56,7953.0,5946.68,0.58,,,,,,,,,,,,,,,,,,,,,,,,,38000.0,37580.0,36380.0,36.98,41.31,25.89,25.61,24.79,25.2,28.15,0.37,0.37,0.36,0.36,0.4
2015-09-01,27.82,,21.6781,18.88,,14.709,0.36,,0.2786,4.0,2.49,0.51,7951.0,5948.11,0.55,,,,,,,,,,,,,,,,,,,,,,,,,38000.0,37580.0,36630.0,37.55,41.31,25.92,25.63,24.99,25.61,28.18,0.36,0.36,0.35,0.36,0.4
2015-10-01,28.0,,22.7467,18.88,,15.335,0.36,,0.2923,3.93,2.4,0.5,7955.0,5956.0,0.58,,,,,,,,,,,,,,,,,,,,,,,,,38200.0,38150.0,38500.0,38.82,42.91,25.93,25.89,26.13,26.35,29.13,0.37,0.36,0.37,0.37,0.41
2015-11-01,27.66,,22.9125,18.67,,15.4637,0.35,,0.2918,3.93,2.4,0.5,7938.0,5931.07,0.58,,,,,,,,,,,,,,,,,,,,,,,,,39000.0,38830.0,39000.0,39.0,43.71,26.32,26.2,26.32,26.32,29.5,0.37,0.37,0.37,0.37,0.41
2015-12-01,27.15,,22.26,18.23,,14.9504,0.34,,0.2826,3.93,2.41,0.5,7961.0,5891.67,0.57,,,,,,,,,,,,,,,,,,,,,,,,,39800.0,38960.0,38400.0,39.1,44.32,27.01,26.44,26.06,26.54,30.08,0.38,0.37,0.37,0.37,0.42
2016-01-01,26.64,,21.4476,17.7,,14.2483,0.34,,0.2732,3.93,2.4,0.5,7986.0,5880.06,0.57,,,,,,,,,,,,,,,,,,,,,,,,,40500.0,39130.0,38500.0,39.0,44.35,27.43,26.5,26.07,26.41,30.04,0.39,0.37,0.37,0.37,0.42
2016-02-01,26.33,,20.8583,17.51,,13.8749,0.34,,0.2655,3.93,2.38,0.5,7980.0,5880.87,0.59,,,,,,,,,,,,,,,,,,,,,,,,,40000.0,39100.0,38500.0,39.0,43.43,27.16,26.55,26.14,26.48,29.49,0.38,0.37,0.37,0.37,0.41
2016-03-01,25.56,,19.8094,16.95,,13.1376,0.33,,0.2526,3.93,2.35,0.47,7985.0,5873.05,0.61,,,,,,,,,,,,,,,,,,,,,,,,,40000.0,38800.0,38200.0,39.0,41.36,27.12,26.3,25.9,26.44,28.04,0.38,0.37,0.36,0.37,0.39
2016-04-01,25.24,,20.0079,16.73,,13.2621,0.32,,0.2552,3.93,2.32,0.44,8007.0,5916.21,0.61,,,,,,,,,,,,,,,,,,,,,,,,,40000.0,38380.0,36380.0,38.6,40.61,26.7,25.62,24.29,25.77,27.11,0.38,0.37,0.35,0.37,0.39
2016-05-01,25.0,,20.0,16.81,,13.4508,0.32,,0.2551,3.93,2.25,0.44,7990.0,5889.72,0.6,,,,,,,,,,,,,,,,,,,,,,,,,40000.0,37320.0,35000.0,37.5,41.15,26.76,24.97,23.42,25.09,27.53,0.38,0.36,0.33,0.36,0.39
2016-06-01,24.43,,19.28,16.39,,12.9319,0.31,,0.2459,3.93,2.23,0.44,8019.0,5872.57,0.6,,,,,,,,,,,,,,,,,,,,,,,,,40000.0,36880.0,35600.0,37.32,41.15,26.59,24.52,23.67,24.81,27.36,0.38,0.35,0.34,0.36,0.39
2016-07-01,23.5,,19.6636,15.52,,12.9897,0.3,,0.2507999999999999,3.93,2.21,0.44,8042.0,5848.73,0.61,,,,,,,,,,,,,,,,,,,,,,,,,40000.0,37010.0,36230.0,37.8,41.85,26.24,24.28,23.77,24.8,27.45,0.38,0.35,0.35,0.36,0.4
2016-08-01,24.54,,20.7346,16.04,,13.5497,0.31,,0.2645,3.93,2.17,0.44,8064.0,5866.01,0.61,,,,,,,,,,,,,,,,,,,,,,,,,40000.0,37010.0,36170.0,37.95,42.22,26.32,24.35,23.8,24.97,27.78,0.38,0.35,0.35,0.36,0.4
2016-09-01,24.39,,20.9833,15.74,,13.5395,0.31,,0.2676,3.93,2.15,0.44,8054.0,5845.55,0.61,,,,,,,,,,,,,,,,,,,,,,,,,40000.0,37170.0,36630.0,38.0,41.84,26.26,24.41,24.05,24.95,27.47,0.38,0.36,0.35,0.36,0.4
2016-10-01,24.35,,20.89,15.59,,13.3738,0.31,,0.2665,4.43,2.38,0.5,8048.0,5832.73,0.62,,,,,,,,,,,,,,,,,,,,,,,,,40000.0,37480.0,37380.0,38.0,43.75,26.06,24.41,24.35,24.75,28.5,0.38,0.36,0.36,0.36,0.42
2016-11-01,24.71,,21.1393,15.88,,13.581600000000002,0.31,,0.2691,4.93,2.52,0.31,8006.0,5775.08,0.6,,,,,,,,,,,,,,,,,,,,,,,,,40000.0,38250.0,37750.0,38.0,44.27,26.0,24.86,24.54,24.7,28.78,0.38,0.36,0.36,0.36,0.42
2016-12-01,24.62,,20.7154,15.74,,13.2472,0.31,,0.2629,5.93,2.94,0.32,8014.0,5756.77,0.6,,,,,,,,,,,,,,,,,,,,,,,,,40000.0,38320.0,38000.0,38.0,44.46,26.18,25.08,24.87,24.87,29.1,0.38,0.37,0.36,0.36,0.42
2017-01-01,24.75,,20.4313,15.63,,12.901600000000002,0.31,,0.2591,6.93,3.31,0.37,8030.0,5712.86,0.6,,,,,,,,,,,,,,,,,,,,,,,,,40000.0,38420.0,38000.0,38.0,44.46,26.13,25.1,24.83,24.83,29.05,0.38,0.37,0.36,0.36,0.42
2017-02-01,25.0,,20.2875,15.78,,12.8075,0.32,,0.256,6.93,3.22,0.41,8020.0,5692.38,0.6,,,,,,,,,,,,,,,,,,,,,,,,,40000.0,38420.0,38000.0,38.0,44.65,26.06,25.03,24.76,24.76,29.09,0.38,0.37,0.36,0.36,0.43
2017-03-01,24.25,,19.175,15.25,,12.0594,0.3,,0.2411,6.93,3.16,0.39,7998.0,5677.58,0.6,,,,,,,,,,,,,,,,,,,,,,,,,40000.0,38420.0,37900.0,38.0,44.83,25.84,24.82,24.48,24.55,28.96,0.38,0.37,0.36,0.36,0.43
2017-04-01,24.0,,20.4,15.08,,12.814000000000002,0.3,,0.2555,6.93,3.11,0.38,7922.0,5618.84,0.6,,,,,,,,,,,,,,,,,,,,,,,,,40000.0,37980.0,36000.0,37.65,43.42,25.48,24.2,22.94,23.99,27.66,0.38,0.36,0.34,0.36,0.41
2017-05-01,24.3,,20.0,15.44,,12.7111,0.3,,0.2485,6.93,3.06,0.38,7895.0,5577.93,0.59,,,,,,,,,,,,,,,,,,,,,,,,,40000.0,37210.0,35000.0,36.63,42.24,25.48,23.7,22.3,23.33,26.91,0.38,0.35,0.33,0.35,0.4
2017-06-01,24.0,,19.5361,15.19,,12.3616,0.3,,0.2423999999999999,6.93,3.03,0.38,7929.0,5563.43,0.6,,1300.0,,,,,,,,0.58,,,,,,,,0.91,,,,,,,40000.0,36920.0,34200.0,36.5,41.38,25.59,23.62,21.88,23.35,26.47,0.38,0.35,0.33,0.35,0.39
2017-07-01,24.37,,20.2684,15.24,,12.6759,0.3,,0.2514,6.93,2.94,0.39,7945.0,5562.95,0.6,,1400.0,,,,,,,,0.62,,,,,,,,0.98,,,,,,,40000.0,36420.0,33630.0,36.5,40.99,25.5,23.22,21.44,23.27,26.13,0.38,0.34,0.32,0.35,0.39
2017-08-01,25.1,,22.05,15.48,,13.5999,0.31,,0.2733,6.93,2.9,0.39,8005.0,5608.49,0.6,,1500.0,,,,,,,,0.65,,,,,,,,1.05,,,,,,,40000.0,35920.0,33500.0,35.7,40.72,25.45,22.85,21.31,22.71,25.91,0.38,0.34,0.32,0.34,0.39
2017-09-01,28.25,,25.0889,17.11,,15.193,0.35,,0.3107,6.93,2.88,0.39,8159.0,5709.19,0.61,,1500.0,,,,,,,,0.65,,,,,,,,1.05,,,,,,,40000.0,36170.0,34250.0,37.13,40.76,25.29,22.87,21.65,23.47,25.77,0.38,0.34,0.32,0.35,0.39
2017-10-01,28.58,,25.2139,17.2,,15.1756,0.35,,0.312,6.93,2.84,0.39,8244.0,5768.26,0.61,,1630.0,1.64,1.75,,,,2.5,,0.69,0.69,0.74,,,,1.06,,1.14,1.15,1.22,,,,1.75,40000.0,36420.0,35500.0,38.0,42.51,25.1,22.85,22.28,23.85,26.68,0.38,0.35,0.34,0.36,0.4
2017-11-01,28.5,,24.9976,17.22,,15.1075,0.35,,0.3075,6.93,2.82,0.39,8258.0,5766.36,0.61,,2000.0,1.86,2.5,,,,2.0,,0.81,0.76,1.02,,,,0.81,,1.4,1.3,1.75,,,,1.4,40000.0,37940.0,36900.0,39.7,43.56,25.01,23.72,23.07,24.82,27.24,0.38,0.36,0.35,0.38,0.41
2017-12-01,28.85,,24.53,17.42,,14.814000000000002,0.35,,0.2972,6.93,2.82,0.39,8296.0,5751.92,0.61,,2500.0,1.97,,,,,2.0,,1.0,0.79,,,,,0.8,,1.75,1.38,,,,,1.4,40000.0,38790.0,37000.0,40.0,43.94,25.03,24.28,23.16,25.03,27.5,0.37,0.36,0.34,0.37,0.4
2018-01-01,29.0,,22.95,17.29,,13.6866,0.35,,0.2771,6.93,2.82,0.39,8303.0,5721.02,0.62,2500.0,2500.0,2.09,3.0,,1.75,2.62,2.15,0.97,0.97,0.81,1.17,,0.68,1.02,0.84,1.75,1.75,1.46,2.1,,1.22,1.83,1.5,40000.0,38790.0,37000.0,39.5,44.28,25.03,24.27,23.15,24.71,27.7,0.36,0.35,0.33,0.36,0.4
2018-02-01,27.9,,21.883000000000003,16.66,,13.0672,0.34,,0.2639,6.93,2.82,0.39,8352.0,5745.22,0.61,1750.0,2500.0,2.01,2.0,,1.9,2.75,2.4,0.7,1.0,0.81,0.8,,0.76,1.11,0.96,1.22,1.75,1.41,1.4,,1.33,1.92,1.68,40000.0,38830.0,36630.0,39.0,44.21,25.1,24.37,22.99,24.48,27.75,0.36,0.35,0.33,0.35,0.4
2018-03-01,26.5,,22.354000000000003,15.77,,13.3033,0.32,,0.2695,6.93,2.79,0.39,8375.0,5749.74,0.61,1750.0,2500.0,1.9,2.5,2.25,2.0,2.75,1.9,0.7,1.0,0.76,1.0,0.9,0.8,1.1,0.76,1.22,1.75,1.33,1.75,1.57,1.4,1.92,1.33,40000.0,38250.0,36400.0,39.0,43.75,25.03,23.93,22.78,24.4,27.37,0.36,0.34,0.32,0.35,0.39
2018-04-01,26.5,,21.829,15.76,,12.9804,0.32,,0.2631,6.93,2.75,0.39,8337.0,5718.05,0.6,2600.0,2500.0,2.17,2.6,2.75,2.1,2.8,2.2,1.04,1.0,0.87,1.04,1.1,0.84,1.12,0.88,1.82,1.75,1.52,1.82,1.92,1.47,1.96,1.54,40000.0,37290.0,35000.0,38.0,42.33,24.58,22.92,21.51,23.35,26.01,0.35,0.32,0.3,0.33,0.37
2018-05-01,26.7,,22.223000000000003,16.07,,13.378699999999998,0.32,,0.2665,6.93,2.74,0.39,8219.0,5625.25,0.58,2250.0,2620.0,2.25,3.0,2.25,2.2,2.75,1.9,0.88,1.03,0.88,1.17,0.88,0.86,1.08,0.74,1.57,1.83,1.57,2.1,1.57,1.54,1.92,1.33,40000.0,36310.0,31750.0,36.38,41.59,24.46,22.2,19.41,22.24,25.43,0.35,0.31,0.27,0.31,0.36
2018-06-01,26.5,,22.13,15.89,,13.2677,0.32,,0.2644,6.93,2.65,0.39,8170.0,5559.1,0.58,2500.0,2380.0,2.6,5.0,2.25,2.1,3.0,2.5,0.97,0.92,1.01,1.94,0.87,0.82,1.17,0.97,1.75,1.66,1.82,3.5,1.57,1.47,2.1,1.75,40000.0,36900.0,30250.0,35.0,41.84,24.32,22.43,18.39,21.28,25.44,0.33,0.31,0.25,0.29,0.35
2018-07-01,26.3,,22.22,15.59,,13.1706,0.31,,0.2653,6.93,2.59,0.39,8185.0,5553.95,0.57,2500.0,2500.0,2.96,5.0,2.5,1.88,3.0,2.65,0.96,0.96,1.14,1.92,0.96,0.72,1.15,1.02,1.75,1.75,2.07,3.5,1.75,1.31,2.1,1.85,40000.0,38670.0,37000.0,39.0,43.07,24.09,23.29,22.29,23.49,25.94,0.32,0.31,0.3,0.31,0.34
2018-08-01,26.5,,22.433000000000003,15.5,,13.1172,0.32,,0.2678999999999999,6.93,2.54,0.39,8180.0,5553.45,0.56,2500.0,2620.0,3.08,5.0,3.0,2.25,3.0,2.5,0.95,0.99,1.17,1.89,1.14,0.85,1.14,0.95,1.75,1.83,2.15,3.5,2.1,1.57,2.1,1.75,40000.0,39170.0,37000.0,38.0,43.57,24.04,23.54,22.24,22.84,26.19,0.32,0.32,0.3,0.31,0.35
2018-09-01,27.1,,25.6625,15.57,,14.7405,0.32,,0.3064,7.33,2.62,0.41,8196.0,5574.3,0.55,,3500.0,3.16,4.0,3.0,3.35,3.0,2.15,,1.33,1.2,1.52,1.14,1.27,1.14,0.82,,2.45,2.21,2.8,2.1,2.34,2.1,1.5,40500.0,39170.0,37000.0,38.56,43.89,24.36,23.56,22.25,23.19,26.4,0.33,0.32,0.3,0.31,0.35
2018-10-01,27.07,,24.2025,15.46,,13.8209,0.32,,0.2888,7.16,2.5,0.4,8230.0,5581.99,0.54,3250.0,4000.0,3.48,5.0,2.88,3.0,4.0,2.0,1.28,1.58,1.37,1.97,1.14,1.18,1.58,0.79,2.27,2.8,2.43,3.5,2.01,2.1,2.8,1.4,41000.0,39750.0,38130.0,39.25,44.13,24.1,23.36,22.41,23.07,25.94,0.31,0.3,0.29,0.3,0.33
2018-11-01,26.86,,24.5,15.41,,14.052,0.32,,0.2921,7.32,2.57,0.41,8274.0,5596.82,0.56,,,,,,,,,,,,,,,,,,,,,,,,,41000.0,39920.0,37500.0,39.25,44.33,24.07,23.44,22.01,23.04,26.02,0.31,0.3,0.28,0.29,0.33
2018-12-01,28.43,,25.2958,16.3,,14.5012,0.34,,0.3015,7.36,2.68,0.41,8304.0,5582.67,0.57,2440.0,3000.0,2.92,5.0,3.19,2.02,3.5,2.51,0.99,1.22,1.19,2.04,1.3,0.82,1.43,1.02,1.71,2.1,2.04,3.5,2.23,1.41,2.45,1.76,41000.0,39500.0,37500.0,39.25,44.73,24.17,23.28,22.11,23.14,26.37,0.3,0.28,0.27,0.28,0.32
2019-01-01,28.37,,26.0948,16.05,,14.7619,0.34,,0.3109,7.4,2.68,0.42,8316.0,5572.63,0.59,2250.0,2120.0,2.78,5.0,3.0,2.06,2.5,3.16,0.91,0.86,1.13,2.03,1.22,0.84,1.01,1.28,1.62,1.53,2.01,3.61,2.17,1.49,1.8,2.28,41000.0,39110.0,37800.0,39.25,45.08,23.93,22.83,22.06,22.91,26.31,0.3,0.28,0.27,0.28,0.32
2019-02-01,28.84,,25.7535,16.33,,14.5811,0.34,,0.3064,7.51,2.67,0.43,8338.0,5591.9,0.59,1940.0,2000.0,2.62,,2.38,1.94,2.5,3.34,0.78,0.81,1.06,,0.96,0.78,1.01,1.35,1.4,1.45,1.89,,1.72,1.4,1.81,2.41,41500.0,39080.0,38000.0,39.25,45.12,24.07,22.67,22.04,22.76,26.17,0.3,0.28,0.27,0.28,0.33
2019-03-01,28.98,,25.155,16.34,,14.1831,0.34,,0.2987,7.58,2.67,0.44,8370.0,5607.17,0.59,1810.0,1970.0,2.61,3.0,2.06,1.9,2.5,3.25,0.73,0.79,1.05,1.2,0.83,0.76,1.0,1.31,1.3,1.42,1.88,2.16,1.48,1.37,1.8,2.34,42000.0,39080.0,37960.0,39.25,45.0,24.02,22.35,21.71,22.45,25.73,0.3,0.28,0.27,0.28,0.32
2019-04-01,27.79,,22.7094,15.65,,12.7905,0.33,,0.2693,7.66,2.69,0.44,8388.0,5594.52,0.59,2250.0,2000.0,2.57,3.0,2.25,1.82,2.0,3.19,0.89,0.79,1.01,1.18,0.89,0.72,0.79,1.26,1.62,1.44,1.85,2.15,1.62,1.31,1.44,2.29,42000.0,39080.0,37290.0,39.25,42.58,23.72,22.07,21.06,22.17,24.05,0.3,0.28,0.26,0.28,0.3
2019-05-01,27.09,,22.4111,15.44,,12.7733,0.32,,0.2653,7.78,2.7,0.46,8370.0,5544.73,0.58,,2000.0,2.38,3.0,1.75,2.06,2.0,3.38,,0.78,0.93,1.18,0.69,0.81,0.78,1.32,,1.43,1.7,2.15,1.25,1.47,1.43,2.42,40700.0,40650.0,37400.0,39.85,43.92,22.81,22.78,20.96,22.33,24.61,0.28,0.28,0.26,0.27,0.3
2019-06-01,27.03,,22.0509,15.36,,12.528900000000002,0.32,,0.261,7.82,2.73,0.47,8385.0,5524.11,0.59,2550.0,2000.0,2.42,3.0,3.16,1.94,2.75,2.69,1.02,0.8,0.97,1.2,1.27,0.78,1.1,1.08,1.83,1.43,1.74,2.15,2.27,1.39,1.97,1.93,43000.0,42580.0,40220.0,40.33,46.17,24.01,23.77,22.46,22.52,25.78,0.28,0.27,0.26,0.26,0.3
2019-07-01,27.33,,22.4005,15.34,,12.5706,0.32,,0.2651,7.67,2.64,0.46,8401.0,5517.48,0.6,,2120.0,2.45,3.0,2.85,2.22,2.69,2.93,,0.85,0.99,1.21,1.15,0.89,1.08,1.18,,1.52,1.75,2.14,2.04,1.59,1.92,2.09,43000.0,43500.0,40600.0,41.0,47.51,23.47,23.75,22.16,22.38,25.93,0.27,0.27,0.25,0.26,0.3
2019-08-01,27.54,,23.4857,15.27,,13.0182,0.33,,0.2779,7.67,2.62,0.46,8405.0,5513.74,0.59,,2000.0,2.33,3.0,3.21,1.8,2.56,3.78,,0.81,0.94,1.21,1.29,0.73,1.03,1.52,,1.42,1.66,2.13,2.28,1.28,1.82,2.69,43000.0,42790.0,40480.0,41.75,48.16,23.09,22.98,21.74,22.42,25.87,0.27,0.27,0.26,0.26,0.3
2019-09-01,28.61,,24.7539,15.57,,13.471900000000002,0.34,,0.2929,7.67,2.62,0.47,8406.0,5529.54,0.6,2060.0,2000.0,2.24,,2.83,1.96,2.56,2.76,0.83,0.81,0.9,,1.14,0.79,1.03,1.11,1.46,1.42,1.59,,2.0,1.39,1.81,1.95,45250.0,43390.0,40430.0,40.5,50.89,24.12,23.13,21.55,21.58,27.12,0.29,0.28,0.26,0.26,0.33
2019-10-01,28.84,,24.5141,15.62,,13.273,0.34,,0.2893,7.67,2.59,0.47,8424.0,5540.18,0.6,,2250.0,2.32,,2.78,1.92,2.75,3.08,,0.9,0.93,,1.12,0.77,1.1,1.24,,1.6,1.65,,1.97,1.36,1.95,2.19,46800.0,45710.0,40430.0,40.5,52.54,24.5,23.93,21.16,21.2,27.5,0.3,0.29,0.26,0.26,0.34
2019-11-01,28.24,,24.3794,15.27,,13.1856,0.33,,0.2876,6.67,2.26,0.41,8432.0,5537.44,0.6,2290.0,2100.0,2.22,,2.79,1.55,2.25,3.11,0.92,0.84,0.89,,1.12,0.62,0.9,1.25,1.63,1.49,1.58,,1.98,1.1,1.6,2.21,51330.0,47970.0,40430.0,40.5,55.15,26.51,24.78,20.88,20.92,28.49,0.33,0.31,0.26,0.26,0.35
2019-12-01,28.46,,24.0122,15.43,,13.017,0.34,,0.2828,6.67,2.27,0.42,8478.0,5548.83,0.6,,2000.0,2.21,,3.0,1.98,2.0,2.89,,0.81,0.89,,1.21,0.8,0.81,1.17,,1.43,1.58,,2.14,1.41,1.43,2.06,53120.0,46740.0,40430.0,40.5,54.42,27.53,24.22,20.95,20.99,28.2,0.34,0.3,0.26,0.26,0.35
2020-01-01,28.39,32.16,22.8379,15.21,17.23,12.2374,0.33,0.38,0.269,6.67,2.25,0.42,8503.0,5549.23,0.62,2060.0,2000.0,2.2,,,1.78,2.5,3.14,0.83,0.81,0.89,,,0.72,1.01,1.26,1.47,1.43,1.57,,,1.27,1.79,2.24,55280.0,51250.0,42100.0,40.4,59.88,28.1,26.05,21.4,20.53,30.43,0.36,0.33,0.27,0.26,0.39
2020-02-01,28.22,32.1,22.6995,15.15,17.23,12.1866,0.33,0.38,0.2672,6.67,2.25,0.43,8481.0,5519.44,0.62,1810.0,2000.0,2.24,,2.22,1.69,2.5,2.9,0.73,0.8,0.9,,0.89,0.68,1.0,1.16,1.28,1.42,1.59,,1.57,1.2,1.77,2.06,52340.0,45090.0,40250.0,40.25,55.76,26.88,23.16,20.67,20.67,28.64,0.34,0.29,0.26,0.26,0.36
2020-03-01,27.22,31.83,22.311300000000003,14.55,17.01,11.9261,0.32,0.37,0.2626,6.67,2.24,0.43,8478.0,5512.25,0.56,1880.0,2100.0,2.22,,2.5,2.31,,,0.74,0.83,0.88,,0.99,0.92,,,1.33,1.49,1.57,,1.77,1.64,,,50850.0,45600.0,40250.0,40.25,54.15,26.11,23.41,20.66,20.66,27.8,0.32,0.29,0.25,0.25,0.34
2020-04-01,26.5,31.98,22.25,14.09,17.0,11.8269,0.31,0.38,0.2619,6.67,2.21,0.42,8507.0,5526.88,0.54,2920.0,3000.0,3.09,,2.75,2.94,2.63,3.08,1.14,1.17,1.2,,1.07,1.15,1.03,1.2,2.07,2.13,2.19,,1.95,2.09,1.87,2.18,50560.0,46130.0,40250.0,40.25,53.83,26.18,23.88,20.84,20.84,27.87,0.31,0.28,0.24,0.24,0.33
2020-05-01,27.12,32.4,25.0702,14.67,17.53,13.5625,0.32,0.38,0.2951,6.67,2.21,0.42,8544.0,5547.21,0.57,3130.0,3000.0,3.02,,3.0,3.0,3.0,2.9,1.23,1.18,1.19,,1.18,1.18,1.18,1.14,2.22,2.13,2.14,,2.13,2.13,2.13,2.06,47870.0,45160.0,40250.0,40.5,53.81,24.71,23.31,20.77,20.9,27.77,0.3,0.28,0.25,0.25,0.34
2020-06-01,26.68,32.48,22.3566,14.3,17.41,11.981,0.31,0.38,0.2633,6.61,2.19,0.41,8620.0,5586.44,0.61,2750.0,3000.0,2.87,,3.0,4.0,3.0,1.7,1.09,1.18,1.13,,1.18,1.58,1.18,0.67,1.95,2.13,2.04,,2.13,2.84,2.13,1.21,53610.0,51640.0,49440.0,49.75,55.88,27.44,26.44,25.31,25.47,28.61,0.32,0.31,0.3,0.3,0.34
2020-07-01,25.5,33.16,23.6962,13.56,17.63,12.601,0.3,0.39,0.2794,6.54,2.16,0.41,8694.0,5640.3,0.6,2250.0,3000.0,2.82,,3.0,3.0,3.0,2.55,0.89,1.18,1.11,,1.18,1.18,1.18,1.01,1.62,2.16,2.03,,2.16,2.16,2.16,1.83,54570.0,56220.0,45660.0,47.57,60.18,27.25,28.08,22.8,23.76,30.06,0.33,0.34,0.27,0.28,0.36
2020-08-01,26.29,33.08,24.2579,13.79,17.35,12.7245,0.31,0.39,0.2859,6.66,2.2,0.42,8691.0,5641.04,0.59,2630.0,3000.0,2.66,,2.5,3.0,2.5,3.3,1.04,1.19,1.05,,0.99,1.19,0.99,1.3,1.92,2.19,1.94,,1.82,2.19,1.82,2.41,59240.0,54890.0,43000.0,43.0,67.64,29.4,27.24,21.34,21.34,33.57,0.35,0.33,0.26,0.26,0.4
2020-09-01,26.93,33.05,24.7381,13.83,16.97,12.7053,0.32,0.39,0.2917,6.6,2.17,0.42,8712.0,5657.37,0.59,,2500.0,2.52,,2.0,4.25,2.0,2.8,,0.99,1.0,,0.79,1.68,0.79,1.11,,1.82,1.84,,1.46,3.1,1.46,2.04,59870.0,55530.0,43000.0,43.0,67.06,29.27,27.14,21.02,21.02,32.78,0.36,0.33,0.26,0.26,0.4
2020-10-01,27.67,33.06,24.9444,14.07,16.82,12.6885,0.33,0.39,0.2942,6.59,2.13,0.42,8710.0,5652.29,0.59,,2500.0,2.61,,2.38,3.75,2.5,3.4,,0.99,1.03,,0.94,1.48,0.99,1.35,,1.82,1.91,,1.74,2.74,1.82,2.48,61340.0,61120.0,43000.0,43.0,70.1,29.48,29.38,20.67,20.67,33.69,0.38,0.38,0.26,0.26,0.43
2020-11-01,28.69,33.14,26.5,14.7,16.99,13.5824,0.34,0.39,0.3125,6.62,2.12,0.42,8717.0,5641.25,0.61,2130.0,2500.0,2.56,,2.38,4.25,2.5,3.7,0.84,0.99,1.01,,0.94,1.68,0.99,1.46,1.57,1.84,1.88,,1.75,3.13,1.84,2.72,63250.0,57440.0,43000.0,43.0,60.59,30.15,27.38,20.5,20.5,28.88,0.4,0.36,0.27,0.27,0.38
2020-12-01,29.0,33.17,25.75,14.93,17.08,13.2577,0.34,0.39,0.3037,6.71,2.16,0.43,8729.0,5623.88,0.62,,2500.0,2.46,,2.0,4.0,2.5,3.35,,0.98,0.97,,0.79,1.57,0.98,1.32,,1.87,1.84,,1.49,2.99,1.87,2.5,62750.0,51920.0,47770.0,43.0,60.49,30.12,24.92,22.93,20.64,29.04,0.39,0.32,0.3,0.27,0.38
2021-01-01,29.0,33.29,25.5,14.8,16.98,13.0104,0.34,0.39,0.3007,6.71,2.17,0.43,8739.0,5615.98,0.62,2500.0,3000.0,2.7,,2.5,4.0,3.0,3.15,0.98,1.17,1.06,,0.98,1.57,1.17,1.23,0.56,0.67,0.61,,0.56,0.9,0.67,0.71,49780.0,51030.0,43000.0,43.0,61.91,23.95,24.55,20.68,20.68,29.78,0.31,0.32,0.27,0.27,0.39
2021-02-01,29.79,33.63,26.2132,15.19,17.14,13.3618,0.35,0.4,0.3091,7.6,2.46,0.49,8778.0,5635.2,0.63,2380.0,3000.0,2.99,,4.13,3.0,3.0,2.85,0.93,1.17,1.17,,1.61,1.17,1.17,1.11,0.53,0.67,0.67,,0.93,0.67,0.67,0.64,48000.0,50910.0,44360.0,43.0,64.0,22.68,24.06,20.96,20.32,30.24,0.3,0.32,0.28,0.27,0.4
2021-03-01,29.5,33.93,26.4571,14.95,17.2,13.4095,0.35,0.4,0.312,7.66,2.46,0.49,8775.0,5628.49,0.61,2250.0,2500.0,2.85,,2.0,4.13,2.5,2.65,0.88,0.97,1.11,,0.78,1.61,0.97,1.03,0.5,0.56,0.63,,0.44,0.92,0.56,0.59,48000.0,48870.0,43000.0,43.0,64.02,22.6,23.01,20.24,20.24,30.14,0.31,0.31,0.28,0.28,0.41
2021-04-01,29.38,34.03,26.5,14.79,17.14,13.3435,0.35,0.4,0.3125,7.66,2.43,0.49,8800.0,5637.09,0.6,,2500.0,2.8,,1.75,4.25,2.5,2.8,,0.97,1.09,,0.68,1.65,0.97,1.09,,0.56,0.62,,0.39,0.94,0.56,0.62,53850.0,47980.0,49480.0,45.01,61.03,25.09,22.36,23.06,20.97,28.44,0.35,0.31,0.32,0.29,0.4
2021-05-01,29.11,34.02,26.5526,14.96,17.48,13.6467,0.34,0.4,0.3131,7.66,2.42,0.49,8855.0,5654.24,0.62,,3000.0,2.82,,2.5,4.13,3.0,3.0,,1.16,1.09,,0.97,1.6,1.16,1.16,,0.67,0.63,,0.56,0.92,0.67,0.67,62250.0,53250.0,53220.0,53.07,64.46,28.98,24.79,24.77,24.7,30.01,0.41,0.35,0.35,0.35,0.42
2021-06-01,29.86,34.4,26.357100000000003,15.15,17.45,13.3707,0.35,0.41,0.3107999999999999,7.64,2.41,0.49,8882.0,5680.53,0.62,,2500.0,2.68,,2.13,4.25,2.5,3.25,,0.97,1.04,,0.82,1.64,0.97,1.26,,0.56,0.6,,0.48,0.95,0.56,0.73,62250.0,55070.0,53370.0,53.33,62.4,29.06,25.71,24.92,24.9,29.13,0.4,0.35,0.34,0.34,0.4
2021-07-01,29.0,34.7,25.5,14.64,17.51,12.8702,0.34,0.41,0.3007,7.66,2.39,0.49,8886.0,5678.83,0.61,,3000.0,2.69,,1.75,4.25,3.25,3.1,,1.15,1.03,,0.67,1.63,1.25,1.19,,0.66,0.6,,0.39,0.94,0.72,0.69,61560.0,55610.0,53690.0,54.44,61.84,28.36,25.62,24.74,25.08,28.49,0.38,0.35,0.34,0.34,0.39
2021-08-01,29.38,34.99,26.428600000000003,14.6,17.39,13.1354,0.35,0.41,0.3111,7.75,2.42,0.5,8864.0,5663.17,0.62,,2500.0,2.83,,3.0,4.0,3.25,3.56,,0.96,1.08,,1.15,1.53,1.24,1.36,,0.55,0.63,,0.66,0.88,0.72,0.79,61500.0,56330.0,53570.0,55.01,62.78,28.17,25.8,24.54,25.2,28.76,0.37,0.34,0.33,0.33,0.38
2021-09-01,31.0,35.81,26.863200000000003,15.08,17.42,13.0666,0.36,0.42,0.3151,7.82,2.4,0.5,8891.0,5682.55,0.62,,2500.0,2.83,,2.75,3.88,2.5,3.0,,0.95,1.08,,1.05,1.48,0.95,1.15,,0.55,0.63,,0.61,0.86,0.55,0.66,64400.00000000001,60800.0,57360.0,58.03,68.14,28.89,27.27,25.73,26.03,30.56,0.38,0.36,0.34,0.34,0.4
2021-10-01,33.0,36.65,30.9079,15.88,17.64,14.8741,0.39,0.43,0.361,7.95,2.4,0.51,8958.0,5718.4,0.63,,2500.0,2.88,,3.0,4.5,2.5,3.55,,0.95,1.09,,1.14,1.71,0.95,1.35,,0.55,0.63,,0.66,0.99,0.55,0.78,69000.0,58110.0,55000.0,55.0,73.41,30.37,25.58,24.21,24.21,32.31,0.4,0.34,0.32,0.32,0.43
2021-11-01,34.0,38.16,31.5818,16.44,18.46,15.2739,0.4,0.44,0.3682,8.53,2.58,0.54,8984.0,5714.1,0.63,,3000.0,2.92,,2.75,,3.5,3.0,,1.12,1.09,,1.03,,1.31,1.12,,0.65,0.64,,0.6,,0.76,0.65,69250.0,55420.0,55000.0,55.0,72.63,29.6,23.69,23.51,23.51,31.04,0.4,0.32,0.32,0.32,0.42
2021-12-01,34.62,40.14,32.119,16.81,19.49,15.5929,0.4,0.47,0.3743,8.63,2.61,0.55,9069.0,5735.52,0.63,,3000.0,2.96,,2.75,4.25,3.5,4.0,,1.14,1.12,,1.04,1.61,1.33,1.51,,0.65,0.64,,0.6,0.92,0.76,0.87,70000.0,55000.0,55000.0,55.0,66.68,29.92,23.51,23.51,23.51,28.51,0.39,0.31,0.31,0.31,0.38
2022-01-01,34.0,41.03,31.1957,16.39,19.78,15.0356,0.4,0.48,0.3629,8.77,2.62,0.56,9248.0,5816.27,0.65,2750.0,3000.0,2.95,3.0,2.75,4.13,3.5,3.25,1.03,1.13,1.11,1.13,1.03,1.55,1.32,1.22,0.6,0.65,0.64,0.65,0.6,0.9,0.76,0.71,72250.0,55000.0,55000.0,55.0,57.65,30.77,23.42,23.42,23.42,24.55,0.41,0.31,0.31,0.31,0.33
2022-02-01,34.63,41.22,30.5,16.63,19.79,14.6435,0.4,0.48,0.3547,8.81,2.59,0.56,9458.0,5949.45,0.66,3000.0,3000.0,2.93,3.13,1.88,4.0,3.0,3.25,1.12,1.12,1.09,1.17,0.7,1.49,1.12,1.21,0.65,0.65,0.64,0.68,0.41,0.87,0.65,0.71,73000.0,55000.0,55000.0,55.0,55.58,30.73,23.15,23.15,23.15,23.4,0.42,0.31,0.31,0.31,0.32
2022-03-01,35.61,41.65,32.045500000000004,16.99,19.87,15.2908,0.41,0.48,0.3724,10.52,3.01,0.67,9674.0,6045.49,0.67,2880.0,3000.0,3.41,3.5,3.0,4.13,3.25,4.13,1.06,1.11,1.26,1.29,1.11,1.52,1.2,1.52,0.62,0.64,0.73,0.75,0.64,0.89,0.7,0.89,70800.0,55000.0,55000.0,55.0,60.85,29.57,22.97,22.97,22.97,25.41,0.39,0.31,0.31,0.31,0.34
2022-04-01,35.26,42.01,32.5,16.7,19.9,15.3955,0.41,0.49,0.3769,11.07,3.11,0.66,9905.0,6132.05,0.69,3750.0,4000.0,3.79,3.5,3.63,6.0,5.0,4.0,1.38,1.47,1.39,1.29,1.33,2.21,1.84,1.47,0.8,0.85,0.8,0.74,0.77,1.27,1.06,0.85,69750.0,41120.0,50120.0,51.25,71.72,28.67,16.9,20.6,21.07,29.48,0.38,0.22,0.27,0.28,0.39
2022-05-01,40.89,44.53,37.3611,19.56,21.31,17.8756,0.47,0.51,0.4286,11.43,3.18,0.62,10060.0,6203.19,0.69,3500.0,3000.0,3.56,4.25,3.38,3.63,3.0,4.0,1.29,1.11,1.31,1.57,1.25,1.34,1.11,1.47,0.73,0.63,0.74,0.89,0.71,0.76,0.63,0.84,74310.0,72440.0,57920.0,57.6,79.17,30.41,29.64,23.7,23.57,32.4,0.38,0.37,0.3,0.29,0.4
2022-06-01,41.14,48.56,35.818200000000004,19.4,22.9,16.893,0.45,0.53,0.3892,11.69,3.26,0.63,10243.0,6277.94,0.7,3750.0,4000.0,3.79,3.5,3.63,6.0,5.0,4.0,1.38,1.47,1.39,1.29,1.34,2.21,1.84,1.47,0.78,0.83,0.79,0.73,0.76,1.25,1.04,0.83,84250.0,63690.0,49000.0,49.0,87.78,32.42,24.51,18.85,18.85,33.78,0.41,0.31,0.24,0.24,0.43
2022-07-01,41.28,49.72,36.527800000000006,19.38,23.35,17.1524,0.44,0.53,0.3891,11.82,3.25,0.63,10578.0,6442.09,0.71,,,,,,,,,,,,,,,,,,,,,,,,,91000.0,57310.0,49000.0,49.0,94.27,33.56,21.13,18.07,18.07,34.76,0.41,0.26,0.22,0.22,0.43
2022-08-01,46.53,52.04,42.65,21.12,23.62,19.356,0.49,0.55,0.4493999999999999,12.2,3.33,0.64,10844.0,6617.84,0.73,,,,,,,,,,,,,,,,,,,,,,,,,90730.0,49000.0,49000.0,49.0,96.37,32.66,17.64,17.64,17.64,34.69,0.41,0.22,0.22,0.22,0.44
2022-09-01,50.1,55.77,46.4524,22.34,24.87,20.7119,0.52,0.58,0.4858,12.91,3.47,0.67,11025.0,6650.78,0.74,3500.0,3500.0,3.62,5.0,3.5,3.63,3.5,5.0,1.28,1.28,1.32,1.83,1.28,1.33,1.28,1.83,0.7,0.7,0.73,1.0,0.7,0.73,0.7,1.0,116500.0,69240.0,56880.0,56.88,106.76,42.42,25.21,20.71,20.71,38.88,0.5,0.3,0.25,0.25,0.46
2022-10-01,54.65,57.91,51.3824,24.15,25.59,22.7042,0.57,0.6,0.5318,13.21,3.46,0.65,11146.0,6730.81,0.72,3500.0,3500.0,3.65,4.5,3.5,3.5,3.5,4.5,1.28,1.28,1.33,1.64,1.28,1.28,1.28,1.64,0.69,0.69,0.71,0.88,0.69,0.69,0.69,0.88,105500.0,87500.0,64750.0,64.75,95.16,36.69,30.43,22.52,22.52,33.09,0.48,0.4,0.29,0.29,0.43
2022-11-01,60.11,63.45,55.7045,26.71,28.19,24.748400000000004,0.62,0.65,0.5707,14.77,3.78,0.61,11160.0,6733.29,0.71,3500.0,3500.0,3.7,4.5,3.75,3.75,3.5,4.5,1.27,1.27,1.35,1.64,1.36,1.36,1.27,1.64,0.71,0.71,0.75,0.91,0.76,0.76,0.71,0.91,100910.0,86990.0,64750.0,64.75,95.81,34.83,30.02,22.35,22.35,33.07,0.45,0.39,0.29,0.29,0.43
2022-12-01,62.26,68.27,55.9842,27.8,30.49,25.0018,0.63,0.69,0.5664,16.84,4.22,0.68,11177.0,6699.62,0.72,3750.0,3500.0,3.65,4.0,3.67,3.25,3.5,3.75,1.36,1.27,1.33,1.45,1.33,1.18,1.27,1.36,0.78,0.72,0.75,0.83,0.76,0.67,0.72,0.78,114250.0,109800.0,64750.0,64.75,105.13,39.24,37.71,22.24,22.24,36.11,0.51,0.49,0.29,0.29,0.47
2023-01-01,59.09,68.48,54.373900000000006,26.23,30.4,24.1377,0.59,0.69,0.5443,18.3,4.52,0.64,13281.0,7933.65,0.87,3500.0,,3.54,,3.25,3.0,4.75,,1.27,,1.28,,1.18,1.09,1.72,,0.73,,0.74,,0.68,0.63,0.99,,132700.0,129530.0,73900.0,64.75,123.4,44.3,43.24,24.67,21.62,41.2,0.56,0.55,0.31,0.28,0.53
2023-02-01,57.5,67.3,52.9079,25.38,29.7,23.3503,0.57,0.67,0.5241,18.54,4.5,0.61,13315.0,7941.45,0.88,3500.0,4000.0,3.62,,3.5,,,,1.27,1.45,1.31,,1.27,,,,0.73,0.83,0.75,,0.73,,,,132380.0,93510.0,79410.0,64.75,121.04,42.36,29.92,25.41,20.72,38.73,0.5,0.35,0.3,0.24,0.45
2023-03-01,58.68,67.0,54.2,25.61,29.24,23.6539,0.58,0.66,0.5316,18.83,4.5,0.61,13329.0,7935.76,0.87,3380.0,4000.0,3.44,,3.13,2.5,4.72,,1.22,1.44,1.24,,1.13,0.9,1.7,,0.7,0.83,0.72,,0.65,0.52,0.98,,141060.0,121370.0,110400.0,90.28,142.67,43.52,37.45,34.06,27.85,44.02,0.5,0.43,0.39,0.32,0.51
2023-04-01,56.33,66.07,50.8194,24.31,28.51,21.9313,0.55,0.64,0.4938,19.21,4.14,0.62,13409.0,7956.84,0.9,2880.0,3750.0,3.13,,,2.75,,,1.04,1.35,1.13,,,0.99,,,0.6,0.79,0.66,,,0.58,,,141750.0,145840.0,130370.0,119.75,139.0,42.71,43.94,39.28,36.08,41.88,0.5,0.51,0.46,0.42,0.49
2023-05-01,54.0,65.32,48.7386,23.39,28.29,21.1072,0.52,0.63,0.4669,19.43,4.08,0.63,13380.0,7932.72,0.9,,,,,,,,,,,,,,,,,,,,,,,,,145200.0,146650.0,121230.0,130.68,142.32,43.07,43.5,35.96,38.76,42.21,0.51,0.51,0.42,0.46,0.5
2023-06-01,46.5,63.1,42.1,19.89,26.99,18.005300000000002,0.44,0.6,0.3976,19.43,3.99,0.63,13396.0,7931.16,0.9,3500.0,3500.0,3.5,,,,,,1.26,1.26,1.26,,,,,,0.73,0.73,0.73,,,,,,132500.0,125690.0,121620.0,124.14,137.27,39.4,37.38,36.17,36.91,40.82,0.46,0.44,0.42,0.43,0.48
2023-07-01,47.5,61.58,40.75,20.24,26.24,17.361500000000003,0.44,0.57,0.3747,19.46,3.92,0.63,13413.0,7924.69,0.89,2500.0,2750.0,3.21,4.0,3.75,3.0,4.0,2.63,0.9,0.99,1.15,1.44,1.35,1.08,1.44,0.95,0.52,0.58,0.67,0.84,0.79,0.63,0.84,0.55,139000.0,138080.0,136560.0,140.1,154.07,39.95,39.69,39.25,40.27,44.28,0.49,0.49,0.49,0.5,0.55
2023-08-01,47.5,58.29,39.4,19.52,23.95,16.188399999999998,0.43,0.53,0.36,19.7,3.91,0.64,13394.0,7914.83,0.88,2400.0,2600.0,3.23,4.1,3.0,3.0,3.0,4.8,0.86,0.93,1.16,1.47,1.08,1.08,1.08,1.72,0.5,0.54,0.67,0.85,0.62,0.62,0.62,1.0,143950.0,136990.0,135270.0,138.46,154.85,40.68,38.71,38.22,39.13,43.76,0.49,0.47,0.46,0.47,0.53
2023-09-01,44.25,56.04,42.5,17.91,22.68,17.202,0.4,0.51,0.3865,19.44,3.79,0.63,13291.0,7839.0,0.87,2300.0,2800.0,3.01,4.0,2.5,2.8,3.0,4.5,0.82,1.0,1.08,1.43,0.9,1.0,1.08,1.61,0.47,0.58,0.62,0.82,0.52,0.58,0.62,0.93,139880.0,138250.0,135250.0,138.12,150.94,38.75,38.3,37.47,38.27,41.82,0.47,0.46,0.45,0.46,0.51
2023-10-01,44.0,52.48,42.0,17.6,20.99,16.8002,0.4,0.47,0.3801,25.88,4.99,0.84,13175.0,7757.14,0.84,2250.0,2750.0,3.18,4.0,3.13,2.75,3.0,4.0,0.81,0.98,1.14,1.43,1.12,0.98,1.07,1.43,0.46,0.56,0.65,0.82,0.64,0.56,0.61,0.82,134350.0,135990.0,133150.0,135.76,143.18,36.82,37.27,36.49,37.21,39.24,0.48,0.48,0.47,0.48,0.51
2023-11-01,41.8,53.79,39.3,16.88,21.72,15.8707,0.38,0.49,0.3544,19.61,3.73,0.64,13134.0,7703.69,0.84,4300.0,2800.0,3.22,4.0,2.5,2.6,3.0,4.0,1.54,1.0,1.15,1.43,0.89,0.93,1.07,1.43,0.89,0.58,0.66,0.83,0.52,0.54,0.62,0.83,140500.0,141050.0,139970.0,140.3,133.54,37.52,37.67,37.38,37.47,35.67,0.49,0.49,0.49,0.49,0.47
2023-12-01,46.5,55.44,40.5,18.89,22.52,16.452,0.42,0.5,0.3677,19.92,3.74,0.65,12642.0,7384.57,0.81,4500.0,2750.0,3.3,4.5,2.5,2.75,3.0,3.5,1.61,0.98,1.18,1.61,0.89,0.98,1.07,1.25,0.94,0.57,0.69,0.94,0.52,0.57,0.62,0.73,142560.0,140640.0,138290.0,139.9,136.67,37.76,37.26,36.63,37.06,36.2,0.5,0.5,0.49,0.49,0.48
2024-01-01,47.0,56.48,41.3,18.9,22.71,16.6086,0.43,0.51,0.3755,21.24,3.92,0.69,12539.0,7308.66,0.8,2250.0,2750.0,3.08,4.5,2.5,2.5,3.0,4.0,0.8,0.98,1.1,1.61,0.89,0.89,1.07,1.43,0.47,0.57,0.64,0.94,0.52,0.52,0.62,0.83,144610.0,141240.0,136290.0,139.9,138.92,37.62,36.74,35.45,36.39,36.14,0.52,0.5,0.49,0.5,0.5
2024-02-01,45.5,56.66,38.25,18.22,22.69,15.3193,0.41,0.52,0.3477,26.23,4.35,0.85,12512.0,7278.01,0.8,4000.0,2750.0,3.39,4.0,2.75,2.5,3.5,5.0,1.42,0.98,1.21,1.42,0.98,0.89,1.25,1.78,0.83,0.57,0.7,0.83,0.57,0.52,0.72,1.03,141750.0,139920.0,136170.0,139.9,134.32,36.86,36.38,35.41,36.38,34.93,0.51,0.5,0.49,0.5,0.48
2024-03-01,42.5,55.56,35.0,16.81,21.98,13.8436,0.39,0.51,0.3182,26.65,4.38,0.59,12464.0,7234.98,0.79,4500.0,3000.0,3.56,5.0,3.0,3.5,3.5,4.0,1.6,1.07,1.26,1.78,1.07,1.24,1.24,1.42,0.93,0.62,0.74,1.04,0.62,0.73,0.73,0.83,139750.0,137540.0,133120.0,138.68,129.84,35.73,35.16,34.03,35.45,33.19,0.5,0.49,0.48,0.5,0.47
2024-04-01,42.5,55.85,35.0,16.71,21.96,13.7644,0.39,0.51,0.3182,23.71,3.85,0.5,12467.0,7221.45,0.77,,,,,,,,,,,,,,,,,,,,,,,,,125540.0,112810.0,113340.0,111.15,114.93,32.23,28.97,29.1,28.54,29.51,0.45,0.41,0.41,0.4,0.41
2024-05-01,40.4,53.86,33.28,15.77,21.02,12.987,0.35,0.47,0.2893,22.7,3.6,0.48,12451.0,7197.69,0.77,3130.0,2880.0,3.5,5.0,2.69,3.0,4.0,6.38,1.11,1.02,1.24,1.77,0.95,1.06,1.42,2.26,0.64,0.59,0.72,1.03,0.55,0.62,0.82,1.31,107120.0,89380.0,86350.0,88.54,101.79,28.43,23.72,22.91,23.5,27.01,0.38,0.32,0.31,0.32,0.37
2024-06-01,42.5,52.61,37.03,16.44,20.35,14.3255,0.36,0.45,0.314,22.09,3.43,0.46,12431.0,7171.01,0.76,3380.0,3000.0,3.59,4.81,2.63,3.63,4.0,4.13,1.2,1.06,1.27,1.7,0.93,1.28,1.42,1.46,0.7,0.62,0.74,0.99,0.54,0.75,0.82,0.85,103250.0,84340.0,80350.0,84.55,97.16,27.28,22.28,21.23,22.34,25.67,0.37,0.3,0.29,0.3,0.35
2024-07-01,42.5,53.34,36.79,16.3,20.46,14.1142,0.36,0.45,0.312,21.69,3.29,0.45,12357.0,7112.9,0.76,3250.0,2880.0,3.62,5.0,2.69,3.06,4.0,5.0,1.15,1.02,1.28,1.77,0.95,1.08,1.41,1.77,0.67,0.6,0.75,1.04,0.56,0.63,0.83,1.04,105180.0,96540.0,91150.0,91.17,100.57,27.21,24.98,23.58,23.59,26.02,0.38,0.35,0.33,0.33,0.36
2024-08-01,42.5,52.76,36.82,16.16,20.06,14.0029,0.36,0.44,0.3101,21.89,3.24,0.45,12323.0,7077.94,0.78,4000.0,3000.0,3.56,5.0,2.81,2.5,3.0,5.0,1.41,1.06,1.26,1.77,0.99,0.88,1.06,1.77,0.83,0.63,0.74,1.04,0.59,0.52,0.63,1.04,101060.0,88320.0,83760.0,87.25,99.36,26.05,22.76,21.59,22.49,25.61,0.36,0.32,0.3,0.31,0.36
2024-09-01,42.5,52.43,37.12,15.65,19.31,13.669300000000002,0.36,0.44,0.3123,21.69,3.34,0.45,12340.0,7070.94,0.8,2880.0,3000.0,3.45,5.5,2.75,2.63,3.1,5.0,1.01,1.05,1.2,1.92,0.96,0.92,1.08,1.75,0.61,0.63,0.73,1.16,0.58,0.55,0.65,1.05,94060.0,82750.0,79950.0,86.0,93.95,24.37,21.44,20.71,22.28,24.34,0.34,0.3,0.29,0.31,0.34
2024-10-01,42.9,51.97,37.52,15.48,18.75,13.5358,0.36,0.43,0.3127,21.9,3.31,0.45,12310.0,7036.79,0.79,3000.0,2750.0,3.56,4.81,3.13,2.88,2.88,4.75,1.05,0.96,1.24,1.68,1.09,1.01,1.01,1.66,0.63,0.57,0.74,1.0,0.65,0.6,0.6,0.99,97750.0,93440.0,83440.0,86.5,101.04,25.02,23.91,21.36,22.14,25.86,0.35,0.34,0.3,0.31,0.36
2024-11-01,44.0,51.92,38.74,15.95,18.82,14.0454,0.37,0.44,0.3247,21.67,3.21,0.44,12277.0,7000.67,0.78,3000.0,2500.0,3.39,5.0,2.75,2.81,2.88,5.0,1.05,0.87,1.18,1.74,0.96,0.98,1.0,1.74,0.62,0.51,0.7,1.03,0.57,0.58,0.59,1.03,95660.0,93440.0,83670.0,86.5,100.9,24.36,23.8,21.31,22.03,25.7,0.34,0.34,0.3,0.31,0.36
2024-12-01,44.5,51.18,38.07,16.3,18.75,13.9455,0.37,0.43,0.3187,21.96,3.18,0.43,12263.0,6976.26,0.77,3000.0,2500.0,3.32,5.0,3.0,2.75,3.0,4.88,1.04,0.87,1.15,1.74,1.04,0.96,1.04,1.7,0.61,0.51,0.68,1.02,0.61,0.56,0.61,1.0,98000.0,89960.0,82440.0,86.5,96.06,24.94,22.9,20.98,22.02,24.45,0.35,0.32,0.3,0.31,0.35
2025-01-01,43.7,51.25,37.82,15.98,18.75,13.833900000000002,0.36,0.43,0.3157,,,,12237.0,6946.15,0.75,3000.0,2500.0,3.22,5.25,3.0,2.88,3.13,4.0,1.04,0.87,1.12,1.82,1.04,1.0,1.09,1.39,0.61,0.51,0.65,1.06,0.61,0.58,0.63,0.81,96060.0,88280.0,83380.0,85.78,99.38,24.4,22.42,21.18,21.79,25.24,0.34,0.32,0.3,0.31,0.36
2025-02-01,41.75,51.27,37.15,15.15,18.61,13.4819,0.34,0.42,0.3055,,,,,,,4000.0,2500.0,3.58,4.75,4.0,2.88,3.38,4.0,1.38,0.87,1.24,1.64,1.38,1.0,1.17,1.38,0.82,0.51,0.73,0.97,0.82,0.59,0.69,0.82,94000.0,85890.0,83860.0,85.12,95.27,23.83,21.77,21.26,21.58,24.15,0.34,0.31,0.3,0.3,0.34
2025-03-01,,,,,,,,,,,,,,,,,,,,,,,,,,,,,,,,,,,,,,,,94580.0,87100.0,82800.0,85.5,93.55,,,,,,,,,,
