Date,"Ukraine, WHOLESALE, National Average, Wheat (flour, highest grade, offer, EXW), UAH/Kg","Ukraine, WHOLESALE, National Average, Wheat (flour, first grade, offer, EXW), UAH/Kg","Ukraine, WHOLESALE, National Average, Wheat (3rd class, bid, EXW, processing), UAH/Kg","Ukraine, WHOLESALE, National Average, Wheat (flour, highest grade, offer, EXW), USD/Kg","Ukraine, WHOLESALE, National Average, Wheat (flour, first grade, offer, EXW), USD/Kg","Ukraine, WHOLESALE, National Average, Wheat (3rd class, bid, EXW, processing), USD/Kg","Ukraine, WHOLESALE, National Average, Wheat (flour, highest grade, offer, EXW), UAH-real/Kg","Ukraine, WHOLESALE, National Average, Wheat (flour, first grade, offer, EXW), UAH-real/Kg","Ukraine, WHOLESALE, National Average, Wheat (3rd class, bid, EXW, processing), UAH-real/Kg"
2000-01-01,1.14,0.96,,0.2118499999999999,0.1784,,3.64383,3.06849,
2000-02-01,1.28,1.165,,0.23092,0.21017,,3.96062,3.60478,
2000-03-01,1.446,1.322,,0.2644499999999999,0.24177,,4.38653,4.01037,
2000-04-01,1.5025,1.3925,,0.27707,0.25679,,4.481739999999999,4.15363,
2000-05-01,1.5125,1.4025,,0.27988,0.25953,,4.41877,4.09741,
2000-06-01,1.532,1.426,,0.28182,0.26233,,4.316050000000001,4.01742,
2000-07-01,1.52,1.4715,,0.27948,0.27057,,4.28653,4.14975,
2000-08-01,1.4638,1.3513,,0.26916,0.24847,,4.12804,3.81078,
2000-09-01,1.384,1.29,,0.25446,0.23718,,3.80409,3.54572,
2000-10-01,1.3725,1.275,,0.25236,0.23443,,3.7204,3.45611,
2000-11-01,1.345,1.2575,,0.24737,0.23128,,3.63133,3.39509,
2000-12-01,1.33,1.256,,0.24467,0.23106,,3.5342800000000003,3.33764,
2001-01-01,1.3313,1.2563,0.73,0.2450399999999999,0.23123,0.13436,3.48545,3.2891,1.9112
2001-02-01,1.3638,1.2625,0.7713,0.25118,0.23252,0.14205,3.54925,3.28562,2.00728
2001-03-01,1.41,1.293,0.805,0.26008,0.2385,0.14849,3.64759,3.34492,2.08249
2001-04-01,1.44,1.2975,0.8425,0.26577,0.23947,0.15549,3.67015,3.30696,2.14729
2001-05-01,1.4375,1.275,0.845,0.26553,0.23551,0.15609,3.64918,3.23667,2.14508
2001-06-01,1.428,1.272,0.84,0.26439,0.2355,0.15552,3.60345,3.20979,2.11967
2001-07-01,1.3975,1.25,0.535,0.26019,0.23273,0.09961,3.58747,3.20883,1.37338
2001-08-01,1.214,1.038,0.472,0.22706,0.1941399999999999,0.08828,3.12266,2.66995,1.2140799999999998
2001-09-01,1.0025,0.8675,0.4525,0.18777,0.1624799999999999,0.08475,2.56836,2.2225,1.15929
2001-10-01,0.9325,0.8375,0.4175,0.1756,0.15771,0.07862,2.3842600000000003,2.14136,1.06748
2001-11-01,0.888,0.775,0.4174,0.16795,0.14658,0.07894,2.25918,1.9717,1.06192
2001-12-01,0.8713,0.7513,0.417,0.16457,0.14191,0.07876,2.18179,1.8813,1.04419
2002-01-01,0.8713,0.7463,0.421,0.16401,0.14048,0.07925,2.16179,1.85165,1.04455
2002-02-01,0.875,0.75,0.4213,0.16444,0.14095,0.07918,2.2008,1.8864,1.05965
2002-03-01,0.873,0.74,0.4082,0.16403,0.13904,0.0767,2.21096,1.87412,1.03381
2002-04-01,0.87,0.733,0.3983,0.16331,0.13759,0.07476,2.17329,1.83106,0.99497
2002-05-01,0.861,0.7252000000000001,0.399,0.1616,0.13611,0.07489,2.15712,1.81689,0.99964
2002-06-01,0.8488,0.715,0.399,0.15927,0.13416,0.07487,2.16464,1.82342,1.01754
2002-07-01,0.8325,0.7112999999999999,0.376,0.1562299999999999,0.13348,0.07056,2.15524,1.84147,0.97342
2002-08-01,0.79,0.686,0.339,0.14824,0.1287299999999999,0.06361,2.04935,1.77956,0.8794099999999999
2002-09-01,0.7425,0.6387999999999999,0.335,0.13932,0.11986,0.06286,1.92224,1.65377,0.86727
2002-10-01,0.7275,0.6213,0.3575,0.1365,0.11658,0.06708,1.87018,1.59718,0.91902
2002-11-01,0.746,0.632,0.404,0.13995,0.11857,0.07579,1.90437,1.6133499999999998,1.03132
2002-12-01,0.7925,0.6775,0.4325,0.14864,0.12707,0.08112,1.99525,1.70572,1.08889
2003-01-01,0.844,0.726,0.455,0.15827,0.1361399999999999,0.08532,2.09406,1.80129,1.12891
2003-02-01,0.98,0.8338,0.51,0.1837299999999999,0.15632,0.09561,2.40587,2.04695,1.25203
2003-03-01,1.17,0.9925,0.6275,0.21933,0.18605,0.11763,2.83967,2.40887,1.52299
2003-04-01,1.23,1.05,0.705,0.23059,0.19685,0.1321699999999999,2.96564,2.53164,1.69982
2003-05-01,1.189,1.034,0.705,0.22294,0.19388,0.13219,2.8667800000000003,2.4930700000000003,1.69982
2003-06-01,1.395,1.1725,0.7938,0.26158,0.21986,0.1488499999999999,3.36031,2.8243400000000003,1.91212
2003-07-01,1.6775,1.39,0.8575,0.3146,0.26069,0.16082,4.0446,3.35141,2.0675100000000004
2003-08-01,1.58,1.35,0.824,0.29634,0.2532,0.15455,3.87514,3.31104,2.02096
2003-09-01,1.6,1.4125,0.9788,0.3001,0.26493,0.18358,3.89808,3.44127,2.38465
2003-10-01,1.796,1.59,1.075,0.33685,0.29822,0.20162,4.32218,3.82643,2.58705
2003-11-01,1.8525,1.7048,1.1388,0.34743,0.31973,0.21358,4.375970000000001,4.02708,2.69007
2003-12-01,1.845,1.7225,1.15,0.34604,0.32306,0.21569,4.29103,4.00612,2.67462
2004-01-01,1.854,1.727,1.179,0.34776,0.32394,0.22115,4.25405,3.96265,2.70525
2004-02-01,1.925,1.7713,1.2363,0.36112,0.33229,0.23193,4.397279999999999,4.04618,2.82408
2004-03-01,1.9225,1.7788,1.2338,0.36073,0.33376,0.2315,4.375970000000001,4.0488800000000005,2.80836
2004-04-01,1.887,1.755,1.173,0.3541,0.32933,0.22012,4.26486,3.96653,2.65113
2004-05-01,1.8063,1.7138,1.0675,0.33906,0.3217,0.20038,4.05387,3.84628,2.39579
2004-06-01,1.7225,1.6175,0.8925,0.32366,0.30393,0.1677,3.83891,3.6049,1.9891
2004-07-01,1.564,1.442,0.594,0.2940899999999999,0.27115,0.11169,3.48566,3.21376,1.32384
2004-08-01,1.2875,1.22,0.515,0.2423,0.2296,0.09692,2.87193,2.72136,1.14877
2004-09-01,1.1575,1.0625,0.5425,0.218,0.20011,0.10217,2.54867,2.3395,1.19452
2004-10-01,1.168,1.034,0.555,0.22009,0.19484,0.1045799999999999,2.51772,2.22887,1.1963499999999998
2004-11-01,1.2,1.005,0.5662999999999999,0.22615,0.1894,0.10672,2.5460100000000003,2.13229,1.20151
2004-12-01,1.2,1.0,0.589,0.22616,0.18847,0.11101,2.48632,2.07194,1.22037
2005-01-01,1.1975,1.0,0.5938,0.22575,0.1885099999999999,0.11194,2.43973,2.03735,1.20978
2005-02-01,1.1775,0.9888,0.5762999999999999,0.2221699999999999,0.1865699999999999,0.1087399999999999,2.37886,1.99764,1.16428
2005-03-01,1.1463,0.9788,0.5575,0.21661,0.18496,0.10535,2.2776300000000003,1.94482,1.10772
2005-04-01,1.123,0.963,0.536,0.2162899999999999,0.1854799999999999,0.10324,2.21762,1.90166,1.05845
2005-05-01,1.1038,0.935,0.5038,0.21857,0.18515,0.09976,2.16639,1.83509,0.98879
2005-06-01,1.0625,0.9025,0.485,0.2102,0.17854,0.09595,2.07266,1.76054,0.94611
2005-07-01,1.033,0.89,0.474,0.20442,0.17613,0.0938,2.00699,1.72916,0.92092
2005-08-01,1.0213,0.8775,0.445,0.20224,0.17376,0.08812,1.98426,1.70487,0.86458
2005-09-01,0.989,0.851,0.445,0.19584,0.16851,0.08812,1.91379,1.64675,0.86111
2005-10-01,1.0088,0.855,0.4888,0.19976,0.16931,0.09679,1.93655,1.6413,0.93833
2005-11-01,1.12,0.91,0.555,0.22178,0.1802,0.1099,2.12462,1.72625,1.05282
2005-12-01,1.133,0.925,0.556,0.22436,0.18317,0.1100999999999999,2.12833,1.73761,1.04444
2006-01-01,1.1238,0.9213,0.54,0.22253,0.18244,0.10693,2.08664,1.71065,1.00266
2006-02-01,1.1475,0.9388,0.5612999999999999,0.22723,0.1859,0.11115,2.09433,1.71343,1.02444
2006-03-01,1.19,0.958,0.594,0.23564,0.1896999999999999,0.11762,2.17602,1.75179,1.08618
2006-04-01,1.1813,0.92,0.5988,0.23392,0.18218,0.11857,2.16834,1.68871,1.0991300000000002
2006-05-01,1.1513,0.92,0.58,0.22798,0.18218,0.11485,2.1052600000000004,1.6823,1.06058
2006-06-01,1.102,0.898,0.583,0.21822,0.17782,0.11545,2.01129,1.63896,1.06405
2006-07-01,1.08,0.9063,0.5838,0.21386,0.17947,0.1156,1.95632,1.64168,1.0575
2006-08-01,1.09,0.93,0.5938,0.21584,0.18416,0.11758,1.97443,1.68461,1.07561
2006-09-01,1.251,1.061,0.679,0.24772,0.2100999999999999,0.13446,2.22016,1.88297,1.20503
2006-10-01,1.305,1.1225,0.7363,0.25842,0.22228,0.1458,2.2577800000000003,1.94204,1.2738699999999998
2006-11-01,1.365,1.14,0.74,0.2703,0.22574,0.14653,2.31994,1.93753,1.2577
2006-12-01,1.328,1.132,0.74,0.26297,0.22416,0.14653,2.23732,1.90712,1.2467
2007-01-01,1.285,1.12,0.74,0.25446,0.22178,0.14653,2.1535900000000003,1.87706,1.2402
2007-02-01,1.28,1.0675,0.74,0.25347,0.21139,0.14653,2.13039,1.77671,1.23163
2007-03-01,1.288,1.07,0.747,0.25505,0.2118799999999999,0.14792,2.14,1.7778,1.24114
2007-04-01,1.3625,1.1725,0.7775,0.2698,0.23218,0.15396,2.26379,1.9481,1.29181
2007-05-01,1.395,1.2238,0.8162999999999999,0.27624,0.24234,0.1616399999999999,2.30586,2.02287,1.3493
2007-06-01,1.648,1.372,0.972,0.3263399999999999,0.27168,0.1924799999999999,2.66464,2.21837,1.5716199999999998
2007-07-01,1.5625,1.3575,0.8913,0.30941,0.26881,0.1765,2.49293,2.1658600000000003,1.42205
2007-08-01,1.624,1.42,0.999,0.32158,0.28119,0.19782,2.574,2.25067,1.58339
2007-09-01,1.6575,1.45,1.0825,0.32822,0.28713,0.21436,2.5721100000000003,2.2501100000000003,1.67982
2007-10-01,1.72,1.485,1.1438,0.3405899999999999,0.29406,0.2265,2.59391,2.23951,1.72495
2007-11-01,1.76,1.526,1.225,0.34851,0.30218,0.2425699999999999,2.59335,2.24856,1.80503
2007-12-01,1.77,1.53,1.2363,0.3505,0.30297,0.24481,2.5572600000000003,2.21051,1.78618
2008-01-01,1.7713,1.53,1.24,0.35075,0.30297,0.2455399999999999,2.48463,2.14616,1.73937
2008-02-01,1.827,1.61,1.326,0.36178,0.31881,0.2625699999999999,2.49733,2.20071,1.81251
2008-03-01,1.9075,1.8575,1.4,0.37772,0.36782,0.27723,2.51119,2.44537,1.84308
2008-04-01,1.915,1.88,1.37,0.37921,0.37228,0.27129,2.44427,2.3995900000000003,1.7486400000000002
2008-05-01,1.913,1.878,1.319,0.3837,0.37668,0.26456,2.41295,2.3688,1.66371
2008-06-01,1.9013,1.8688,1.2438,0.39186,0.38517,0.25635,2.37642,2.3358000000000003,1.55462
2008-07-01,2.075,1.91,1.1838,0.42845,0.39438,0.24443,2.60705,2.39974,1.48734
2008-08-01,2.134,1.928,1.108,0.44049,0.39797,0.22871,2.68468,2.42552,1.39392
2008-09-01,2.0913000000000004,1.895,1.1075,0.43093,0.39048,0.22821,2.60377,2.35936,1.3788900000000002
2008-10-01,2.044,1.822,0.999,0.40532,0.36129,0.1981,2.49966,2.22817,1.2217
2008-11-01,1.9888,1.7938,0.815,0.33124,0.2987599999999999,0.13574,2.39867,2.16349,0.98296
2008-12-01,1.9363,1.73,0.75,0.2554,0.22819,0.09893,2.2867,2.04307,0.8857200000000001
2009-01-01,1.928,1.713,0.761,0.25039,0.22247,0.09883,2.21184,1.96519,0.8730399999999999
2009-02-01,1.9988,1.7925,0.9113,0.25958,0.23279,0.11835,2.26077,2.02743,1.03074
2009-03-01,2.0363,1.7975,0.9388,0.2644499999999999,0.23344,0.12192,2.2712,2.00485,1.0471
2009-04-01,2.0013,1.7363,0.9125,0.25991,0.22549,0.11851,2.21168,1.91882,1.00842
2009-05-01,1.973,1.727,0.911,0.25781,0.22566,0.11904,2.17045,1.89983,1.00217
2009-06-01,1.9825,1.78,0.9975,0.26032,0.23373,0.1309799999999999,2.15629,1.93603,1.08494
2009-07-01,2.006,1.819,0.922,0.26229,0.23784,0.1205499999999999,2.18431,1.98069,1.00396
2009-08-01,1.9573,1.7538,0.9175,0.25072,0.22466,0.11753,2.13611,1.91402,1.00132
2009-09-01,1.8875,1.6975,0.8837999999999999,0.2359699999999999,0.21221,0.1104899999999999,2.04144,1.83594,0.95588
2009-10-01,1.843,1.668,0.938,0.23037,0.2085,0.11725,1.97557,1.78798,1.00547
2009-11-01,1.9388,1.6975,1.1,0.24252,0.21234,0.1376,2.05766,1.80157,1.16744
2009-12-01,2.026,1.7338,1.1575,0.25395,0.21733,0.14509,2.1291,1.82203,1.21641
2010-01-01,2.085,1.764,1.177,0.26072,0.22058,0.14718,2.1535300000000004,1.82198,1.2156900000000002
2010-02-01,2.15,1.865,1.1975,0.26874,0.23312,0.14968,2.17864,1.88984,1.21345
2010-03-01,2.1938,1.9125,1.2063,0.27536,0.24005,0.15141,2.20448,1.92181,1.21217
2010-04-01,2.166,1.896,1.182,0.27329,0.23922,0.1491299999999999,2.18109,1.90921,1.19023
2010-05-01,2.1075,1.8475,1.1738,0.26591,0.2331,0.1480999999999999,2.13557,1.87211,1.18943
2010-06-01,2.0975,1.8513,1.1625,0.26498,0.23388,0.14686,2.13441,1.88388,1.18296
2010-07-01,2.128,1.899,1.182,0.26931,0.24033,0.14959,2.17003,1.93651,1.20535
2010-08-01,2.5075,2.2075,1.3675,0.3178,0.2797699999999999,0.17331,2.52761,2.2252,1.37847
2010-09-01,2.5525,2.27,1.425,0.32268,0.28697,0.18014,2.49976,2.22309,1.3955499999999998
2010-10-01,2.604,2.352,1.597,0.32918,0.29733,0.20188,2.5373,2.29175,1.55609
2010-11-01,2.6113000000000004,2.3638000000000003,1.6113,0.3293899999999999,0.29817,0.20325,2.53672,2.29629,1.56528
2010-12-01,2.603,2.36,1.621,0.32719,0.2966399999999999,0.20375,2.50842,2.27425,1.5620999999999998
2011-01-01,2.6163000000000003,2.39,1.6313,0.32911,0.3006399999999999,0.2052,2.49628,2.28036,1.55646
2011-02-01,2.8625,2.6125,1.82,0.36048,0.329,0.2292,2.70706,2.47064,1.72117
2011-03-01,3.1325,2.775,1.9813,0.39432,0.34932,0.24941,2.92225,2.58875,1.84832
2011-04-01,3.126,2.766,1.973,0.39247,0.3472699999999999,0.24771,2.87719,2.54585,1.81596
2011-05-01,3.1013,2.7588000000000004,1.96,0.3888999999999999,0.34595,0.24578,2.83281,2.51997,1.79032
2011-06-01,3.0825,2.78,1.9675,0.38661,0.34867,0.2467599999999999,2.80501,2.52974,1.79038
2011-07-01,3.062,2.836,1.71,0.3841299999999999,0.35578,0.21452,2.82098,2.61277,1.5754
2011-08-01,2.9813,2.7575,1.567,0.37401,0.34594,0.19658,2.75983,2.5526500000000003,1.4505899999999998
2011-09-01,2.867,2.667,1.597,0.3596,0.33451,0.20031,2.65147,2.4665100000000004,1.47694
2011-10-01,2.7975,2.6175,1.555,0.3508,0.32823,0.19499,2.5872,2.42073,1.4381
2011-11-01,2.71625,2.56875,1.55625,0.34022,0.32174,0.1949199999999999,2.50724,2.37109,1.4365
2011-12-01,2.69,2.547,1.567,0.33668,0.3187799999999999,0.19613,2.47826,2.34652,1.4436600000000002
2012-01-01,2.685,2.545,1.5838,0.33605,0.31853,0.19823,2.46894,2.3402,1.4563499999999998
2012-02-01,2.755,2.6013,1.6525,0.34487,0.32563,0.20686,2.52848,2.38742,1.51663
2012-03-01,2.829,2.644,1.709,0.35423,0.33107,0.21399,2.589,2.41969,1.56401
2012-04-01,2.845,2.645,1.7113,0.35622,0.33117,0.21427,2.60364,2.42061,1.56612
2012-05-01,2.8338,2.6338000000000004,1.6713,0.35463,0.3296,0.20915,2.6008,2.41724,1.53388
2012-06-01,2.792,2.592,1.632,0.34933,0.3243,0.20419,2.56978,2.3857,1.5021099999999998
2012-07-01,2.8075,2.605,1.7,0.35125,0.32592,0.21269,2.58899,2.40225,1.56769
2012-08-01,2.948,2.732,1.834,0.36882,0.3418,0.22945,2.729,2.52905,1.69776
2012-09-01,3.015,2.77625,1.90875,0.37721,0.34734,0.2388,2.7883400000000003,2.56754,1.76526
2012-10-01,3.0538000000000003,2.8025,1.9875,0.38206,0.35062,0.24866,2.82423,2.59182,1.83809
2012-11-01,3.1,2.841,2.044,0.3878399999999999,0.35544,0.25572,2.86971,2.62995,1.89216
2012-12-01,3.155,2.8813,2.0888,0.39472,0.36048,0.26133,2.91502,2.66214,1.92992
2013-01-01,3.21,2.9425,2.13,0.4016,0.36813,0.26648,2.95733,2.71089,1.96234
2013-02-01,3.3,3.07,2.17125,0.41286,0.38409,0.27164,3.04316,2.83106,2.00226
2013-03-01,3.33,3.114,2.171,0.41661,0.38959,0.27161,3.0708200000000003,2.87163,2.00203
2013-04-01,3.3075,3.0838,2.1375,0.4138,0.38581,0.26742,3.0500700000000003,2.84378,1.97114
2013-05-01,3.302,3.064,2.142,0.41311,0.3833399999999999,0.26798,3.04209,2.82282,1.9734
2013-06-01,3.295,3.0325,2.19,0.41224,0.37939,0.27399,3.03564,2.7938,2.01762
2013-07-01,3.215,2.9925,1.6775,0.40223,0.37439,0.20987,2.96477,2.75959,1.54694
2013-08-01,2.898,2.79,1.49,0.36257,0.34906,0.18641,2.69306,2.5927,1.38463
2013-09-01,2.65,2.545,1.48,0.33154,0.3183999999999999,0.18516,2.4626,2.3650300000000004,1.37534
2013-10-01,2.585,2.4525,1.5263,0.32341,0.30683,0.1909499999999999,2.39297,2.27031,1.41291
2013-11-01,2.72,2.62,1.626,0.3403,0.32779,0.20343,2.51311,2.42072,1.50232
2013-12-01,2.805,2.695,1.7025,0.35093,0.33717,0.213,2.57682,2.47577,1.56401
2014-01-01,2.838,2.73,1.722,0.35506,0.34155,0.21544,2.60218,2.50315,1.57891
2014-02-01,2.87,2.7725,1.815,0.33163,0.32036,0.20972,2.61658,2.52769,1.65474
2014-03-01,3.0025,2.825,1.97,0.30267,0.28478,0.19859,2.67908,2.5207,1.7578
2014-04-01,3.27,2.97,2.3625,0.28107,0.25528,0.20307,2.82365,2.5646,2.04002
2014-05-01,3.874,3.292,2.512,0.3328899999999999,0.28288,0.21585,3.22387,2.73954,2.09044
2014-06-01,3.85,3.2975,2.4675,0.32603,0.27924,0.20896,3.17104,2.71598,2.03235
2014-07-01,3.7875,3.45,2.1,0.32222,0.29351,0.1786599999999999,3.10629,2.82949,1.7223
2014-08-01,3.686,3.426,2.17,0.28463,0.26455,0.16757,3.00006,2.78845,1.76618
2014-09-01,3.7675,3.5125,2.3575,0.28929,0.26971,0.18102,2.9808000000000003,2.77905,1.86523
2014-10-01,3.88,3.606,2.37,0.29962,0.27846,0.1830099999999999,2.99601,2.78444,1.83004
2014-11-01,3.88,3.6375,2.53,0.26399,0.24749,0.17214,2.9418,2.75794,1.91823
2014-12-01,4.05,3.85,2.875,0.2593399999999999,0.2465399999999999,0.1840999999999999,2.9815500000000004,2.83431,2.11653
2015-01-01,4.53,4.35,3.14,0.28648,0.27509,0.19857,3.23364,3.10515,2.24142
2015-02-01,6.15,5.95,3.925,0.25123,0.24306,0.16034,4.16776,4.03222,2.65991
2015-03-01,7.4,7.1,3.9,0.31819,0.30529,0.1677,4.527699999999999,4.34415,2.38622
2015-04-01,6.22,6.0,3.6,0.2738899999999999,0.26421,0.15852,3.3374200000000003,3.21938,1.93163
2015-05-01,5.675,5.575,3.5375,0.2713299999999999,0.26655,0.16913,2.98028,2.92776,1.85775
2015-06-01,5.15,5.0,3.1875,0.24255,0.23548,0.15012,2.69283,2.6144000000000003,1.6666800000000002
2015-07-01,5.0,4.87,3.226,0.22981,0.22383,0.14827,2.64163,2.57295,1.70438
2015-08-01,5.0875,4.9375,3.3,0.23524,0.2283,0.15259,2.71015,2.63024,1.75793
2015-09-01,4.9125,4.8125,3.1,0.22552,0.2209199999999999,0.14231,2.55754,2.50548,1.61392
2015-10-01,4.95,4.81,3.16,0.22663,0.22022,0.14468,2.61092,2.53708,1.66677
2015-11-01,5.375,5.2,3.6,0.23056,0.22306,0.1544199999999999,2.77881,2.68834,1.86116
2015-12-01,5.7,5.5,3.7125,0.2435,0.23496,0.1586,2.92643,2.82374,1.90603
2016-01-01,5.7,5.5,3.75,0.23495,0.22671,0.15458,2.90016,2.7984,1.908
2016-02-01,5.8,5.6,3.9375,0.21978,0.2122,0.1492,2.96356,2.8613600000000003,2.0119
2016-03-01,5.8,5.6,4.0875,0.22003,0.21244,0.15506,2.934,2.83283,2.06771
2016-04-01,5.66,5.46,3.95,0.22083,0.21303,0.15412,2.7673,2.66952,1.93124
2016-05-01,5.625,5.425,4.05,0.22313,0.21519,0.16065,2.7474000000000003,2.64972,1.97813
2016-06-01,5.7,5.5,4.1,0.22846,0.22044,0.16433,2.78969,2.69181,2.00662
2016-07-01,5.7,5.48,3.86,0.22965,0.22079,0.15552,2.79111,2.68338,1.89012
2016-08-01,5.8,5.5,3.775,0.23144,0.21947,0.15064,2.8487600000000004,2.70141,1.85415
2016-09-01,5.9,5.66,3.95,0.22451,0.21537,0.1503,2.84709,2.73127,1.9061
2016-10-01,5.9,5.7,4.05,0.22904,0.22127,0.15722,2.76943,2.6755500000000003,1.90105
2016-11-01,5.96667,5.7,4.18333,0.23217,0.22179,0.16278,2.75114,2.62818,1.92887
2016-12-01,6.03,5.67,4.32,0.23015,0.21641,0.1648899999999999,2.75529,2.5908,1.97394
2017-01-01,6.125,5.7375,4.525,0.2256,0.21133,0.1666699999999999,2.76851,2.59336,2.04531
2017-02-01,6.325,5.875,4.7125,0.234,0.21735,0.17434,2.83102,2.62961,2.10928
2017-03-01,6.52,5.96,4.82,0.24148,0.22074,0.17852,2.86638,2.62019,2.1190100000000003
2017-04-01,6.6125,5.95,4.8125,0.24618,0.22152,0.17917,2.8807600000000004,2.59214,2.09658
2017-05-01,6.625,6.1,4.725,0.25076,0.2308899999999999,0.17884,2.85013,2.62427,2.03273
2017-06-01,6.56,6.1,4.58,0.25124,0.23363,0.17541,2.77753,2.5827600000000004,1.93919
2017-07-01,6.5,6.1375,4.65,0.25029,0.23633,0.17905,2.74609,2.59294,1.96451
2017-08-01,6.525,6.1875,4.7125,0.25449,0.24132,0.1837899999999999,2.7602800000000003,2.61751,1.99354
2017-09-01,6.61,6.31,4.61,0.25316,0.24167,0.17656,2.74089,2.6165,1.91158
2017-10-01,6.8125,6.5,4.8375,0.2556299999999999,0.2439,0.18152,2.79123,2.66319,1.98203
2017-11-01,6.875,6.575,4.9875,0.25744,0.24621,0.1867599999999999,2.79191,2.67008,2.02541
2017-12-01,6.99,6.72,5.1,0.25403,0.24422,0.18534,2.81019,2.70164,2.05035
2018-01-01,7.05,6.7875,5.175,0.24794,0.23871,0.182,2.79238,2.6884,2.04972
2018-02-01,7.15,6.9,5.2375,0.26315,0.25395,0.19276,2.80661,2.70847,2.05589
2018-03-01,7.36,7.02,5.34,0.27941,0.2665,0.20272,2.85761,2.7256,2.0733200000000003
2018-04-01,7.45,7.1,5.35,0.28488,0.27149,0.20458,2.86943,2.73463,2.0606
2018-05-01,7.45,7.1375,5.4,0.28456,0.27262,0.20625,2.86947,2.7491,2.07988
2018-06-01,7.38,7.11,5.34,0.28166,0.27135,0.2038,2.8425100000000003,2.73851,2.05677
2018-07-01,7.3125,7.1,5.225,0.27698,0.26893,0.19791,2.83683,2.75439,2.027
2018-08-01,7.68,7.38,5.81,0.27945,0.26854,0.21141,2.9794,2.86302,2.25395
2018-09-01,8.075,7.8,5.9375,0.28644,0.27668,0.21061,3.07452,2.96981,2.26068
2018-10-01,8.2375,7.86667,6.0125,0.29286,0.27968,0.2137599999999999,3.084,2.94516,2.25099
2018-11-01,8.38,7.92,6.05,0.3,0.2835299999999999,0.21659,3.0940700000000003,2.92423,2.23379
2018-12-01,8.525,8.0375,6.0875,0.30677,0.28923,0.21906,3.12249,2.94393,2.22969
2019-01-01,8.5625,8.15,6.1375,0.30713,0.29233,0.22015,3.1055300000000003,2.95592,2.22601
2019-02-01,8.725,8.3625,6.2,0.32124,0.30789,0.22827,3.14788,3.0171,2.23689
2019-03-01,8.85,8.48,6.03,0.32944,0.31567,0.22447,3.16455,3.03224,2.15618
2019-04-01,8.8375,8.45,5.85,0.32962,0.31516,0.21819,3.12873,2.99154,2.07107
2019-05-01,8.78,8.326,5.64,0.3328399999999999,0.31563,0.21381,3.08683,2.92721,1.98288
2019-06-01,8.725,8.1775,5.4,0.32924,0.3085799999999999,0.20377,3.08324,2.8897600000000003,1.90825
2019-07-01,8.52,8.0975,5.4,0.33086,0.31445,0.2097,3.02857,2.87838,1.91951
2019-08-01,8.3206,8.0256,4.59,0.32957,0.31788,0.1818,2.96644,2.86127,1.63642
2019-09-01,8.0125,7.78575,4.3375,0.32348,0.31433,0.17511,2.83666,2.75638,1.5356
2019-10-01,7.692,7.492,4.47,0.31006,0.302,0.18018,2.70431,2.634,1.57154
2019-11-01,7.8125,7.6125,4.7425,0.32061,0.3123999999999999,0.19462,2.74468,2.67441,1.66613
2019-12-01,7.7,7.5,4.9,0.32614,0.31767,0.20754,2.71009,2.6397,1.7246
2020-01-01,8.1,7.8,5.2,0.33582,0.32338,0.21559,2.84568,2.7402800000000003,1.82686
2020-02-01,8.55,8.15,5.3375,0.34756,0.3313,0.21697,3.01256,2.87162,1.88065
2020-03-01,8.5,8.075,5.425,0.32185,0.30576,0.20541,2.97104,2.82249,1.89622
2020-04-01,8.9125,8.4125,6.03333,0.32742,0.30906,0.22165,3.09056,2.91718,2.09216
2020-05-01,8.68,8.23,6.02,0.32376,0.30698,0.22454,3.0013,2.8457,2.08155
2020-06-01,8.55,8.15,6.0,0.3201,0.30513,0.22463,2.95,2.81199,2.07018
2020-07-01,8.29,7.99,5.85,0.30355,0.29257,0.21421,2.87781,2.77367,2.03078
2020-08-01,8.15,7.85,5.8625,0.2961499999999999,0.28525,0.21303,2.83431,2.72998,2.03879
2020-09-01,8.475,8.175,6.5875,0.30289,0.29217,0.23544,2.93358,2.82973,2.28023
2020-10-01,9.81,9.42,7.42,0.3464,0.33263,0.2620099999999999,3.36187,3.22821,2.5428200000000003
2020-11-01,10.625,10.325,7.8,0.37531,0.36471,0.27552,3.59388,3.4924,2.63833
2020-12-01,10.475,10.175,7.7,0.37185,0.3611999999999999,0.2733399999999999,3.5111,3.41054,2.58095
2021-01-01,11.07,10.8,8.45,0.3922799999999999,0.38271,0.29944,3.66339,3.57404,2.79635
2021-02-01,11.85,11.5875,8.7375,0.42496,0.41555,0.3133399999999999,3.88285,3.79683,2.86298
2021-03-01,11.45,10.9375,7.95,0.41194,0.3935,0.28602,3.68906,3.52394,2.5614
2021-04-01,10.66,10.16,7.04,0.38167,0.36377,0.25206,3.4113,3.25129,2.25286
2021-05-01,10.4,9.9,7.4875,0.37677,0.35866,0.27126,3.3059000000000003,3.14696,2.38009
2021-06-01,10.375,9.95,6.8,0.38088,0.36527,0.24963,3.27491,3.14076,2.14645
2021-07-01,9.96,9.62,6.27,0.36598,0.35349,0.2303899999999999,3.12069,3.01416,1.96453
2021-08-01,10.325,10.0,7.4375,0.38548,0.37335,0.27768,3.20753,3.10657,2.3105100000000003
2021-09-01,10.95,10.65,7.9125,0.40969,0.39846,0.29604,3.36985,3.27753,2.43507
2021-10-01,11.23,10.9,8.32,0.42579,0.41328,0.31545,3.42233,3.3217600000000003,2.5355100000000004
2021-11-01,11.7125,11.3625,8.65,0.44288,0.42965,0.32708,3.59,3.48272,2.65131
2021-12-01,12.3,11.9,8.67,0.45198,0.4372799999999999,0.31859,3.74861,3.6267,2.64231
2022-01-01,12.425,12.025,8.775,0.44405,0.42975,0.3136,3.73707,3.61676,2.63926
2022-02-01,12.63333,12.23333,8.51667,0.44468,0.4306,0.29978,3.74019,3.62177,2.52142
2022-03-01,12.82,12.4,8.35,0.43829,0.42393,0.28547,3.63252,3.51352,2.36596
2022-04-01,13.35,12.95,7.55,0.45641,0.44274,0.25812,3.66836,3.55845,2.07462
2022-05-01,12.26,11.92,6.51,0.41908,0.40745,0.22253,3.28091,3.18992,1.74215
2022-06-01,11.74,11.7,6.0,0.4013,0.39993,0.20509,3.04698,3.0366,1.55723
2022-07-01,11.35,11.05,4.85,0.35636,0.3469399999999999,0.15228,2.92526,2.84794,1.25
2022-08-01,10.28,10.0,5.4,0.2811,0.2734499999999999,0.1476599999999999,2.6207800000000003,2.54939,1.37667
2022-09-01,10.475,10.175,5.9,0.28644,0.27823,0.16133,2.62058,2.5455300000000003,1.47603
2022-10-01,10.725,10.425,6.225,0.29328,0.28508,0.17023,2.6178600000000003,2.54464,1.51946
2022-11-01,11.06,10.74,6.26,0.30245,0.29369,0.17119,2.68062,2.60306,1.51724
2022-12-01,11.55,11.25,6.425,0.3158399999999999,0.3076399999999999,0.1757,2.77981,2.7076,1.5463399999999998
2023-01-01,11.78,11.48,6.66,0.3221299999999999,0.31393,0.18212,2.81268,2.74105,1.59019
2023-02-01,11.875,11.55,6.725,0.32473,0.3158399999999999,0.1839,2.81583,2.73877,1.59465
2023-03-01,11.525,11.15,6.575,0.31516,0.30491,0.1798,2.69243,2.60482,1.53603
2023-04-01,11.05,10.775,6.35,0.30217,0.2946499999999999,0.17365,2.57646,2.51234,1.48059
2023-05-01,10.88,10.58,5.92,0.29752,0.2893199999999999,0.1618899999999999,2.524,2.4544,1.3733499999999998
2023-06-01,10.25,9.9,5.7,0.2803,0.27072,0.15587,2.3591100000000003,2.27855,1.31189
2023-07-01,10.0,9.7,5.675,0.27346,0.26525,0.15519,2.31539,2.24593,1.31399
2023-08-01,9.82,9.52,5.76,0.26854,0.26033,0.1575099999999999,2.30585,2.23541,1.35251
2023-09-01,10.6,10.125,5.9,0.28987,0.27688,0.16134,2.47693,2.36594,1.37867
2023-10-01,10.6,10.2,5.9,0.29026,0.27931,0.16156,2.45727,2.36454,1.36773
2023-11-01,10.8,10.3,5.925,0.29871,0.28488,0.16388,2.49105,2.37572,1.36662
2023-12-01,10.925,10.375,6.175,0.29452,0.2797,0.16647,2.50251,2.3765300000000003,1.41446
2024-01-01,11.08,10.4,6.34,0.2925899999999999,0.27463,0.1674199999999999,2.5278,2.37266,1.44641
2024-02-01,11.05,10.25,6.425,0.291,0.26993,0.1692,2.51322,2.33127,1.46131
2024-03-01,10.75,9.85,6.55,0.27804,0.25476,0.16941,2.43293,2.22924,1.48239
2024-04-01,10.78,9.96,6.6,0.27388,0.25305,0.16768,2.43514,2.24991,1.4909
2024-05-01,11.175,10.5,7.35,0.28141,0.26442,0.18509,2.50908,2.35753,1.65027
2024-06-01,13.2,12.1,8.325,0.32611,0.29893,0.20567,2.90023,2.65854,1.82912
2024-07-01,13.9,13.18,8.36,0.33911,0.32154,0.20395,3.05403,2.89583,1.83681
2024-08-01,14.2,13.5,8.75,0.34475,0.32775,0.21243,3.10085,2.94799,1.91074
2024-09-01,14.5,13.7,8.75,0.35154,0.33214,0.2121299999999999,3.11971,2.94759,1.88258
2024-10-01,14.8,13.9,9.5,0.35885,0.33703,0.23035,3.12769,2.93749,2.0076400000000003
2024-11-01,14.9,14.2,9.475,0.36034,0.34341,0.2291399999999999,3.09054,2.9453400000000003,1.96529
2024-12-01,15.0,14.5,9.6,0.3592599999999999,0.34729,0.22993,3.06835,2.96607,1.96374
2025-01-01,15.075,14.525,9.75,0.358,0.34494,0.23154,3.04683,2.93567,1.97059
2025-02-01,15.3,14.6,10.1,0.36737,0.35056,0.24251,3.06124,2.92119,2.02082
2025-03-01,15.3,14.6,10.33333,,,,,,
