"Date","Bangladesh, RETAIL, Dhaka, Rice (coarse- BR-8/ 11/ Guti/ Sharna), BDT/Kg","Bangladesh, RETAIL, Dhaka, Rice (Medium), BDT/Kg","Bangladesh, RETAIL, Dhaka, Wheat (flour), BDT/Kg","Bangladesh, RETAIL, National Average, Rice (coarse), BDT/Kg","Bangladesh, RETAIL, National Average, Wheat (flour), BDT/Kg","Bangladesh, WHOLESALE, Dhaka, Rice (coarse- BR-8/ 11/ Guti/ Sharna), BDT/Kg","Bangladesh, WHOLESALE, Dhaka, Rice (Medium), BDT/Kg","Bangladesh, WHOLESALE, Dhaka, Wheat (flour), BDT/Kg","Bangladesh, RETAIL, Dhaka, Rice (coarse- BR-8/ 11/ Guti/ Sharna), BDT-real/Kg","Bangladesh, RETAIL, Dhaka, Rice (Medium), BDT-real/Kg","Bangladesh, RETAIL, Dhaka, Wheat (flour), BDT-real/Kg","Bangladesh, RETAIL, National Average, Rice (coarse), BDT-real/Kg","Bangladesh, RETAIL, National Average, Wheat (flour), BDT-real/Kg","Bangladesh, WHOLESALE, Dhaka, Rice (coarse- BR-8/ 11/ Guti/ Sharna), BDT-real/Kg","Bangladesh, WHOLESALE, Dhaka, Rice (Medium), BDT-real/Kg","Bangladesh, WHOLESALE, Dhaka, Wheat (flour), BDT-real/Kg","Bangladesh, RETAIL, Dhaka, Rice (coarse- BR-8/ 11/ Guti/ Sharna), USD/Kg","Bangladesh, RETAIL, Dhaka, Rice (Medium), USD/Kg","Bangladesh, RETAIL, Dhaka, Wheat (flour), USD/Kg","Bangladesh, RETAIL, National Average, Rice (coarse), USD/Kg","Bangladesh, RETAIL, National Average, Wheat (flour), USD/Kg","Bangladesh, WHOLESALE, Dhaka, Rice (coarse- BR-8/ 11/ Guti/ Sharna), USD/Kg","Bangladesh, WHOLESALE, Dhaka, Rice (Medium), USD/Kg","Bangladesh, WHOLESALE, Dhaka, Wheat (flour), USD/Kg"
"02/01/2025","","","41.75","53.35","51.27","49.47","60.39","37.15","","","15.15","19.36","18.61","17.9529","21.9158","13.481900000000001","","","0.34","0.44","0.42","0.4068","0.4966","0.3055"
"01/01/2025","","","43.7","53.41","51.25","49.93","58.99","37.82","","","15.98","19.54","18.75","18.2635","21.5775","13.833900000000002","","","0.36","0.45","0.43","0.4168","0.4924","0.31570000000000004"
"12/01/2024","54.5","63.5","44.5","52.32","51.18","48.29","58.46","38.07","19.96","23.26","16.3","19.17","18.75","17.6892","21.4146","13.9455","0.46","0.53","0.37","0.44","0.43","0.4043","0.48950000000000005","0.31870000000000004"
"11/01/2024","54.25","62.38","44","52.09","51.92","48.51","58.43","38.74","19.67","22.62","15.95","18.89","18.82","17.587600000000002","21.1842","14.0454","0.45","0.52","0.37","0.44","0.44","0.40659999999999996","0.4897","0.3247"
"10/01/2024","54.2","61.5","42.9","51.48","51.97","48.28","57.68","37.52","19.55","22.19","15.48","18.57","18.75","17.4176","20.808699999999998","13.5358","0.45","0.51","0.36","0.43","0.43","0.4023","0.4807","0.3127"
"09/01/2024","53.88","61","42.5","51.19","52.43","47.78","56.71","37.12","19.84","22.46","15.65","18.85","19.31","17.5948","20.8833","13.669300000000002","0.45","0.51","0.36","0.43","0.44","0.4019","0.4771","0.3123"
"08/01/2024","54","59.38","42.5","49.95","52.76","46.54","55.43","36.82","20.54","22.58","16.16","19","20.06","17.6994","21.0803","14.0029","0.45","0.5","0.36","0.42","0.44","0.392","0.4669","0.31010000000000004"
"07/01/2024","53.9","58.3","42.5","49.17","53.34","45.46","53.97","36.79","20.68","22.37","16.3","18.86","20.46","17.4404","20.7052","14.1142","0.46","0.49","0.36","0.42","0.45","0.38549999999999995","0.45770000000000005","0.312"
"06/01/2024","53.75","58","42.5","49.74","52.61","44.85","52.82","37.03","20.79","22.44","16.44","19.24","20.35","17.3508","20.4341","14.3255","0.46","0.49","0.36","0.42","0.45","0.3803","0.4479","0.314"
"05/01/2024","51.8","56.2","40.4","49.35","53.86","47.9","51.6","33.28","20.21","21.93","15.77","19.26","21.02","18.6923","20.1361","12.987","0.45","0.49","0.35","0.43","0.47","0.4164","0.4486","0.2893"
"04/01/2024","51","55","42.5","49.05","55.85","48","51.5","35","20.06","21.63","16.71","19.29","21.96","18.876900000000003","20.2533","13.7644","0.46","0.5","0.39","0.45","0.51","0.4364","0.4682","0.3182"
"03/01/2024","49.5","53.5","42.5","48.91","55.56","46.88","50.5","35","19.58","21.16","16.81","19.35","21.98","18.5425","19.9744","13.843599999999999","0.45","0.49","0.39","0.44","0.51","0.42619999999999997","0.45909999999999995","0.3182"
"02/01/2024","47","52.88","45.5","51.07","56.66","44.88","49.38","38.25","18.82","21.18","18.22","20.45","22.69","17.974700000000002","19.777","15.3193","0.43","0.48","0.41","0.46","0.52","0.408","0.4489","0.34770000000000006"
"01/01/2024","49.3","53.7","47","48.28","56.48","45.5","49.800000000000004","41.300000000000004","19.83","21.6","18.9","19.42","22.71","18.2977","20.0269","16.6086","0.45","0.49","0.43","0.44","0.51","0.4136","0.45270000000000005","0.3755"
"12/01/2023","49","52.5","46.5","47.3","55.44","44.25","48.5","40.5","19.9","21.33","18.89","19.21","22.52","17.9753","19.701800000000002","16.452","0.44","0.48","0.42","0.43","0.5","0.4017","0.4403","0.3677"
"11/01/2023","46","53.4","41.8","46.52","53.79","45.800000000000004","49.1","39.300000000000004","18.58","21.56","16.88","18.79","21.72","18.4956","19.8283","15.8707","0.41","0.48","0.38","0.42","0.49","0.4131","0.4428","0.3544"
"10/01/2023","45","51.5","44","44.42","52.48","44.25","50.13","42","18","20.6","17.6","17.77","20.99","17.7003","20.0523","16.8002","0.41","0.47","0.4","0.4","0.47","0.40049999999999997","0.4537","0.3801"
"09/01/2023","47","51.5","44.25","46.56","56.04","44","50.88","42.5","19.02","20.84","17.91","18.85","22.68","17.8091","20.5938","17.202","0.43","0.47","0.4","0.42","0.51","0.4001","0.46270000000000006","0.3865"
"08/01/2023","47.3","52","47.5","46.55","58.29","44.1","48.1","39.4","19.43","21.37","19.52","19.13","23.95","18.119500000000002","19.7629","16.188399999999998","0.43","0.48","0.43","0.43","0.53","0.4029","0.4394","0.36"
"07/01/2023","46","51.5","47.5","45.94","61.58","44","48.5","40.75","19.6","21.94","20.24","19.57","26.24","18.746199999999998","20.663400000000003","17.361500000000003","0.42","0.47","0.44","0.42","0.57","0.4046","0.4459","0.3747"
"06/01/2023","50.08","52.81","46.5","45.9","63.1","45.8333","49.0278","42.1","21.42","22.59","19.89","19.63","26.99","19.6019","20.9681","18.005300000000002","0.47","0.5","0.44","0.43","0.6","0.4329","0.46299999999999997","0.3976"
"05/01/2023","49.3","52.09","54","45.82","65.32","44.3636","47.795500000000004","48.7386","21.35","22.56","23.39","19.84","28.29","19.212500000000002","20.698800000000002","21.1072","0.47","0.5","0.52","0.44","0.63","0.425","0.4579","0.4669"
"04/01/2023","47.22","52.08","56.33","46.14","66.07","43","47.5833","50.819399999999995","20.38","22.48","24.31","19.91","28.51","18.556800000000003","20.5348","21.9313","0.46","0.51","0.55","0.45","0.64","0.4178","0.4623","0.4938"
"03/01/2023","47.39","52.55","58.68","46.82","67","43.421099999999996","48.421099999999996","54.2","20.68","22.93","25.61","20.43","29.24","18.9498","21.1319","23.6539","0.46","0.52","0.58","0.46","0.66","0.42590000000000006","0.47490000000000004","0.5316"
"02/01/2023","47.63","52.34","57.5","47.49","67.3","43.2632","49.421099999999996","52.9079","21.02","23.1","25.38","20.96","29.7","19.0937","21.811500000000002","23.3503","0.47","0.52","0.57","0.47","0.67","0.42850000000000005","0.48950000000000005","0.5241"
"01/01/2023","46.65","51.89","59.09","46.92","68.48","42.913000000000004","49.5","54.373900000000006","20.71","23.04","26.23","20.83","30.4","19.05","21.9741","24.1377","0.47","0.52","0.59","0.47","0.69","0.42960000000000004","0.49560000000000004","0.5443"
"12/01/2022","48.37","55.84","62.26","47.72","68.27","44.052600000000005","52.2632","55.9842","21.6","24.94","27.8","21.31","30.49","19.6733","23.340100000000003","25.0018","0.49","0.56","0.63","0.48","0.69","0.4457","0.5287","0.5664"
"11/01/2022","48.09","55.91","60.11","47.89","63.45","43.9318","52.454499999999996","55.704499999999996","21.37","24.84","26.71","21.28","28.19","19.5181","23.304499999999997","24.748400000000004","0.49","0.57","0.62","0.49","0.65","0.45","0.5374","0.5707"
"10/01/2022","47.47","53.85","54.65","47.02","57.91","43.41180000000001","50.470600000000005","51.3824","20.98","23.79","24.15","20.78","25.59","19.1822","22.3013","22.7042","0.49","0.56","0.57","0.49","0.6","0.44930000000000003","0.5224","0.5318"
"09/01/2022","47.57","54.57","50.1","47.42","55.77","44.38100000000001","51.5476","46.4524","21.21","24.33","22.34","21.14","24.87","19.7883","22.9837","20.7119","0.5","0.57","0.52","0.5","0.58","0.4642","0.5391","0.4858"
"08/01/2022","49.5","54.48","46.53","46.92","52.04","45.9","51.125","42.65","22.46","24.72","21.12","21.29","23.62","20.830900000000003","23.202199999999998","19.355999999999998","0.52","0.57","0.49","0.49","0.55","0.48360000000000003","0.5387","0.44939999999999997"
"07/01/2022","48.33","52","41.28","44.5","49.72","44.444399999999995","48.2222","36.527800000000006","22.69","24.42","19.38","20.9","23.35","20.8698","22.643800000000002","17.1524","0.51","0.55","0.44","0.47","0.53","0.47340000000000004","0.5136000000000001","0.3891"
"06/01/2022","46.89","51.41","41.14","44.21","48.56","44.1818","47.795500000000004","35.818200000000004","22.11","24.25","19.4","20.85","22.9","20.837500000000002","22.541900000000002","16.893","0.51","0.56","0.45","0.48","0.53","0.48009999999999997","0.5193","0.38920000000000005"
"05/01/2022","44.5","49.61","40.89","43.64","44.53","41.555600000000005","45.2778","37.3611","21.29","23.74","19.56","20.88","21.31","19.8825","21.663400000000003","17.8756","0.51","0.57","0.47","0.5","0.51","0.4767","0.5194","0.4286"
"04/01/2022","44.18","49.29","35.26","41.97","42.01","41.3684","44.6316","32.5","20.93","23.35","16.7","19.88","19.9","19.596500000000002","21.142300000000002","15.3955","0.51","0.57","0.41","0.49","0.49","0.4797","0.5176","0.3769"
"03/01/2022","45.05","50.82","35.61","42.55","41.65","42.204499999999996","46.8864","32.045500000000004","21.5","24.25","16.99","20.3","19.87","20.1383","22.3723","15.290799999999999","0.52","0.59","0.41","0.49","0.48","0.4904","0.5448","0.3724"
"02/01/2022","44.39","49.87","34.63","42.75","41.22","41.552600000000005","44.8421","30.5","21.31","23.94","16.63","20.52","19.79","19.9501","21.529400000000003","14.6435","0.52","0.58","0.4","0.5","0.48","0.4832","0.5214","0.3547"
"01/01/2022","44.22","50.15","34","42.12","41.03","41.804300000000005","45.565200000000004","31.195700000000002","21.31","24.17","16.39","20.3","19.78","20.148699999999998","21.961399999999998","15.0356","0.51","0.58","0.4","0.49","0.48","0.4864","0.5301","0.3629"
"12/01/2021","44.64","49.88","34.62","42.26","40.14","41.0238","44.6905","32.119","21.67","24.22","16.81","20.52","19.49","19.9159","21.695999999999998","15.5929","0.52","0.58","0.4","0.49","0.47","0.4781","0.5209","0.3743"
"11/01/2021","45.41","50","34","42.49","38.16","41.9091","44","31.581799999999998","21.96","24.18","16.44","20.55","18.46","20.2685","21.2798","15.273900000000001","0.53","0.58","0.4","0.5","0.44","0.4886","0.513","0.3682"
"10/01/2021","44.84","50","33","42.95","36.65","41.8421","45","30.9079","21.58","24.06","15.88","20.67","17.64","20.1361","21.6558","14.8741","0.52","0.58","0.39","0.5","0.43","0.48869999999999997","0.5256000000000001","0.36100000000000004"
"09/01/2021","46","50","31","43.56","35.81","43","45","26.863200000000003","22.38","24.32","15.08","21.19","17.42","20.9158","21.8886","13.066600000000001","0.54","0.59","0.36","0.51","0.42","0.5044","0.5279","0.31510000000000005"
"08/01/2021","46.69","50.1","29.38","44.22","34.99","44.095200000000006","45.7143","26.428600000000003","23.21","24.9","14.6","21.98","17.39","21.916","22.7207","13.1354","0.55","0.59","0.35","0.52","0.41","0.5191","0.5381","0.3111"
"07/01/2021","47","50.76","29","44.03","34.7","44","46","25.5","23.72","25.62","14.64","22.22","17.51","22.2073","23.2168","12.8702","0.55","0.6","0.34","0.52","0.41","0.5189","0.5425","0.3007"
"06/01/2021","45.86","48.95","29.86","42.56","34.4","42.6429","44.5","26.357100000000003","23.26","24.83","15.15","21.59","17.45","21.6323","22.5744","13.3707","0.54","0.58","0.35","0.5","0.41","0.5028","0.5246999999999999","0.31079999999999997"
"05/01/2021","45","49.89","29.11","43.06","34.02","41.5","46.184200000000004","26.5526","23.13","25.64","14.96","22.13","17.48","21.3289","23.7364","13.646700000000001","0.53","0.59","0.34","0.51","0.4","0.4894","0.5446","0.3131"
"04/01/2021","45","52","29.38","45.13","34.03","41.5","46.5","26.5","22.66","26.18","14.79","22.72","17.14","20.8964","23.414","13.343499999999999","0.53","0.61","0.35","0.53","0.4","0.4894","0.5483","0.3125"
"03/01/2021","45","52","29.5","45.35","33.93","41.5","46.5","26.4571","22.81","26.36","14.95","22.99","17.2","21.033800000000003","23.568","13.409500000000001","0.53","0.61","0.35","0.53","0.4","0.4894","0.5483","0.312"
"02/01/2021","44.58","50.53","29.79","44.47","33.63","41.2105","46.5","26.2132","22.72","25.76","15.19","22.67","17.14","21.006500000000003","23.702800000000003","13.3618","0.53","0.6","0.35","0.52","0.4","0.48600000000000004","0.5483","0.3091"
"01/01/2021","44.4","50.81","29","43.43","33.29","41.2143","46.928599999999996","25.5","22.65","25.92","14.8","22.16","16.98","21.028000000000002","23.9435","13.0104","0.52","0.6","0.34","0.51","0.39","0.48600000000000004","0.5534","0.3007"
"12/01/2020","43.98","50.05","29","43.83","33.17","41.25","47.5","25.75","22.64","25.77","14.93","22.57","17.08","21.2381","24.456","13.2577","0.52","0.59","0.34","0.52","0.39","0.4864","0.5601","0.3037"
"11/01/2020","43.5","49","28.69","43.79","33.14","41","46.5","26.5","22.3","25.11","14.7","22.44","16.99","21.0143","23.8333","13.5824","0.51","0.58","0.34","0.52","0.39","0.48350000000000004","0.5483","0.3125"
"10/01/2020","43.58","49.25","27.67","44.06","33.06","41","46.5278","24.9444","22.17","25.05","14.07","22.41","16.82","20.8556","23.667399999999997","12.6885","0.51","0.58","0.33","0.52","0.39","0.48350000000000004","0.5487","0.2942"
"09/01/2020","44","48.19","26.93","42.46","33.05","41","44.6429","24.7381","22.6","24.75","13.83","21.81","16.97","21.0573","22.9283","12.7053","0.52","0.57","0.32","0.5","0.39","0.48350000000000004","0.5264","0.2917"
"08/01/2020","43.29","45.95","26.29","40.78","33.08","40.2895","42.5395","24.2579","22.71","24.1","13.79","21.39","17.35","21.1338","22.314","12.7245","0.51","0.54","0.31","0.48","0.39","0.47490000000000004","0.5014000000000001","0.2859"
"07/01/2020","43.27","44.38","25.5","40.02","33.16","40.269200000000005","37.1077","23.6962","23.01","23.6","13.56","21.28","17.63","21.414099999999998","19.7329","12.600999999999999","0.51","0.52","0.3","0.47","0.39","0.4748","0.4375","0.27940000000000004"
"06/01/2020","42.14","44.87","26.68","38.97","32.48","39.246900000000004","41.7781","22.3566","22.58","24.05","14.3","20.88","17.41","21.032600000000002","22.3891","11.981","0.5","0.53","0.31","0.46","0.38","0.4623","0.49210000000000004","0.2633"
"05/01/2020","41.87","44.96","27.12","39.43","32.4","39","","25.0702","22.65","24.32","14.67","21.33","17.53","21.098200000000002","","13.5625","0.49","0.53","0.32","0.46","0.38","0.45909999999999995","","0.29510000000000003"
"04/01/2020","42.17","45.88","26.5","22.5","31.98","38.375","40.1667","22.25","22.42","24.39","14.09","11.96","17","20.3981","21.350500000000004","11.8269","0.5","0.54","0.31","0.26","0.38","0.45170000000000005","0.4728","0.2619"
"03/01/2020","35.47","41.38","27.22","32.46","31.83","31.5385","35.8695","22.311300000000003","18.96","22.12","14.55","17.35","17.01","16.8583","19.1733","11.9261","0.42","0.49","0.32","0.38","0.37","0.3713","0.4222","0.2626"
"02/01/2020","33.65","38.6","28.22","31.12","32.1","27.8529","32.7215","22.699499999999997","18.07","20.72","15.15","16.71","17.23","14.953299999999999","17.5671","12.1866","0.4","0.45","0.33","0.37","0.38","0.3279","0.38520000000000004","0.2672"
"01/01/2020","32.22","36.45","28.39","30.04","32.16","27.1538","31.3017","22.8379","17.26","19.53","15.21","16.1","17.23","14.55","16.7726","12.237400000000001","0.38","0.43","0.33","0.35","0.38","0.31980000000000003","0.36869999999999997","0.269"
"12/01/2019","32.63","37.52","28.46","","","28.3611","32.7515","24.0122","17.69","20.34","15.43","","","15.374500000000001","17.7545","13.017000000000001","0.38","0.44","0.34","","","0.33409999999999995","0.3858","0.2828"
"11/01/2019","32.94","37.38","28.24","","","28.5474","32.1721","24.3794","17.82","20.22","15.27","","","15.4399","17.4003","13.185599999999999","0.39","0.44","0.33","","","0.3367","0.37950000000000006","0.2876"
"10/01/2019","31.43","36.51","28.84","","","26.545500000000004","29.916700000000002","24.5141","17.02","19.77","15.62","","","14.3729","16.1982","13.273","0.37","0.43","0.34","","","0.31320000000000003","0.353","0.2893"
"09/01/2019","32","37","28.61","","","27","30.629","24.753899999999998","17.42","20.14","15.57","","","14.6943","16.6693","13.471900000000002","0.38","0.44","0.34","","","0.3195","0.3625","0.2929"
"08/01/2019","32.75","37.56","27.54","","","27.358200000000004","31.912300000000002","23.4857","18.15","20.82","15.27","","","15.1647","17.6891","13.0182","0.39","0.44","0.33","","","0.32380000000000003","0.37770000000000004","0.2779"
"07/01/2019","33.5","38.81","27.33","","","28.004099999999998","33.0188","22.4005","18.8","21.78","15.34","","","15.7152","18.529400000000003","12.570599999999999","0.4","0.46","0.32","","","0.33140000000000003","0.3908","0.2651"
"06/01/2019","33.45","39","27.03","","","27.717399999999998","32.9424","22.050900000000002","19.01","22.16","15.36","","","15.7485","18.717200000000002","12.528900000000002","0.4","0.46","0.32","","","0.32799999999999996","0.3899","0.261"
"05/01/2019","32.82","38.98","27.09","","","27","32.1867","22.4111","18.71","22.22","15.44","","","15.3887","18.3449","12.773299999999999","0.39","0.46","0.32","","","0.3196","0.381","0.26530000000000004"
"04/01/2019","32.36","38.48","27.79","","","27.0135","31.9505","22.709400000000002","18.23","21.67","15.65","","","15.2147","17.9954","12.7905","0.38","0.46","0.33","","","0.32030000000000003","0.3789","0.2693"
"03/01/2019","34.08","41.32","28.98","","","29.1974","35.6154","25.155","19.22","23.3","16.34","","","16.4623","20.081","14.1831","0.4","0.49","0.34","","","0.3467","0.4229","0.2987"
"02/01/2019","35.15","42.39","28.84","","","29.975","36.9537","25.7535","19.9","24","16.33","","","16.9712","20.9224","14.5811","0.42","0.5","0.34","","","0.3567","0.4397","0.3064"
"01/01/2019","36.74","42.68","28.37","","","31.8261","37.4652","26.0948","20.78","24.14","16.05","","","18.0041","21.194200000000002","14.7619","0.44","0.51","0.34","","","0.37920000000000004","0.44630000000000003","0.3109"
"12/01/2018","37.32","41.72","28.43","","","33","36.1312","25.2958","21.39","23.92","16.3","","","18.9177","20.7127","14.501199999999999","0.44","0.5","0.34","","","0.3933","0.43060000000000004","0.3015"
"11/01/2018","39.6","43.4","26.86","","","34.35","36.9788","24.5","22.71","24.89","15.41","","","19.701500000000003","21.2093","14.052000000000001","0.47","0.52","0.32","","","0.40950000000000003","0.44090000000000007","0.2921"
"10/01/2018","40","44.35","27.07","","","36.0313","38.5097","24.2025","22.84","25.33","15.46","","","20.5757","21.991","13.8209","0.48","0.53","0.32","","","0.4299","0.4595","0.2888"
"09/01/2018","42.08","45.79","27.1","","","39.550000000000004","40.6969","25.6625","24.17","26.3","15.57","","","22.7175","23.3763","14.740499999999999","0.5","0.55","0.32","","","0.4722","0.48590000000000005","0.3064"
"08/01/2018","42","46.4","26.5","","","38.438","41.593999999999994","22.433000000000003","24.56","27.13","15.5","","","22.475700000000003","24.3211","13.1172","0.5","0.55","0.32","","","0.459","0.4966","0.26789999999999997"
"07/01/2018","43","47.1","26.3","","","39.5","42.7","22.22","25.49","27.92","15.59","","","23.4131","25.3098","13.1706","0.51","0.56","0.31","","","0.4717","0.5099","0.26530000000000004"
"06/01/2018","41","45.5","26.5","","","38.300000000000004","40.7","22.13","24.58","27.28","15.89","","","22.9621","24.401","13.2677","0.49","0.54","0.32","","","0.4576","0.4863","0.2644"
"05/01/2018","41","47.1","26.7","","","37.5","42.346000000000004","22.223000000000003","24.68","28.36","16.07","","","22.5758","25.4932","13.378699999999998","0.49","0.56","0.32","","","0.4497","0.5079","0.2665"
"04/01/2018","42.6","49.6","26.5","","","38.158","44.474","21.829","25.33","29.49","15.76","","","22.690300000000004","26.4461","12.9804","0.51","0.6","0.32","","","0.45990000000000003","0.536","0.2631"
"03/01/2018","43.5","50.1","26.5","","","39.961999999999996","45.558","22.354000000000003","25.89","29.82","15.77","","","23.7822","27.1125","13.3033","0.52","0.6","0.32","","","0.4817","0.5492","0.2695"
"02/01/2018","43.7","50.6","27.9","","","39.667","45.5","21.883000000000003","26.09","30.22","16.66","","","23.686700000000002","27.169800000000002","13.0672","0.53","0.61","0.34","","","0.47840000000000005","0.5487","0.2639"
"01/01/2018","44","51","29","","","39.6","45.800000000000004","22.95","26.24","30.41","17.29","","","23.616100000000003","27.3136","13.6866","0.53","0.62","0.35","","","0.4782","0.5529999999999999","0.2771"
"12/01/2017","43.25","49.8","28.85","","","40.35","46.15","24.53","26.12","30.07","17.42","","","24.3679","27.8706","14.814000000000002","0.52","0.6","0.35","","","0.4888","0.5590999999999999","0.2972"
"11/01/2017","42.5","48.12","28.5","","","38.9643","44.3095","24.997600000000002","25.69","29.08","17.22","","","23.5483","26.7787","15.1075","0.52","0.59","0.35","","","0.4794","0.5451","0.3075"
"10/01/2017","44.33","50.44","28.58","","","41.38890000000001","46.5833","25.2139","26.68","30.36","17.2","","","24.9109","28.037300000000002","15.1756","0.55","0.62","0.35","","","0.5121","0.5764","0.312"
"09/01/2017","47.78","52.47","28.25","","","45.0833","49.25","25.0889","28.93","31.77","17.11","","","27.301","29.8242","15.193","0.59","0.65","0.35","","","0.5584","0.61","0.31070000000000003"
"08/01/2017","42.45","48.4","25.1","","","41.2763","45.6316","22.05","26.18","29.85","15.48","","","25.4582","28.1444","13.5999","0.53","0.6","0.31","","","0.5115","0.5655","0.2733"
"07/01/2017","44.32","48.84","24.37","","","41.720600000000005","45.3158","20.2684","27.72","30.54","15.24","","","26.0922","28.3406","12.675899999999999","0.55","0.61","0.3","","","0.5174000000000001","0.562","0.2514"
"06/01/2017","47.19","50.14","24","","","45.2222","47.4028","19.5361","29.86","31.73","15.19","","","28.6147","29.9945","12.361600000000001","0.59","0.62","0.3","","","0.5611","0.5882000000000001","0.24239999999999998"
"05/01/2017","45.3","49","24.3","","","43.5","46.5","20","28.79","31.14","15.44","","","27.646700000000003","29.553400000000003","12.7111","0.56","0.61","0.3","","","0.5404","0.5777","0.24850000000000003"
"04/01/2017","40.6","43","24","","","38.800000000000004","41.25","20.400000000000002","25.5","27.01","15.08","","","24.3717","25.910700000000002","12.814000000000002","0.51","0.54","0.3","","","0.48600000000000004","0.5167","0.2555"
"03/01/2017","37.5","41.58","24.25","","","35.9583","38.8333","19.175","23.58","26.15","15.25","","","22.6146","24.4227","12.0594","0.47","0.52","0.3","","","0.4521","0.4883","0.2411"
"02/01/2017","37","41","25","","","35.4167","38.6875","20.2875","23.36","25.88","15.78","","","22.358600000000003","24.4234","12.807500000000001","0.47","0.52","0.32","","","0.44700000000000006","0.4883","0.256"
"01/01/2017","35.84","40.13","24.75","","","33.9375","37.4844","20.4313","22.63","25.34","15.63","","","21.4302","23.6699","12.901600000000002","0.45","0.51","0.31","","","0.4304","0.4754","0.2591"
"12/01/2016","36.38","40","24.62","","","33.1731","36.557700000000004","20.7154","23.26","25.58","15.74","","","21.2137","23.3781","13.247200000000001","0.46","0.51","0.31","","","0.42100000000000004","0.46390000000000003","0.2629"
"11/01/2016","38.54","40.11","24.71","","","35.660700000000006","37.7321","21.1393","24.76","25.77","15.88","","","22.9113","24.2421","13.581600000000002","0.49","0.51","0.31","","","0.454","0.4804","0.2691"
"10/01/2016","38.9","40.5","24.35","","","36.475","37.375","20.89","24.9","25.93","15.59","","","23.351399999999998","23.9276","13.373800000000001","0.5","0.52","0.31","","","0.46520000000000006","0.4767","0.2665"
"09/01/2016","36.22","39.39","24.39","","","34.8611","36.3333","20.9833","23.37","25.42","15.74","","","22.494200000000003","23.444200000000002","13.5395","0.46","0.5","0.31","","","0.4447","0.46340000000000003","0.2676"
"08/01/2016","33.58","36.62","24.54","","","32.0192","33.9423","20.7346","21.94","23.93","16.04","","","20.924000000000003","22.1807","13.549700000000001","0.43","0.47","0.31","","","0.40840000000000004","0.4329","0.2645"
"07/01/2016","31","35.5","23.5","","","28.6136","31.6591","19.6636","20.48","23.45","15.52","","","18.9021","20.913899999999998","12.989700000000001","0.4","0.45","0.3","","","0.365","0.40380000000000005","0.25079999999999997"
"06/01/2016","28.48","34.5","24.43","","","26.125","30.45","19.28","19.1","23.14","16.39","","","17.5231","20.424100000000003","12.9319","0.36","0.44","0.31","","","0.3332","0.3884","0.2459"
"05/01/2016","26.5","33.55","25","","","23.4875","29.125","20","17.82","22.56","16.81","","","15.796300000000002","19.5877","13.4508","0.34","0.43","0.32","","","0.29960000000000003","0.3715","0.2551"
"04/01/2016","26.53","34.89","25.24","","","23.092100000000002","30.0132","20.0079","17.59","23.13","16.73","","","15.306500000000002","19.8941","13.2621","0.34","0.45","0.32","","","0.2945","0.38280000000000003","0.2552"
"03/01/2016","27.81","34.16","25.56","","","23.6875","30.0469","19.8094","18.44","22.65","16.95","","","15.7096","19.9271","13.1376","0.35","0.44","0.33","","","0.30210000000000004","0.3832","0.25260000000000005"
"02/01/2016","29.36","35.86","26.33","","","25.6111","31.680600000000002","20.8583","19.53","23.85","17.51","","","17.0364","21.0739","13.8749","0.37","0.46","0.34","","","0.326","0.4033","0.2655"
"01/01/2016","30","35.29","26.64","","","26.119","32.119","21.4476","19.93","23.44","17.7","","","17.3517","21.3377","14.2483","0.38","0.45","0.34","","","0.33270000000000005","0.4092","0.2732"
"12/01/2015","29.39","34.9","27.15","","","25.972199999999997","30.875","22.26","19.74","23.44","18.23","","","17.4436","20.7364","14.9504","0.37","0.44","0.34","","","0.3297","0.392","0.2826"
"11/01/2015","30.41","35.72","27.66","","","26.6719","31.2656","22.9125","20.52","24.11","18.67","","","18.000899999999998","21.1012","15.4637","0.39","0.45","0.35","","","0.3397","0.3982","0.2918"
"10/01/2015","31.33","36.5","28","","","27.5667","32.4833","22.7467","21.12","24.61","18.88","","","18.584500000000002","21.899","15.335","0.4","0.47","0.36","","","0.3543","0.4175","0.2923"
"09/01/2015","31","36.03","27.82","","","26.916700000000002","31.7344","21.6781","21.03","24.45","18.88","","","18.2635","21.5324","14.709000000000001","0.4","0.46","0.36","","","0.34600000000000003","0.4079","0.2786"
"08/01/2015","30.86","36.02","28","","","27.375","31.3409","21.5477","21.25","24.8","19.28","","","18.8492","21.5799","14.8367","0.4","0.46","0.36","","","0.3519","0.40280000000000005","0.277"
"07/01/2015","30.89","35.67","28.4","","","27.5962","31.2115","20.9308","21.51","24.84","19.77","","","19.214100000000002","21.7313","14.5733","0.4","0.46","0.37","","","0.3547","0.4012","0.269"
"06/01/2015","30.93","36","29.4","","","27.2375","31.225","22.4425","21.89","25.48","20.81","","","19.2799","22.1024","15.8858","0.4","0.46","0.38","","","0.35009999999999997","0.40130000000000005","0.28850000000000003"
"05/01/2015","31.28","36.33","29.22","","","26.027800000000003","31.6111","23.291700000000002","22.18","25.77","20.72","","","18.4589","22.4186","16.5185","0.4","0.47","0.38","","","0.3345","0.40630000000000005","0.2994"
"04/01/2015","32.28","37.88","30.69","","","24.8906","33.6875","25.1031","22.6","26.52","21.48","","","17.4237","23.5817","17.5725","0.41","0.49","0.39","","","0.3199","0.433","0.32270000000000004"
"03/01/2015","33.18","38.68","31.58","","","26.4553","35.4605","26.0658","23.25","27.1","22.13","","","18.5366","24.846300000000003","18.2637","0.43","0.5","0.41","","","0.34","0.4558","0.335"
"02/01/2015","33.85","39.45","31.85","","","27.75","36.6042","26.650000000000002","23.78","27.72","22.38","","","19.4963","25.717","18.723499999999998","0.44","0.51","0.41","","","0.3567","0.4705","0.3425"
"01/01/2015","33.53","38.5","32.7","","","29.8308","36.2885","26.384600000000002","23.63","27.13","23.04","","","21.020100000000003","25.570500000000003","18.5917","0.43","0.49","0.42","","","0.38310000000000005","0.466","0.33880000000000005"
"12/01/2014","33.74","39.02","30.76","","","29.329","35.5263","25.226300000000002","24.04","27.8","21.92","","","20.8992","25.315300000000004","17.9757","0.43","0.5","0.4","","","0.37670000000000003","0.45630000000000004","0.324"
"11/01/2014","34.5","40.5","31","","","31.2031","37.1875","24.88","24.69","28.99","22.19","","","22.3336","26.6169","17.8078","0.44","0.52","0.4","","","0.4008","0.4777","0.3196"
"10/01/2014","34.5","40.19","30","","","31.5962","37.6154","25.5077","24.7","28.77","21.48","","","22.6204","26.929699999999997","18.2615","0.45","0.52","0.39","","","0.4082","0.48600000000000004","0.3296"
"09/01/2014","34.11","40","31.11","","","31.6974","37.763200000000005","25.1237","24.59","28.83","22.43","","","22.8497","27.222399999999997","18.1109","0.44","0.52","0.4","","","0.40950000000000003","0.4879","0.3246"
"08/01/2014","34","40","31.73","","","31.260500000000004","37.6","25.011100000000003","24.86","29.24","23.2","","","22.853","27.4875","18.2844","0.44","0.52","0.41","","","0.4036","0.4854","0.3229"
"07/01/2014","33.74","39.63","32.05","","","30.4444","37.027800000000006","24.529400000000003","24.99","29.35","23.73","","","22.5447","27.419800000000002","18.1645","0.43","0.51","0.41","","","0.3924","0.4772","0.3161"
"06/01/2014","33.11","38.68","32.09","","","30.0091","36.1818","25.1818","24.9","29.09","24.14","","","22.57","27.212600000000002","18.939400000000003","0.43","0.5","0.41","","","0.3866","0.4661","0.32439999999999997"
"05/01/2014","33.47","38.88","33","","","29.705900000000003","36.5618","26.35","25.21","29.28","24.85","","","22.3715","27.534699999999997","19.8442","0.43","0.5","0.43","","","0.3826","0.47090000000000004","0.3394"
"04/01/2014","34","39.74","33.45","","","30.842100000000002","38.0961","27.155300000000004","25.31","29.58","24.9","","","22.9552","28.354200000000002","20.211199999999998","0.44","0.51","0.43","","","0.3971","0.4905","0.3497"
"03/01/2014","34.11","39.87","33.71","","","30.918400000000002","38.1474","27.8684","25.4","29.69","25.1","","","23.022399999999998","28.4052","20.7513","0.44","0.51","0.43","","","0.3979","0.49090000000000006","0.3586"
"02/01/2014","34.5","39.68","33.92","","","31.3211","37.6889","28.4912","25.73","29.59","25.3","","","23.3575","28.1062","21.2471","0.44","0.51","0.44","","","0.40280000000000005","0.4847","0.3664"
"01/01/2014","34.5","39.92","33.3","","","32.13","38.0625","29.59","25.78","29.83","24.88","","","24.0079","28.440700000000003","22.1099","0.44","0.51","0.43","","","0.4132","0.48950000000000005","0.38060000000000005"
"12/01/2013","34.43","39.66","32.67","","","30.330000000000002","36.6156","28.43","26.03","29.99","24.7","","","22.9325","27.685100000000002","21.495900000000002","0.44","0.51","0.42","","","0.3901","0.47090000000000004","0.3657"
"11/01/2013","34.16","39.39","31.88","","","31.23","36.941700000000004","27.86","25.97","29.94","24.24","","","23.741500000000002","28.0837","21.1796","0.44","0.51","0.41","","","0.4017","0.47509999999999997","0.3583"
"10/01/2013","32.87","38","31","","","30.23","35.6","25.490000000000002","25.08","29","23.66","","","23.0702","27.1683","19.4528","0.42","0.49","0.4","","","0.38880000000000003","0.4579","0.32780000000000004"
"09/01/2013","33.75","38.1","31.3","","","30.54","35.5105","24.650000000000002","25.99","29.34","24.11","","","23.5213","27.3495","18.985","0.43","0.49","0.4","","","0.39280000000000004","0.45670000000000005","0.317"
"08/01/2013","33.88","37.04","32.75","","","32.7","35.5639","26.775000000000002","26.48","28.95","25.6","","","25.557199999999998","27.795500000000004","20.926399999999997","0.44","0.48","0.42","","","0.42060000000000003","0.45740000000000003","0.3444"
"07/01/2013","32.95","36.36","33.42","","","30.64","34.551500000000004","26.580000000000002","26.12","28.82","26.49","","","24.286900000000003","27.3874","21.0687","0.42","0.47","0.43","","","0.39409999999999995","0.44439999999999996","0.3419"
"06/01/2013","31.66","34.83","33.03","","","28.2","32.602199999999996","26.94","25.47","28.02","26.57","","","22.686799999999998","26.2284","21.6732","0.41","0.45","0.42","","","0.3627","0.4193","0.3465"
"05/01/2013","31","34.86","32.82","","","26.32","31.77","26.54","25.09","28.22","26.57","","","21.3052","25.7168","21.4833","0.4","0.45","0.42","","","0.3382","0.4082","0.341"
"04/01/2013","31.19","36.86","33.33","","","27.64","32.7821","29","24.94","29.48","26.66","","","22.1054","26.217800000000004","23.1931","0.4","0.47","0.43","","","0.3542","0.4201","0.37170000000000003"
"03/01/2013","31.29","37.5","34.93","","","28.64","33.802800000000005","30.7","25.04","30.01","27.95","","","22.92","27.0517","24.568600000000004","0.4","0.48","0.44","","","0.3644","0.4301","0.3907"
"02/01/2013","30.76","37.58","34.74","","","27.39","33.55","31.11","24.65","30.11","27.83","","","21.945700000000002","26.881300000000003","24.9263","0.39","0.48","0.44","","","0.3467","0.42460000000000003","0.39380000000000004"
"01/01/2013","29.46","34.5","34.44","","","25.11","32.0663","31","23.66","27.71","27.66","","","20.1681","25.755300000000002","24.8988","0.37","0.43","0.43","","","0.31570000000000004","0.4032","0.3898"
"12/01/2012","29","32.5","33.91","","","23.990000000000002","29.3033","29.95","23.54","26.38","27.52","","","19.470200000000002","23.7825","24.3073","0.36","0.4","0.42","","","0.29760000000000003","0.3636","0.3716"
"11/01/2012","28.72","32.5","33.52","","","24.330000000000002","29.039299999999997","30.47","23.39","26.47","27.3","","","19.8179","23.6538","24.819200000000002","0.35","0.4","0.41","","","0.2986","0.3564","0.3739"
"10/01/2012","28.48","32.5","32.5","","","23.53","28.0132","28.400000000000002","23.26","26.55","26.55","","","19.220200000000002","22.882199999999997","23.1981","0.35","0.4","0.4","","","0.28940000000000005","0.34450000000000003","0.3492"
"09/01/2012","28.65","32.5","32.62","","","23.580000000000002","27.607100000000003","29.11","23.64","26.82","26.92","","","19.456300000000002","22.7792","24.019299999999998","0.35","0.4","0.4","","","0.28850000000000003","0.33770000000000006","0.3561"
"08/01/2012","28.97","31.8","30.93","","","24.21","28.096100000000003","27.35","24.31","26.69","25.96","","","20.319300000000002","23.580900000000003","22.9547","0.36","0.39","0.38","","","0.2969","0.34450000000000003","0.3354"
"07/01/2012","28.65","31.8","29.2","","","24.240000000000002","28.5935","25.21","24.49","27.18","24.96","","","20.721500000000002","24.4431","21.550700000000003","0.35","0.39","0.36","","","0.2964","0.3497","0.30829999999999996"
"06/01/2012","28.5","31.97","29.1","","","24.02","28.309","25.18","24.77","27.79","25.3","","","20.8794","24.6077","21.887800000000002","0.35","0.39","0.36","","","0.2934","0.3458","0.3075"
"05/01/2012","28.23","32.76","29.6","","","24.48","29.549000000000003","25.55","24.67","28.63","25.87","","","21.3961","25.826500000000003","22.331300000000002","0.34","0.4","0.36","","","0.29910000000000003","0.36100000000000004","0.3121"
"04/01/2012","28.5","34","30.55","","","25.16","30.105300000000003","26.96","24.7","29.47","26.48","","","21.8064","26.0925","23.3664","0.35","0.42","0.37","","","0.3075","0.3679","0.3295"
"03/01/2012","28.63","34","33","","","25.47","31.022","29.26","24.68","29.31","28.45","","","21.9555","26.7414","25.222600000000003","0.35","0.42","0.4","","","0.3114","0.37920000000000004","0.3577"
"02/01/2012","28.95","34","30.53","","","26.34","32.2805","28.42","25.02","29.38","26.38","","","22.759800000000002","27.8929","24.557100000000002","0.35","0.41","0.37","","","0.3169","0.3884","0.342"
"01/01/2012","29","34.11","28.11","","","26.22","31.947300000000002","26.16","24.84","29.21","24.07","","","22.4543","27.359099999999998","22.4029","0.35","0.41","0.34","","","0.3143","0.383","0.3136"
"12/01/2011","29","34","27.5","","","26.05","31.7506","25.71","25.22","29.56","23.91","","","22.651999999999997","27.609","22.3563","0.36","0.43","0.35","","","0.32689999999999997","0.39840000000000003","0.3226"
"11/01/2011","30.53","34.56","27.88","","","28.02","32.4347","25.59","26.5","29.99","24.2","","","24.3179","28.1493","22.209","0.4","0.45","0.36","","","0.36619999999999997","0.4238","0.3344"
"10/01/2011","32","36.02","28.33","","","29.63","33.3043","25.71","27.67","31.15","24.5","","","25.6206","28.7977","22.230999999999998","0.42","0.48","0.37","","","0.3912","0.4397","0.3394"
"09/01/2011","33","36.5","27.1","","","30.72","34.4516","25.54","28.58","31.61","23.47","","","26.605","29.8368","22.1189","0.44","0.49","0.36","","","0.4114","0.46130000000000004","0.342"
"08/01/2011","33","36.5","24.81","","","30.740000000000002","34.1071","21.830000000000002","29.07","32.16","21.86","","","27.0817","30.0481","19.2321","0.44","0.49","0.33","","","0.41250000000000003","0.45770000000000005","0.2929"
"07/01/2011","32.8","36.23","25.35","","","31.12","34.5009","21.35","29.5","32.58","22.8","","","27.9877","31.0283","19.2011","0.44","0.49","0.34","","","0.4178","0.4632","0.2866"
"06/01/2011","31.9","34.23","25.25","","","29.13","32.7142","22.12","29.27","31.4","23.17","","","26.7256","30.014000000000003","20.2942","0.43","0.46","0.34","","","0.39409999999999995","0.4426","0.2993"
"05/01/2011","31.76","35.97","28","","","29.21","33.520900000000005","23.84","29.43","33.33","25.94","","","27.064","31.058200000000003","22.0885","0.43","0.49","0.38","","","0.39890000000000003","0.45780000000000004","0.32560000000000006"
"04/01/2011","33.81","40.5","29.86","","","31.45","38.19","25.830000000000002","31.13","37.29","27.49","","","28.9582","35.1642","23.7835","0.46","0.56","0.41","","","0.43170000000000003","0.5242","0.3546"
"03/01/2011","34.21","40.64","31.33","","","32.03","38.208000000000006","28.5","31.48","37.4","28.83","","","29.477600000000002","35.1633","26.2289","0.48","0.56","0.44","","","0.445","0.5307999999999999","0.39590000000000003"
"02/01/2011","35.29","42","33","","","32.56","38.7347","29.810000000000002","32.61","38.81","30.49","","","30.0869","35.7926","27.5458","0.5","0.59","0.46","","","0.45740000000000003","0.5442","0.41880000000000006"
"01/01/2011","35.34","41.18","33.39","","","32.88","38.4427","30.830000000000002","32.86","38.29","31.05","","","30.573400000000003","35.7459","28.667199999999998","0.5","0.58","0.47","","","0.46280000000000004","0.5411","0.434"
"12/01/2010","34.71","38.85","30.58","","","32.980000000000004","37.331","28.36","32.48","36.36","28.62","","","30.8621","34.9337","26.538800000000002","0.49","0.55","0.43","","","0.467","0.5286","0.40149999999999997"
"11/01/2010","32.58","37.11","29","","","30.84","35.3897","26.35","30.87","35.16","27.48","","","29.2197","33.5304","24.9656","0.46","0.53","0.41","","","0.43810000000000004","0.5027","0.3743"
"10/01/2010","33.08","37","28.75","","","30.86","35.2265","25.86","31.75","35.51","27.59","","","29.6177","33.8084","24.819000000000003","0.47","0.52","0.41","","","0.4378","0.4997","0.3669"
"09/01/2010","32.83","36.43","28.77","","","30.57","34.391999999999996","26.746199999999998","32.03","35.54","28.07","","","29.8266","33.5556","26.0958","0.47","0.52","0.41","","","0.4386","0.49340000000000006","0.3837"
"08/01/2010","31.57","35.05","24.8","","","29.2","32.5536","23.086399999999998","31.16","34.6","24.48","","","28.822300000000002","32.1325","22.7878","0.45","0.5","0.36","","","0.4202","0.4685","0.3323"
"07/01/2010","31.44","34.97","22","","","29.62","32.7268","19.2412","31.63","35.18","22.13","","","29.795","32.9202","19.3549","0.45","0.5","0.32","","","0.4266","0.47130000000000005","0.2771"
"06/01/2010","29.19","33.36","22","","","27.39","30.556","19.1","29.81","34.07","22.47","","","27.971100000000003","31.2042","19.5052","0.42","0.48","0.32","","","0.39490000000000003","0.44060000000000005","0.2754"
"05/01/2010","26.58","31.5","22.22","","","25.02","29.1915","19.28","27.45","32.53","22.95","","","25.8387","30.1468","19.910899999999998","0.38","0.45","0.32","","","0.3611","0.4213","0.2782"
"04/01/2010","26.42","33.64","21.72","","","24.740000000000002","30.311100000000003","19.1778","27.42","34.91","22.54","","","25.675900000000002","31.457800000000002","19.903299999999998","0.38","0.49","0.31","","","0.3572","0.43770000000000003","0.27690000000000003"
"03/01/2010","27.17","35","21.5","","","25.09","32.1633","18.9333","28.18","36.3","22.3","","","26.025100000000002","33.362","19.638900000000003","0.39","0.51","0.31","","","0.36229999999999996","0.4644","0.27340000000000003"
"02/01/2010","27.3","35.53","21.5","","","25.37","33.027300000000004","19.1067","28.33","36.87","22.31","","","26.3286","34.2752","19.828599999999998","0.39","0.51","0.31","","","0.3661","0.4767","0.2758"
"01/01/2010","27","33.12","22.36","","","25.060000000000002","30.4819","20.3952","28.04","34.39","23.22","","","26.0209","31.650700000000004","21.1772","0.39","0.48","0.32","","","0.36210000000000003","0.4405","0.2947"
"12/01/2009","24.62","28.85","20.54","","","22.79","26.052","18.5083","25.57","29.96","21.33","","","23.6692","27.057","19.2223","0.36","0.42","0.3","","","0.3295","0.37670000000000003","0.2676"
"11/01/2009","22.5","26.59","19.5","","","20.330000000000002","24.5824","17.2933","23.39","27.64","20.27","","","21.1323","25.552500000000002","17.9758","0.33","0.38","0.28","","","0.2942","0.3558","0.2503"
"10/01/2009","22.65","26","19.29","","","20.43","24.2273","16.4938","23.42","26.88","19.94","","","21.120300000000004","25.045900000000003","17.051099999999998","0.33","0.38","0.28","","","0.2956","0.3506","0.23870000000000002"
"09/01/2009","21.67","25.25","19.17","","","19.82","23.2475","16.525","22.77","26.53","20.14","","","20.8215","24.4222","17.36","0.31","0.37","0.28","","","0.287","0.33659999999999995","0.2393"
"08/01/2009","21","25","19","","","18.71","22.737800000000004","16.5589","22.35","26.6","20.22","","","19.91","24.1961","17.6209","0.3","0.36","0.28","","","0.27090000000000003","0.32920000000000005","0.2398"
"07/01/2009","21","25","19","","","18.82","22.7685","16.6504","22.66","26.97","20.5","","","20.3059","24.566100000000002","17.965","0.3","0.36","0.28","","","0.2725","0.3297","0.2411"
"06/01/2009","21.42","25","18.79","","","19.29","22.551199999999998","16.3083","23.78","27.75","20.86","","","21.412300000000002","25.0323","18.1026","0.31","0.36","0.27","","","0.27940000000000004","0.32659999999999995","0.23620000000000002"
"05/01/2009","22.1","25.95","19.08","","","19.73","23.1768","16.3443","24.8","29.12","21.41","","","22.1391","26.0068","18.34","0.32","0.38","0.28","","","0.2858","0.3357","0.2368"
"04/01/2009","20.42","26.25","19.5","","","18.35","22.5225","17.3575","23","29.57","21.97","","","20.67","25.37","19.552","0.3","0.38","0.28","","","0.2659","0.32630000000000003","0.2515"
"03/01/2009","22.36","28.11","22.5","","","19.44","24.8408","20.1139","25.23","31.72","25.39","","","21.9342","28.0279","22.694499999999998","0.32","0.41","0.33","","","0.2818","0.3601","0.2916"
"02/01/2009","24.63","30.05","23.45","","","21.32","27.0108","21.2316","27.88","34.01","26.54","","","24.1296","30.5704","24.029600000000002","0.36","0.44","0.34","","","0.3094","0.392","0.3081"
"01/01/2009","26.26","30.83","23.53","","","23.28","27.8814","20.632600000000004","29.72","34.89","26.63","","","26.3454","31.5526","23.3494","0.38","0.45","0.34","","","0.33770000000000006","0.4044","0.2993"
"12/01/2008","27.8","31.77","24.23","","","25.53","29.6217","21.7617","31.33","35.8","27.31","","","28.7704","33.3814","24.5238","0.4","0.46","0.35","","","0.37060000000000004","0.43","0.3159"
"11/01/2008","28.95","33.29","29.32","","","25.26","29.205000000000002","26.1562","32.27","37.11","32.68","","","28.1583","32.5559","29.1573","0.42","0.48","0.43","","","0.3676","0.425","0.38060000000000005"
"10/01/2008","32.19","35.75","34.5","","","29.09","32.3278","28.9622","35.51","39.44","38.06","","","32.0915","35.6634","31.9505","0.47","0.52","0.5","","","0.4244","0.47159999999999996","0.4225"
"09/01/2008","32.32","35.92","35.45","","","29.95","33.0692","29.75","35.51","39.47","38.95","","","32.909800000000004","36.337199999999996","32.69","0.47","0.52","0.52","","","0.43710000000000004","0.4826","0.43420000000000003"
"08/01/2008","33.44","36.5","37.32","","","30.67","34.0047","33.0644","37.25","40.66","41.58","","","34.1676","37.8825","36.835","0.49","0.53","0.54","","","0.4476","0.4963","0.4826"
"07/01/2008","34.14","37.14","37.5","","","32.15","35.2639","34.3359","38.11","41.46","41.86","","","35.8873","39.3632","38.3273","0.5","0.54","0.55","","","0.4692","0.5147","0.5011"
"06/01/2008","","34.4","","","","29.54","32.3538","","","39.04","","","","33.5266","36.7201","","","0.5","","","","0.4311","0.4721",""
"05/01/2008","","34.11","","","","29.01","31.651799999999998","","","40.34","","","","34.3078","37.4321","","","0.5","","","","0.423","0.46159999999999995",""
"04/01/2008","","36.92","","","","33.4","35.0131","","","43.81","","","","39.637600000000006","41.551899999999996","","","0.54","","","","0.4867","0.5102",""
"03/01/2008","30.88","34.21","42.25","","","30.22","32.4195","","36.6","40.54","50.07","","","35.8158","38.4226","","0.45","0.5","0.62","","","0.44070000000000004","0.47270000000000006",""
"02/01/2008","30.31","33.72","40.39","","","28.14","31.7311","","36.3","40.38","48.37","","","33.700100000000006","38.0007","","0.44","0.49","0.59","","","0.4103","0.46270000000000006",""
"01/01/2008","29","33.5","39.5","","","26.97","30.8525","","34.81","40.21","47.41","","","32.3694","37.0292","","0.42","0.49","0.58","","","0.3933","0.4499",""
"12/01/2007","","","","","","25.150000000000002","","","","","","","","30.050700000000003","","","","","","","","0.3667","",""
"11/01/2007","","","","","","22.71","","","","","","","","26.8656","","","","","","","","0.3309","",""
"10/01/2007","","","","","","21.57","","","","","","","","25.522199999999998","","","","","","","","0.314","",""
"09/01/2007","","","","","","21.81","","","","","","","","26.4084","","","","","","","","0.3174","",""
"08/01/2007","","","","","","20.39","","","","","","","","25.011599999999998","","","","","","","","0.2972","",""
"07/01/2007","","","","","","19.92","","","","","","","","24.6419","","","","","","","","0.2902","",""
"06/01/2007","","","","","","19.3","","","","","","","","24.1035","","","","","","","","0.28","",""
"05/01/2007","","","","","","19.5","","","","","","","","24.776799999999998","","","","","","","","0.2822","",""
"04/01/2007","","","","","","19.92","","","","","","","","25.4505","","","","","","","","0.2889","",""
"03/01/2007","","","","","","18.89","","","","","","","","24.640300000000003","","","","","","","","0.27399999999999997","",""
"02/01/2007","","","","","","18.48","","","","","","","","24.381","","","","","","","","0.26780000000000004","",""
"01/01/2007","","","","","","16.6","","","","","","","","22.2013","","","","","","","","0.23809999999999998","",""
"12/01/2006","","","","","","17.47","","","","","","","","23.2933","","","","","","","","0.2514","",""
"11/01/2006","","","","","","17.05","","","","","","","","22.4315","","","","","","","","0.24280000000000002","",""
"10/01/2006","","","","","","16.69","","","","","","","","21.733800000000002","","","","","","","","0.2487","",""
"09/01/2006","","","","","","16.22","","","","","","","","21.5248","","","","","","","","0.2391","",""
"08/01/2006","","","","","","16.05","","","","","","","","21.6804","","","","","","","","0.2304","",""
"07/01/2006","","","","","","16.57","","","","","","","","22.5677","","","","","","","","0.2378","",""
"06/01/2006","","","","","","16.21","","","","","","","","22.1061","","","","","","","","0.2325","",""
"05/01/2006","","","","","","16.45","","","","","","","","22.5841","","","","","","","","0.2368","",""
"04/01/2006","","","","","","15.88","","","","","","","","21.9687","","","","","","","","0.2262","",""
"03/01/2006","","","","","","15.74","","","","","","","","22.0565","","","","","","","","0.22399999999999998","",""
"02/01/2006","","","","","","15.540000000000001","","","","","","","","21.9952","","","","","","","","0.23149999999999998","",""
"01/01/2006","","","","","","15.540000000000001","","","","","","","","22.0181","","","","","","","","0.23399999999999999","",""
"12/01/2005","","","","","","16.490000000000002","","","","","","","","23.335500000000003","","","","","","","","0.24960000000000002","",""
"11/01/2005","","","","","","17.39","","","","","","","","24.336199999999998","","","","","","","","0.2643","",""
"10/01/2005","","","","","","15.14","","","","","","","","21.1567","","","","","","","","0.2304","",""
"09/01/2005","","","","","","15.34","","","","","","","","21.7588","","","","","","","","0.23370000000000002","",""
"08/01/2005","","","","","","15.84","","","","","","","","22.824099999999998","","","","","","","","0.2422","",""
"07/01/2005","","","","","","15.790000000000001","","","","","","","","22.961199999999998","","","","","","","","0.24600000000000002","",""
"06/01/2005","","","","","","15.530000000000001","","","","","","","","22.7754","","","","","","","","0.2436","",""
"05/01/2005","","","","","","14.700000000000001","","","","","","","","21.7181","","","","","","","","0.2313","",""
"04/01/2005","","","","","","15.57","","","","","","","","23.1457","","","","","","","","0.2451","",""
"03/01/2005","","","","","","15.76","","","","","","","","23.4477","","","","","","","","0.24800000000000003","",""
"02/01/2005","","","","","","16.39","","","","","","","","24.5241","","","","","","","","0.2597","",""
"01/01/2005","","","","","","15.99","","","","","","","","24.147800000000004","","","","","","","","0.2594","",""
"12/01/2004","","","","","","14.5","","","","","","","","21.9695","","","","","","","","0.2398","",""
"11/01/2004","","","","","","15.63","","","","","","","","23.611900000000002","","","","","","","","0.2614","",""
"10/01/2004","","","","","","14.39","","","","","","","","21.572100000000002","","","","","","","","0.2416","",""
"09/01/2004","","","","","","13.85","","","","","","","","21.0233","","","","","","","","0.2329","",""
"08/01/2004","","","","","","14.1","","","","","","","","21.9289","","","","","","","","0.2374","",""
"07/01/2004","","","","","","13.43","","","","","","","","21.03","","","","","","","","0.2248","",""
"06/01/2004","","","","","","13.290000000000001","","","","","","","","20.922800000000002","","","","","","","","0.2202","",""
"05/01/2004","","","","","","13.27","","","","","","","","20.9585","","","","","","","","0.22280000000000003","",""
"04/01/2004","","","","","","13.47","","","","","","","","21.3488","","","","","","","","0.22820000000000001","",""
"03/01/2004","","","","","","13.47","","","","","","","","21.386999999999997","","","","","","","","0.22829999999999998","",""
"02/01/2004","","","","","","13.200000000000001","","","","","","","","21.0103","","","","","","","","0.2242","",""
"01/01/2004","","","","","","13.200000000000001","","","","","","","","21.035","","","","","","","","0.2241","",""
"12/01/2003","","","","","","13.200000000000001","","","","","","","","21.100500000000004","","","","","","","","0.2255","",""
"11/01/2003","","","","","","13.200000000000001","","","","","","","","21.209200000000003","","","","","","","","0.2258","",""
"10/01/2003","","","","","","13.98","","","","","","","","22.6182","","","","","","","","0.2393","",""
"09/01/2003","","","","","","13.91","","","","","","","","22.6654","","","","","","","","0.23809999999999998","",""
"08/01/2003","","","","","","14.19","","","","","","","","23.2859","","","","","","","","0.2429","",""
"07/01/2003","","","","","","13.85","","","","","","","","22.912","","","","","","","","0.23829999999999998","",""
"06/01/2003","","","","","","13.6","","","","","","","","23.2988","","","","","","","","0.2349","",""
"05/01/2003","","","","","","13.27","","","","","","","","22.8083","","","","","","","","0.22920000000000001","",""
"04/01/2003","","","","","","13.16","","","","","","","","22.715700000000002","","","","","","","","0.2273","",""
"03/01/2003","","","","","","13.69","","","","","","","","23.6688","","","","","","","","0.2364","",""
"02/01/2003","","","","","","13.39","","","","","","","","23.1831","","","","","","","","0.2313","",""
"01/01/2003","","","","","","12.63","","","","","","","","21.9349","","","","","","","","0.2181","",""
"12/01/2002","","","","","","12.63","","","","","","","","21.8107","","","","","","","","0.2181","",""
"11/01/2002","","","","","","13.5","","","","","","","","23.478","","","","","","","","0.23320000000000002","",""
"10/01/2002","","","","","","13.24","","","","","","","","23.0803","","","","","","","","0.22870000000000001","",""
"09/01/2002","","","","","","12.56","","","","","","","","21.9294","","","","","","","","0.2169","",""
"08/01/2002","","","","","","12.700000000000001","","","","","","","","22.200100000000003","","","","","","","","0.2193","",""
"07/01/2002","","","","","","12.18","","","","","","","","21.494899999999998","","","","","","","","0.2104","",""
"06/01/2002","","","","","","12","","","","","","","","21.459600000000002","","","","","","","","0.2073","",""
"05/01/2002","","","","","","12.17","","","","","","","","21.7285","","","","","","","","0.2102","",""
"04/01/2002","","","","","","12.63","","","","","","","","22.631999999999998","","","","","","","","0.2181","",""
"03/01/2002","","","","","","12.790000000000001","","","","","","","","22.9745","","","","","","","","0.2209","",""
"02/01/2002","","","","","","12.67","","","","","","","","22.7867","","","","","","","","0.2188","",""
"01/01/2002","","","","","","12.1","","","","","","","","21.621","","","","","","","","0.2095","",""
"12/01/2001","","","","","","11.290000000000001","","","","","","","","20.239","","","","","","","","0.1981","",""
"11/01/2001","","","","","","11.450000000000001","","","","","","","","20.7188","","","","","","","","0.2009","",""
"10/01/2001","","","","","","11.46","","","","","","","","20.7879","","","","","","","","0.2011","",""
"09/01/2001","","","","","","11.02","","","","","","","","20.039","","","","","","","","0.1933","",""
"08/01/2001","","","","","","10.370000000000001","","","","","","","","18.9037","","","","","","","","0.1819","",""
"07/01/2001","","","","","","10.01","","","","","","","","18.2851","","","","","","","","0.17559999999999998","",""
"06/01/2001","","","","","","10.17","","","","","","","","18.6312","","","","","","","","0.1784","",""
"05/01/2001","","","","","","11.6","","","","","","","","21.3215","","","","","","","","0.2121","",""
"04/01/2001","","","","","","11.91","","","","","","","","21.9734","","","","","","","","0.2206","",""
"03/01/2001","","","","","","11.6","","","","","","","","21.4551","","","","","","","","0.21480000000000002","",""
"02/01/2001","","","","","","10.92","","","","","","","","20.2143","","","","","","","","0.2022","",""
"01/01/2001","","","","","","10.8","","","","","","","","19.7526","","","","","","","","0.2","",""
"12/01/2000","","","","","","10.700000000000001","","","","","","","","19.6021","","","","","","","","0.1981","",""
"11/01/2000","","","","","","11.15","","","","","","","","20.4265","","","","","","","","0.2065","",""
"10/01/2000","","","","","","11.4225","","","","","","","","21.171100000000003","","","","","","","","0.2115","",""
"09/01/2000","","","","","","11","","","","","","","","20.4479","","","","","","","","0.20370000000000002","",""
"08/01/2000","","","","","","11.025","","","","","","","","20.5462","","","","","","","","0.20920000000000002","",""
"07/01/2000","","","","","","11.56","","","","","","","","21.5795","","","","","","","","0.2267","",""
"06/01/2000","","","","","","11.9","","","","","","","","22.270599999999998","","","","","","","","0.23329999999999998","",""
"05/01/2000","","","","","","11.71","","","","","","","","21.961399999999998","","","","","","","","0.22960000000000003","",""
"04/01/2000","","","","","","12.08","","","","","","","","22.6457","","","","","","","","0.23690000000000003","",""
"03/01/2000","","","","","","12.445","","","","","","","","23.3597","","","","","","","","0.244","",""
"02/01/2000","","","","","","11.9425","","","","","","","","22.445","","","","","","","","0.23420000000000002","",""
"01/01/2000","","","","","","11.388","","","","","","","","21.2764","","","","","","","","0.2233","",""
"12/01/1999","","","","","","11.0975","","","","","","","","","","","","","","","","","",""
"11/01/1999","","","","","","11.3925","","","","","","","","","","","","","","","","","",""
"10/01/1999","","","","","","11.7375","","","","","","","","","","","","","","","","","",""
"09/01/1999","","","","","","11.818","","","","","","","","","","","","","","","","","",""
"08/01/1999","","","","","","11.85","","","","","","","","","","","","","","","","","",""
"07/01/1999","","","","","","11.52","","","","","","","","","","","","","","","","","",""
"06/01/1999","","","","","","11.15","","","","","","","","","","","","","","","","","",""
"05/01/1999","","","","","","12.0425","","","","","","","","","","","","","","","","","",""
"04/01/1999","","","","","","14.17","","","","","","","","","","","","","","","","","",""
"03/01/1999","","","","","","14.525","","","","","","","","","","","","","","","","","",""
"02/01/1999","","","","","","14.575000000000001","","","","","","","","","","","","","","","","","",""
"01/01/1999","","","","","","14.482000000000001","","","","","","","","","","","","","","","","","",""
"12/01/1998","","","","","","14.69","","","","","","","","","","","","","","","","","",""
"11/01/1998","","","","","","14.3175","","","","","","","","","","","","","","","","","",""
"10/01/1998","","","","","","14.18","","","","","","","","","","","","","","","","","",""
"09/01/1998","","","","","","14.155000000000001","","","","","","","","","","","","","","","","","",""
"08/01/1998","","","","","","12.887500000000001","","","","","","","","","","","","","","","","","",""
"07/01/1998","","","","","","12.614","","","","","","","","","","","","","","","","","",""