"Date","Lebanon, RETAIL, South, Rice (Egyptian, imported), LBP/Kg","Lebanon, RETAIL, South, Potatoes, LBP/Kg","Lebanon, RETAIL, South, Lentils, LBP/Kg","Lebanon, RETAIL, South, Cabbage, LBP/Kg","Lebanon, RETAIL, South, Bulgur (Brown), LBP/Kg","Lebanon, RETAIL, South, Bread (Pita), LBP/Kg","Lebanon, RETAIL, North, Rice (Egyptian, imported), LBP/Kg","Lebanon, RETAIL, North, Potatoes, LBP/Kg","Lebanon, RETAIL, North, Lentils, LBP/Kg","Lebanon, RETAIL, North, Cabbage, LBP/Kg","Lebanon, RETAIL, North, Bulgur (Brown), LBP/Kg","Lebanon, RETAIL, North, Bread (Pita), LBP/Kg","Lebanon, RETAIL, El Nabatieh, Rice (Egyptian, imported), LBP/Kg","Lebanon, RETAIL, El Nabatieh, Potatoes, LBP/Kg","Lebanon, RETAIL, El Nabatieh, Lentils, LBP/Kg","Lebanon, RETAIL, El Nabatieh, Cabbage, LBP/Kg","Lebanon, RETAIL, El Nabatieh, Bulgur (Brown), LBP/Kg","Lebanon, RETAIL, El Nabatieh, Bread (Pita), LBP/Kg","Lebanon, RETAIL, Beirut, Rice (Egyptian, imported), LBP/Kg","Lebanon, RETAIL, Beirut, Potatoes, LBP/Kg","Lebanon, RETAIL, Beirut, Lentils, LBP/Kg","Lebanon, RETAIL, Beirut, Cabbage, LBP/Kg","Lebanon, RETAIL, Beirut, Bulgur (Brown), LBP/Kg","Lebanon, RETAIL, Beirut, Bread (Pita), LBP/Kg","Lebanon, RETAIL, Akkar, Rice (Egyptian, imported), LBP/Kg","Lebanon, RETAIL, Akkar, Potatoes, LBP/Kg","Lebanon, RETAIL, Akkar, Lentils, LBP/Kg","Lebanon, RETAIL, Akkar, Cabbage, LBP/Kg","Lebanon, RETAIL, Akkar, Bulgur (Brown), LBP/Kg","Lebanon, RETAIL, Akkar, Bread (Pita), LBP/Kg","Lebanon, RETAIL, South, Rice (Egyptian, imported), LBP-real/Kg","Lebanon, RETAIL, South, Potatoes, LBP-real/Kg","Lebanon, RETAIL, South, Lentils, LBP-real/Kg","Lebanon, RETAIL, South, Cabbage, LBP-real/Kg","Lebanon, RETAIL, South, Bulgur (Brown), LBP-real/Kg","Lebanon, RETAIL, South, Bread (Pita), LBP-real/Kg","Lebanon, RETAIL, North, Rice (Egyptian, imported), LBP-real/Kg","Lebanon, RETAIL, North, Potatoes, LBP-real/Kg","Lebanon, RETAIL, North, Lentils, LBP-real/Kg","Lebanon, RETAIL, North, Cabbage, LBP-real/Kg","Lebanon, RETAIL, North, Bulgur (Brown), LBP-real/Kg","Lebanon, RETAIL, North, Bread (Pita), LBP-real/Kg","Lebanon, RETAIL, El Nabatieh, Rice (Egyptian, imported), LBP-real/Kg","Lebanon, RETAIL, El Nabatieh, Potatoes, LBP-real/Kg","Lebanon, RETAIL, El Nabatieh, Lentils, LBP-real/Kg","Lebanon, RETAIL, El Nabatieh, Cabbage, LBP-real/Kg","Lebanon, RETAIL, El Nabatieh, Bulgur (Brown), LBP-real/Kg","Lebanon, RETAIL, El Nabatieh, Bread (Pita), LBP-real/Kg","Lebanon, RETAIL, Beirut, Rice (Egyptian, imported), LBP-real/Kg","Lebanon, RETAIL, Beirut, Potatoes, LBP-real/Kg","Lebanon, RETAIL, Beirut, Lentils, LBP-real/Kg","Lebanon, RETAIL, Beirut, Cabbage, LBP-real/Kg","Lebanon, RETAIL, Beirut, Bulgur (Brown), LBP-real/Kg","Lebanon, RETAIL, Beirut, Bread (Pita), LBP-real/Kg","Lebanon, RETAIL, Akkar, Rice (Egyptian, imported), LBP-real/Kg","Lebanon, RETAIL, Akkar, Potatoes, LBP-real/Kg","Lebanon, RETAIL, Akkar, Lentils, LBP-real/Kg","Lebanon, RETAIL, Akkar, Cabbage, LBP-real/Kg","Lebanon, RETAIL, Akkar, Bulgur (Brown), LBP-real/Kg","Lebanon, RETAIL, Akkar, Bread (Pita), LBP-real/Kg","Lebanon, RETAIL, South, Rice (Egyptian, imported), USD/Kg","Lebanon, RETAIL, South, Potatoes, USD/Kg","Lebanon, RETAIL, South, Lentils, USD/Kg","Lebanon, RETAIL, South, Cabbage, USD/Kg","Lebanon, RETAIL, South, Bulgur (Brown), USD/Kg","Lebanon, RETAIL, South, Bread (Pita), USD/Kg","Lebanon, RETAIL, North, Rice (Egyptian, imported), USD/Kg","Lebanon, RETAIL, North, Potatoes, USD/Kg","Lebanon, RETAIL, North, Lentils, USD/Kg","Lebanon, RETAIL, North, Cabbage, USD/Kg","Lebanon, RETAIL, North, Bulgur (Brown), USD/Kg","Lebanon, RETAIL, North, Bread (Pita), USD/Kg","Lebanon, RETAIL, El Nabatieh, Rice (Egyptian, imported), USD/Kg","Lebanon, RETAIL, El Nabatieh, Potatoes, USD/Kg","Lebanon, RETAIL, El Nabatieh, Lentils, USD/Kg","Lebanon, RETAIL, El Nabatieh, Cabbage, USD/Kg","Lebanon, RETAIL, El Nabatieh, Bulgur (Brown), USD/Kg","Lebanon, RETAIL, El Nabatieh, Bread (Pita), USD/Kg","Lebanon, RETAIL, Beirut, Rice (Egyptian, imported), USD/Kg","Lebanon, RETAIL, Beirut, Potatoes, USD/Kg","Lebanon, RETAIL, Beirut, Lentils, USD/Kg","Lebanon, RETAIL, Beirut, Cabbage, USD/Kg","Lebanon, RETAIL, Beirut, Bulgur (Brown), USD/Kg","Lebanon, RETAIL, Beirut, Bread (Pita), USD/Kg","Lebanon, RETAIL, Akkar, Rice (Egyptian, imported), USD/Kg","Lebanon, RETAIL, Akkar, Potatoes, USD/Kg","Lebanon, RETAIL, Akkar, Lentils, USD/Kg","Lebanon, RETAIL, Akkar, Cabbage, USD/Kg","Lebanon, RETAIL, Akkar, Bulgur (Brown), USD/Kg","Lebanon, RETAIL, Akkar, Bread (Pita), USD/Kg"
"01/01/2025","96081.975","59400","172548.513","29250","90349.02","55824.024000000005","80565.426","63029.22","152986.617","29629.32","81124.2","50962.424","89145","58722.95","124392.861","44120.31","85320","59214.512","81749.763","64460.55","137072.646","49697.62","84088.44900000001","62254.864","77039.253","58058.57","134040.519","37526.04","78940.251","51546.16","564.831","349.19","1014.3539999999999","171.95","531.135","328.168","473.61600000000004","370.53","899.361","174.18","476.901","299.59200000000004","524.052","345.21","731.268","259.37","501.57","348.10400000000004","480.58200000000005","378.94","805.806","292.16","494.325","365.97600000000006","452.889","341.31","787.986","220.6","464.067","303.024","1.071","0.66","1.9260000000000002","0.33","1.0080000000000002","0.6240000000000001","0.9","0.7","1.71","0.33","0.909","0.568","0.9990000000000001","0.66","1.3860000000000001","0.49","0.9540000000000001","0.664","0.909","0.72","1.53","0.55","0.936","0.6960000000000001","0.864","0.65","1.494","0.42","0.882","0.576"
"12/01/2024","94238.94600000001","69600","172146.09600000002","31200","87079.96800000001","55126.152","80642.07","56520.9","150836.454","35299.67","81299.052","50010.952000000005","87976.845","57404.16","136520.361","46120.84","91260","59476.943999999996","81565.11","61724.17","134346.573","47916.43","83053.773","62061.912000000004","73142.037","53968.81","132984.03600000002","43553.96","75126.186","51633.4","592.623","437.68","1082.547","196.2","547.605","346.664","507.12300000000005","355.43","948.537","221.98","511.25399999999996","314.49600000000004","553.248","360.99","858.51","290.03","573.894","374.024","512.928","388.15","844.839","301.32","522.288","390.28000000000003","459.954","339.38","836.2710000000001","273.89","472.43699999999995","324.696","1.053","0.78","1.9260000000000002","0.35","0.9720000000000001","0.6160000000000001","0.9","0.63","1.683","0.39","0.909","0.5599999999999999","0.9810000000000001","0.64","1.521","0.51","1.017","0.664","0.909","0.69","1.503","0.53","0.927","0.6960000000000001","0.8190000000000001","0.6","1.4849999999999999","0.49","0.8370000000000001","0.576"
"11/01/2024","92849.247","65500","156508.866","32287.5","83687.778","54239.61600000001","79794.558","59588.12","152577.54","40262.96","83066.64300000001","51758.312000000005","98427.933","55854.94","139035.942","46309.76","92036.997","60435.10400000001","81465.561","63118.6","136073.034","62750.93","83392.34400000001","62198.736000000004","75657.978","52628.55","136943.95500000002","35869.06","77515.443","55776.96","621.369","438.34","1047.402","216.08","560.061","362.98400000000004","534.0060000000001","398.78","1021.086","269.45","555.903","346.384","658.71","373.8","930.4649999999999","309.92","615.933","404.44800000000004","545.193","422.41","910.638","419.95","558.081","416.248","506.32200000000006","352.2","916.47","240.05","518.751","373.272","1.035","0.73","1.746","0.36","0.936","0.6080000000000001","0.891","0.67","1.7009999999999998","0.45","0.927","0.576","1.098","0.62","1.557","0.52","1.026","0.672","0.909","0.71","1.521","0.7","0.936","0.6960000000000001","0.846","0.59","1.53","0.4","0.864","0.6240000000000001"
"10/01/2024","82572.246","70920.59","166097.916","34340","84114.999","54873.576","79234.632","65985.9","159015.681","42768.47","81142.614","52385.696","101705.625","58713.6","134228.574","45409","94921.875","58474.288","79692.561","62048.6","134408.28600000002","56300.75","83584.656","59057.432","74933.028","56946.96","135254.916","32426.67","77175.63","55018.8","586.404","503.66","1179.585","243.87","597.366","389.696","562.707","468.62","1129.2930000000001","303.73","576.252","372.03200000000004","722.286","416.97","953.253","322.48","674.109","415.27200000000005","565.956","440.65","954.531","399.83","593.595","419.408","532.152","404.42","960.543","230.29","548.082","390.72800000000007","0.918","0.79","1.854","0.38","0.936","0.6160000000000001","0.882","0.74","1.773","0.48","0.909","0.584","1.1340000000000001","0.66","1.494","0.51","1.062","0.656","0.891","0.69","1.503","0.63","0.936","0.656","0.8370000000000001","0.64","1.512","0.36","0.864","0.6160000000000001"
"09/01/2024","74589.20999999999","61200","142699.77","34971.43","79082.289","48654.432","79859.02500000001","62441.94","150703.74000000002","44020.06","81519.498","45342.824","72927.648","57153.57","139142.52","40996.43","76185.135","50398.632000000005","80113.194","62809.25","136970.37","52815","84637.35","47956.488000000005","69411.31199999999","57370.6","129756.42","35453.44","73915.587","49988.336","566.442","464.76","1083.69","265.58","600.561","369.48800000000006","606.465","474.2","1144.476","334.3","619.0740000000001","344.34400000000005","553.8240000000001","434.03","1056.672","311.33","578.565","382.73600000000005","608.3910000000001","476.98","1040.175","401.09","642.7529999999999","364.192","527.1210000000001","435.68","985.3920000000002","269.24","561.33","379.624","0.8370000000000001","0.68","1.593","0.39","0.882","0.544","0.891","0.7","1.683","0.49","0.909","0.504","0.81","0.64","1.557","0.46","0.846","0.5599999999999999","0.891","0.7","1.53","0.59","0.9450000000000001","0.536","0.774","0.64","1.449","0.4","0.8280000000000001","0.5599999999999999"
"08/01/2024","74815.749","56430","156636.639","35910","87741.58499999999","48611.04000000001","76239.441","56750.75","148272.345","44077.72","84152.799","43333.56","74746.755","49489.64","128887.69499999999","44068.57","79483.869","51064.968","78432.228","58552.22","133817.83200000002","56497.81","83422.395","47820.656","70211.781","50365.76","130472.739","40016.05","72942.04800000001","48485.168000000005","605.0699999999999","456.38","1266.804","290.42","709.614","393.144","616.59","458.97","1199.16","356.48","680.589","350.464","604.512","400.25","1042.38","356.41","642.825","412.992","634.3199999999999","473.54","1082.259","456.93","674.685","386.752","567.837","407.33","1055.2050000000002","323.63","589.923","392.12800000000004","0.8370000000000001","0.63","1.746","0.4","0.9810000000000001","0.544","0.855","0.63","1.6560000000000001","0.49","0.936","0.488","0.8370000000000001","0.55","1.4400000000000002","0.49","0.891","0.568","0.873","0.65","1.494","0.63","0.936","0.536","0.783","0.56","1.4580000000000002","0.45","0.8190000000000001","0.544"
"07/01/2024","74505.87000000001","52281.82","147370.02300000002","41236.36","84634.119","45533.568","76265.118","57993.22","150408.666","41423.25","85839.849","42612.832","74955.15000000001","51848.12","125923.87800000001","36801.43","76918.743","51510.544","76296.39300000001","59001.85","134714.709","52632.25","84250.78199999999","45276.696","68968.971","48537.06","128792.25","32158.73","74370.726","47269.872","639.0630000000001","448.44","1264.041","353.7","725.94","390.56","654.1560000000001","497.43","1290.105","355.3","736.2810000000001","365.504","642.9150000000001","444.72","1080.09","315.66","659.754","441.824","654.417","506.08","1155.4920000000002","451.44","722.6460000000001","388.35200000000003","591.5699999999999","416.32","1104.6960000000001","275.84","637.902","405.44800000000004","0.8370000000000001","0.58","1.647","0.46","0.9450000000000001","0.512","0.855","0.65","1.683","0.46","0.9630000000000001","0.48","0.8370000000000001","0.58","1.4040000000000001","0.41","0.864","0.576","0.855","0.66","1.503","0.59","0.9450000000000001","0.504","0.774","0.54","1.4400000000000002","0.36","0.8280000000000001","0.528"
"06/01/2024","74271.79800000001","65948","141516.96300000002","41052.73","83106.243","43840.056000000004","74447.757","67393.6","141169.671","38833.75","82995.84000000001","38999.384000000005","73286.856","64495.64","126315.43200000002","36278.57","77648.49","47210.216","77953.365","62148.95","135384.633","56870.56","83623.158","43083.504","66706.911","64461.79","127436.58000000002","28508.89","74278.14300000001","43224.384000000005","675.999","600.24","1288.053","373.65","756.4140000000001","399.024","677.601","613.4","1284.894","353.45","755.4060000000001","354.96000000000004","667.035","587.02","1149.6870000000001","330.2","706.734","429.696","709.515","565.66","1232.2350000000001","517.62","761.1210000000001","392.136","607.149","586.71","1159.893","259.48","676.062","393.416","0.8280000000000001","0.74","1.584","0.46","0.927","0.488","0.8280000000000001","0.75","1.575","0.43","0.927","0.43200000000000005","0.8190000000000001","0.72","1.413","0.41","0.864","0.528","0.873","0.69","1.512","0.63","0.936","0.48","0.747","0.72","1.4220000000000002","0.32","0.8280000000000001","0.48"
"05/01/2024","72604.8","58613","144385.2","39587","86191.2","43216","75502.8","50458","145451.7","37779","81397.8","38500","73468.8","49423","118656","45200","75802.5","44667.200000000004","79537.5","58818","136551.6","52147","83988.90000000001","42060.8","67816.8","47440","125294.40000000001","34531","74476.8","43982.4","701.784","566.55","1395.612","382.64","833.112","417.72","729.801","487.72","1405.9170000000001","365.17","786.7800000000001","372.136","710.136","477.72","1146.915","436.9","732.6990000000001","431.74399999999997","768.798","568.53","1319.886","504.05","811.827","406.552","655.5060000000001","458.55","1211.076","333.77","719.883","425.128","0.81","0.65","1.611","0.44","0.9630000000000001","0.48","0.846","0.56","1.62","0.42","0.909","0.43200000000000005","0.8190000000000001","0.55","1.323","0.5","0.846","0.496","0.891","0.66","1.521","0.58","0.936","0.472","0.756","0.53","1.395","0.39","0.8280000000000001","0.488"
"04/01/2024","75319.2","53600","143372.7","36700","84440.7","42607.200000000004","74858.40000000001","49753","140329.80000000002","36436","81360","37868.8","70259.40000000001","46542","115351.2","40645","78724.8","44544.8","75705.3","53498","137135.7","52591","83841.3","41831.200000000004","67303.8","42332","126243.90000000001","33108","75223.8","41741.600000000006","772.668","549.86","1470.807","376.49","866.25","437.088","767.943","510.4","1439.595","373.78","834.642","388.48","720.765","477.46","1183.347","416.96","807.606","456.9680000000001","776.6279999999999","548.82","1406.826","539.51","860.0939999999999","429.128","690.444","434.27","1295.0910000000001","339.64","771.696","428.208","0.8370000000000001","0.6","1.602","0.41","0.9450000000000001","0.472","0.8370000000000001","0.56","1.566","0.41","0.909","0.42400000000000004","0.783","0.52","1.287","0.45","0.882","0.496","0.846","0.6","1.53","0.59","0.936","0.46399999999999997","0.747","0.47","1.413","0.37","0.8370000000000001","0.46399999999999997"
"03/01/2024","74209.5","46269","137782.80000000002","39470","83937.6","42900.8","74857.5","49285","142122.6","38616","83284.2","38800","70925.40000000001","50223","117498.6","38191","74613.6","43725.600000000006","78157.8","54593","135759.6","44502","82092.6","41799.200000000004","67062.6","41502","123672.6","33672","75420.90000000001","41544.8","809.379","504.64","1502.748","430.48","915.48","467.904","816.444","537.53","1550.079","421.17","908.352","423.17600000000004","773.559","547.76","1281.5100000000002","416.53","813.7800000000001","476.896","852.435","595.43","1480.68","485.37","895.356","455.88800000000003","731.4300000000001","452.65","1348.848","367.25","822.591","453.112","0.8280000000000001","0.52","1.539","0.44","0.936","0.48","0.8370000000000001","0.55","1.584","0.43","0.927","0.43200000000000005","0.792","0.56","1.314","0.43","0.8370000000000001","0.488","0.873","0.61","1.512","0.5","0.918","0.46399999999999997","0.747","0.46","1.377","0.38","0.846","0.46399999999999997"
"02/01/2024","73306.8","46851","137163.6","41063","84180.6","42164","73594.8","54362","139527","37447","79823.7","39833.600000000006","72072.90000000001","44275","110293.2","47578","76986","43492.8","80091.90000000001","54447","133776","50907","80123.40000000001","41774.4","66834","41780","125467.2","37125","74637","40979.200000000004","864.936","552.79","1618.38","484.5","993.2399999999999","497.48800000000006","868.3380000000001","641.41","1646.2620000000002","441.83","941.832","469.992","850.383","522.4","1301.337","561.37","908.352","513.168","944.991","642.41","1578.411","600.65","945.3690000000001","492.88800000000003","788.571","492.96","1480.374","438.03","880.6320000000001","483.512","7.074000000000001","4.52","13.23","3.96","8.118","4.064","7.101","5.24","13.455","3.61","7.695000000000001","3.84","6.9479999999999995","4.27","10.638","4.59","7.425","4.192","7.722","5.25","12.906","4.91","7.731","4.032","6.444","4.03","12.105","3.58","7.2","3.9520000000000004"
"01/01/2024","74168.1","48046","131381.1","44975","79664.40000000001","45006.4","74259.90000000001","52032","140826.6","35491","79758","38132","72557.1","45404","118894.5","48135","80087.40000000001","45235.200000000004","78800.40000000001","54660","135590.4","52847","81462.6","41820","65897.1","45505","121998.6","37122","73532.7","40038.4","957.582","620.32","1696.257","580.67","1028.547","581.08","958.77","671.78","1818.207","458.22","1029.7530000000002","492.32","936.7829999999999","586.21","1535.049","621.47","1034.0100000000002","584.032","1017.3870000000001","705.71","1750.608","682.31","1051.758","539.936","850.797","587.51","1575.1260000000002","479.28","949.3829999999999","516.936","4.941000000000001","3.2","8.757000000000001","3","5.3100000000000005","3","4.95","3.47","9.387","2.37","5.319","2.5440000000000005","4.833","3.03","7.929","3.21","5.337","3.016","5.256","3.64","9.036","3.52","5.4270000000000005","2.7920000000000003","4.392","3.03","8.136","2.47","4.905","2.672"
"12/01/2023","80360.091","47977.38","135677.538","49009.05","82435.68","44692.488000000005","74162.583","53443.09","139060.521","43447.21","78195.672","37884.352000000006","80721.504","46408.19","124120.827","51936.56","84132.36","42096.536","78285.096","53821.23","135282.987","61342.6","81937.13399999999","42056.168000000005","67916.53800000002","39926","119121.912","39729.08","74869.23599999999","41521.568","1134.522","677.35","1915.497","691.91","1163.826","630.9680000000001","1047.033","754.51","1963.2600000000002","613.39","1103.967","534.8560000000001","1139.625","655.19","1752.345","733.24","1187.784","594.32","1105.227","759.85","1909.926","866.04","1156.788","593.7520000000001","958.8510000000001","563.68","1681.767","560.9","1057.005","586.2","5.355","3.2","9.045000000000002","3.27","5.4990000000000006","2.9760000000000004","4.941000000000001","3.56","9.270000000000001","2.9","5.211","2.5280000000000005","5.382000000000001","3.09","8.270999999999999","3.46","5.607","2.808","5.22","3.59","9.018","4.09","5.463","2.8000000000000003","4.527","2.66","7.938000000000001","2.65","4.995","2.7680000000000002"
"11/01/2023","82372.842","51059.18","132713.361","56102.11","82317.654","45134.04000000001","72752.967","49503.56","141644.25900000002","50330.69","80664.237","38422.376000000004","78152.049","46559.5","128967.20100000002","50731.25","86481.936","44940.584","78851.31300000001","53352.27","132509.322","56557.8","81382.56300000001","42492.576","67306.95","40799.7","126667.04400000001","46334.5","76082.13","41375.168000000005","1163.1960000000001","721.01","1874.061","792.22","1162.413","637.344","1027.3500000000001","699.04","2000.1689999999999","710.72","1139.0670000000002","542.5680000000001","1103.5890000000002","657.47","1821.159","716.38","1221.219","634.6080000000001","1113.471","753.39","1871.1810000000003","798.66","1149.21","600.04","950.4449999999999","576.14","1788.678","654.29","1074.366","584.264","5.49","3.4","8.847","3.74","5.49","3.008","4.851","3.3","9.441","3.36","5.382000000000001","2.5600000000000005","5.211","3.1","8.595","3.38","5.769","3","5.256","3.56","8.838000000000001","3.77","5.4270000000000005","2.8320000000000003","4.4910000000000005","2.72","8.442","3.09","5.076","2.7600000000000002"
"10/01/2023","79365.654","51800.2","129334.05","59715.67","85955.985","41516.600000000006","84192.588","50769.82","140777.487","49038.58","84918.168","38367.304","83711.466","50431.5","124493.823","59688.12","86798.133","44293.024000000005","85161.528","55359.03","130645.89000000001","60891.9","83625.534","43083.096000000005","66486.033","44054","118638.59400000001","45191.5","71997.462","39651.76","1149.48","750.24","1873.188","864.88","1244.925","601.296","1219.392","735.32","2038.9229999999998","710.24","1229.895","555.688","1212.4170000000001","730.42","1803.087","864.48","1257.129","641.5120000000001","1233.423","801.78","1892.187","881.92","1211.175","623.984","962.9370000000001","638.05","1718.28","654.52","1042.758","574.288","5.292","3.45","8.622","3.98","5.7330000000000005","2.7680000000000002","5.6160000000000005","3.38","9.387","3.27","5.6610000000000005","2.5600000000000005","5.58","3.36","8.298","3.98","5.787","2.952","5.678999999999999","3.69","8.712","4.06","5.571000000000001","2.872","4.428","2.94","7.911","3.01","4.797000000000001","2.64"
"09/01/2023","83157.246","44442.51","132658.10100000002","81115.34","81326.808","35288.056000000004","78771.285","44935.52","135206.83800000002","67639.25","78945.777","32007.48","82934.739","48316.31","143998.335","77407.47","89255.754","35629.08","92066.26500000001","49771.33","134371.431","87021.2","84305.556","34574.272","72996.606","40925","117688.284","49755","74210.022","31082.688000000002","1411.794","754.52","2252.187","1377.13","1380.717","599.096","1337.3280000000002","762.89","2295.4590000000003","1148.34","1340.298","543.4","1408.0140000000001","820.29","2444.715","1314.18","1515.3300000000002","604.888","1563.048","844.99","2281.275","1477.39","1431.288","586.984","1239.291","694.8","1998.036","844.71","1259.892","527.7040000000001","5.5440000000000005","2.96","8.847","5.41","5.418","2.352","5.247","3","9.018","4.51","5.265","2.136","5.526","3.22","9.603","5.16","5.949000000000001","2.3760000000000003","6.138000000000001","3.32","8.955","5.8","5.6160000000000005","2.304","4.869000000000001","2.73","7.848000000000001","3.32","4.95","2.072"
"08/01/2023","81273.033","42326.96","131041.54800000001","43692.36","79982.055","35067.696","77431.887","41998.93","125068.473","54183.29","75683.781","30001.744000000002","81613.746","44761.64","141803.685","49007.96","86249.36700000001","34794.648","83350.206","49953.77","134764.092","53958.12","85906.917","32681.336","71888.355","39100","110838.906","31886.76","72642.672","30056.847999999998","1398.87","728.53","2255.49","752.03","1376.658","603.5840000000001","1332.7559999999999","722.89","2152.683","932.6","1302.669","516.392","1404.738","770.44","2440.728","843.53","1484.5230000000001","598.888","1434.627","859.81","2319.561","928.73","1478.6370000000002","562.5120000000001","1237.347","672.99","1907.7659999999998","548.84","1250.325","517.336","5.418","2.82","8.739","2.91","5.328","2.336","5.166","2.8","8.334","3.61","5.049","2","5.445","2.98","9.450000000000001","3.27","5.7509999999999994","2.32","5.553","3.33","8.982000000000001","3.6","5.724","2.176","4.797000000000001","2.61","7.389000000000001","2.13","4.842","2"
"07/01/2023","82054.035","40016.95","133253.181","20625.94","81434.448","34707.6","79036.659","34425.55","130662.108","21662.14","77755.167","30325.624","84325.01400000001","41715.03","144355.824","23115.58","87279.28199999999","34837.776000000005","85027.806","42214.14","136264.5","20534.22","86773.43699999999","33083.144","73244.142","33855.47","111129.59700000001","19045.88","73550.934","30671.376000000004","1425.267","695.09","2314.593","358.27","1414.5030000000002","602.864","1372.8600000000001","597.97","2269.5840000000003","376.27","1350.594","526.7520000000001","1464.7140000000002","724.59","2507.445","401.51","1516.0320000000002","605.128","1476.927","733.25","2366.901","356.68","1507.248","574.648","1272.24","588.07","1930.311","330.82","1277.568","532.7600000000001","5.472","2.67","8.883","1.38","5.4270000000000005","2.3120000000000003","5.265","2.3","8.712","1.44","5.184","2.024","5.625","2.78","9.621","1.54","5.8229999999999995","2.32","5.67","2.81","9.081","1.37","5.787","2.2079999999999997","4.887","2.26","7.407000000000001","1.27","4.905","2.048"
"06/01/2023","85695.606","33466.91","135806.81399999998","16360.89","83529.954","35523.968","80468.433","31745.29","135358.371","14524.81","81441.18","31467.576","88794.153","32488.4","150988.725","17338.88","91854.97200000001","34721.608","94222.602","35430.19","139548.771","15307.95","88927.767","34196.672","75344.508","30041.7","120576.43800000001","18271.31","76958.226","31768.856","1589.814","620.87","2519.469","303.52","1549.638","659.032","1492.8390000000002","588.93","2511.144","269.46","1510.884","583.784","1647.297","602.72","2801.115","321.67","1704.0780000000002","644.152","1748.007","657.3","2588.886","283.99","1649.772","634.408","1397.781","557.33","2236.914","338.97","1427.715","589.368","5.715","2.23","9.054","1.09","5.571000000000001","2.368","5.364","2.12","9.027","0.97","5.4270000000000005","2.096","5.922000000000001","2.17","10.062","1.16","6.12","2.3120000000000003","6.282000000000001","2.36","9.306000000000001","1.02","5.931","2.2800000000000002","5.022","2","8.037","1.22","5.13","2.12"
"05/01/2023","69709.5","31851.28","97795.8","","60625.8","25352.800000000003","59666.4","30928.29","90093.6","","57178.8","22977.600000000002","76266","29875.42","120744.90000000001","11666","73151.1","31685.600000000002","77763.6","31424.45","121493.7","","74918.7","26300.800000000003","59145.3","27909.17","89886.6","15000","60040.8","23672","1386.522","633.52","1945.161","","1205.847","504.27200000000005","1186.767","615.16","1791.963","","1137.285","457.024","1516.932","594.22","2401.623","232.04","1454.976","630.224","1546.722","625.03","2416.518","","1490.1390000000001","523.12","1176.399","555.11","1787.8500000000001","298.35","1194.21","470.84","4.644","2.12","6.516","","4.041","1.688","3.978","2.06","6.003","","3.8160000000000003","1.528","5.085000000000001","1.99","8.046","0.78","4.878","2.112","5.184","2.09","8.1","","4.995","1.752","3.942","1.86","5.994000000000001","1","4.005","1.576"
"04/01/2023","87516.90000000001","45966.7","120533.40000000001","","73857.6","31636.800000000003","73139.40000000001","38944.3","117972","","71305.2","29332","76504.5","42389.2","127704.6","18333","75585.6","32080","96032.7","27748.9","139815.9","","87784.2","32601.600000000002","72434.7","33470.5","108196.2","30000","72195.3","28715.2","1833.84","963.19","2525.67","","1547.622","662.9200000000001","1532.5739999999998","816.04","2471.994","","1494.1350000000002","614.624","1603.0800000000002","888.23","2675.934","384.15","1583.829","672.2080000000001","2012.283","581.45","2929.716","","1839.4379999999999","683.136","1517.805","701.34","2267.154","628.62","1512.7920000000001","601.7040000000001","5.832000000000001","3.06","8.037","","4.923","2.112","4.878","2.6","7.8660000000000005","","4.752000000000001","1.952","5.103","2.83","8.514000000000001","1.22","5.04","2.136","6.399","1.85","9.324","","5.8500000000000005","2.176","4.833","2.23","7.209","2","4.8149999999999995","1.9120000000000001"
"03/01/2023","84114.90000000001","35381","123183.90000000001","","74208.6","30125.600000000002","70114.5","39399.2","118503.90000000001","","69884.1","26625.600000000002","77924.7","36219.9","125109","20000","77367.6","30612.800000000003","88708.5","23038.4","132149.7","","79114.5","27600.800000000003","68852.7","32870.9","103805.1","25000","68663.7","27114.4","1913.2740000000001","804.77","2801.934","","1687.941","685.232","1594.818","896.17","2695.482","","1589.5800000000002","605.624","1772.469","823.85","2845.719","454.92","1759.797","696.312","2017.7549999999999","524.03","3005.865","","1799.5320000000002","627.808","1566.1170000000002","747.68","2361.141","568.65","1561.815","616.744","5.607","2.36","8.208","","4.95","2.008","4.671","2.63","7.901999999999999","","4.662","1.7760000000000002","5.193","2.41","8.343","1.33","5.157000000000001","2.04","5.913","1.54","8.811","","5.274","1.8399999999999999","4.59","2.19","6.921","1.67","4.581","1.8079999999999998"
"02/01/2023","59031.9","22704.9","89379.90000000001","","51382.8","21746.4","50572.8","24998.5","79884","","51084.9","20068","53191.8","26192.9","86382","13000","52626.6","21443.2","68382","22032","107669.7","","62325.9","19588.8","45406.8","20826","66524.40000000001","21000","46020.6","19750.4","1789.524","688.29","2709.504","","1557.6390000000001","659.232","1533.087","757.82","2421.639","","1548.612","608.3520000000001","1612.476","794.02","2618.622","394.09","1595.349","650.04","2072.9610000000002","667.89","3263.949","","1889.379","593.824","1376.478","631.33","2016.648","636.6","1395.09","598.72","3.9330000000000003","1.51","5.958","","3.4290000000000003","1.4480000000000002","3.375","1.67","5.328","","3.4019999999999997","1.336","3.546","1.75","5.760000000000001","0.87","3.51","1.4320000000000002","4.563000000000001","1.47","7.182","","4.158","1.304","3.024","1.39","4.437","1.4","3.0690000000000004","1.32"
"01/01/2023","40490.1","18023.8","62412.3","","34785.9","15479.2","34000.200000000004","19893.9","59177.700000000004","","33815.700000000004","14955.2","36916.200000000004","19756.9","60952.5","12000","37746","15808","43596","20419","66085.2","","40044.6","14229.6","31653","17839.9","49169.700000000004","15000","32796.9","14356.800000000001","1540.737","685.85","2374.929","","1323.684","589.016","1293.786","757.01","2251.8450000000003","","1286.757","569.08","1404.738","751.79","2319.372","456.63","1436.3190000000002","601.528","1658.925","776.99","2514.69","","1523.781","541.464","1204.47","678.85","1871.019","570.78","1247.9940000000001","546.304","26.856","11.96","41.4","","23.076","10.272","22.554","13.2","39.257999999999996","","22.428","9.920000000000002","24.489","13.11","40.437","7.96","25.038","10.488","28.917","13.54","43.839","","26.568","9.440000000000001","20.997","11.83","32.616","9.95","21.753000000000004","9.520000000000001"
"12/01/2022","34721.1","","56834.1","","32688","14404.800000000001","30829.5","","56737.8","","31117.5","13956.800000000001","32064.3","","55596.6","10000","33539.4","14770.400000000001","38379.6","","68429.7","","33408","13837.6","29146.5","","50299.200000000004","12500","30006.9","13441.6","1420.29","","2324.835","","1337.121","589.24","1261.098","","2320.893","","1272.879","570.912","1311.615","","2274.219","409.06","1371.951","604.192","1569.9420000000002","","2799.162","","1366.5780000000002","566.04","1192.257","","2057.5170000000003","511.32","1227.456","549.84","23.031","","37.701","","21.681","9.552","20.448","","37.638","","20.646","9.256","21.267","","36.882","6.63","22.248","9.8","25.461","","45.396","","22.158","9.176","19.332","","33.363","8.29","19.908","8.92"
"11/01/2022","30682.8","","54593.1","","30322.8","14179.2","30428.100000000002","","51387.3","","28964.7","13763.2","29395.8","","53785.8","10666","30744.9","14460","36254.700000000004","","62955","","31315.5","13843.2","27607.5","","46229.4","13000","27612.9","13100.800000000001","1351.197","","2404.152","","1335.348","624.416","1339.983","","2262.978","","1275.534","606.096","1294.524","","2368.6020000000003","469.71","1353.933","636.7840000000001","1596.573","","2772.3869999999997","","1379.061","609.624","1215.7649999999999","","2035.836","572.49","1216.008","576.928","20.349","","36.216","","20.115000000000002","9.408","20.187","","34.092000000000006","","19.215000000000003","9.128","19.503000000000004","","35.676","7.08","20.394000000000002","9.592","24.048","","41.76","","20.772","9.184000000000001","18.315","","30.663","8.62","18.315","8.688"
"10/01/2022","30760.2","","52177.5","","30582.9","13185.6","29329.2","","51894","","30073.5","13096","28278","","51837.3","10000","29946.600000000002","13535.2","35783.1","","54387.9","","31732.2","12451.2","26735.4","","47473.200000000004","14000","26915.4","12760","1405.2600000000002","","2383.695","","1397.16","602.3760000000001","1339.884","","2370.744","","1373.886","598.2800000000001","1291.8600000000001","","2368.152","456.84","1368.09","618.344","1634.724","","2484.675","","1449.666","568.824","1221.3899999999999","","2168.775","639.58","1229.607","582.928","20.403000000000002","","34.614000000000004","","20.286","8.744","19.458000000000002","","34.425000000000004","","19.953000000000003","8.688","18.756","","34.389","6.63","19.863","8.976","23.733","","36.081","","21.051000000000002","8.256","17.739","","31.491000000000003","9.29","17.856","8.464"
"09/01/2022","28434.600000000002","","","","27342.9","11636.800000000001","29988","","","","28030.5","10940","30809.7","","","","29025.9","11389.6","31090.5","","","","27046.8","11049.6","26946.9","","","","26405.100000000002","12369.6","1489.275","","","","1432.098","609.48","1570.6350000000002","","","","1468.107","572.984","1613.673","","","","1520.2440000000001","596.536","1628.379","","","","1416.582","578.728","1411.353","","","","1382.976","647.864","18.864","","","","18.134999999999998","7.720000000000001","19.89","","","","18.594","7.256","20.439","","","","19.251","7.552","20.628000000000004","","","","17.937","7.328","17.874","","","","17.514000000000003","8.208"
"08/01/2022","24968.7","","","","23191.2","10144.800000000001","28211.4","","","","24323.4","9830.400000000001","26400.600000000002","","","","24530.4","10486.400000000001","25670.7","","","","21519.9","10043.2","22449.600000000002","","","","22953.600000000002","11426.400000000001","1417.5629999999999","","","","1316.655","575.96","1601.6670000000001","","","","1380.933","558.112","1498.8600000000001","","","","1392.678","595.3520000000001","1457.424","","","","1221.768","570.192","1274.544","","","","1303.164","648.72","16.56","","","","15.381","6.728000000000001","18.711","","","","16.137","6.5200000000000005","17.514000000000003","","","","16.272","6.96","17.028000000000002","","","","14.274","6.664000000000001","14.895000000000001","","","","15.228000000000002","7.5760000000000005"
"07/01/2022","22868.100000000002","","","","21259.8","12843.2","26513.100000000002","","","","21819.600000000002","10324","24426","","","","22698.9","10041.6","24372","","","","18541.8","10460.800000000001","22408.2","","","10000","21216.600000000002","12283.2","1396.3410000000001","","","","1298.142","784.216","1618.911","","","","1332.3239999999998","630.392","1491.471","","","","1386.009","613.144","1488.1680000000001","","","","1132.173","638.744","1368.261","","","610.61","1295.505","750.024","15.174","","","","14.103","8.520000000000001","17.586","","","","14.472","6.848000000000001","16.2","","","","15.057","6.664000000000001","16.164","","","","12.303","6.936","14.868","","","6.63","14.076","8.152"
"06/01/2022","21791.7","","","","20853.9","10949.6","24786","","","","21244.5","9325.6","23995.8","","","","21639.600000000002","9392","27755.100000000002","","","","18846.9","9216.800000000001","21821.4","","","7000","20794.5","9916","1429.335","","","","1367.82","718.192","1625.733","","","","1393.443","611.672","1573.902","","","","1419.354","616.024","1820.4750000000001","","","","1236.177","604.536","1431.279","","","459.13","1363.923","650.4000000000001","14.453999999999999","","","","13.833","7.264","16.443","","","","14.094000000000001","6.184000000000001","15.921000000000001","","","","14.355","6.232","18.414","","","","12.501000000000001","6.112","14.472","","","4.64","13.797","6.5760000000000005"
"05/01/2022","22220.100000000002","","","","20151.9","8955.2","22932","","","","20786.4","8585.6","23814","","","","21048.3","8609.6","23512.5","","","","19972.8","8386.4","19829.7","","","","18916.2","8971.2","1592.0010000000002","","","","1443.825","641.616","1643.004","","","","1489.284","615.128","1706.202","","","","1508.049","616.848","1684.602","","","","1430.991","600.8560000000001","1420.74","","","","1355.2920000000001","642.7600000000001","14.741999999999999","","","","13.365","5.944","15.209999999999999","","","","13.788","5.696000000000001","15.795000000000002","","","","13.959","5.712","15.597","","","","13.248000000000001","5.5600000000000005","13.158","","","","12.546","5.952000000000001"
"04/01/2022","19763.100000000002","","","","17581.5","8783.2","21518.100000000002","","","","17998.2","8076.8","21251.7","","","","17586","8088","19857.600000000002","","","","15921","7825.6","18037.8","","","6992","17415.9","8474.4","1527.165","","","","1358.586","678.712","1662.786","","","","1390.788","624.12","1642.1940000000002","","","","1358.9370000000001","624.9920000000001","1534.473","","","","1230.2730000000001","604.712","1393.848","","","540.3","1345.788","654.848","13.113000000000001","","","","11.664000000000001","5.824000000000001","14.274","","","","11.943","5.36","14.094000000000001","","","","11.664000000000001","5.368","13.176","","","","10.557","5.192","11.961","","","4.64","11.556000000000001","5.6240000000000006"
"03/01/2022","18042.3","","","","15575.4","7558.400000000001","19521.9","","","","15472.800000000001","6713.6","20175.3","","","","13909.5","6602.400000000001","17234.100000000002","","","","13855.5","6673.6","16346.7","","","3999","14537.7","7225.6","1493.172","","","","1289.016","625.528","1615.6260000000002","","","","1280.52","555.616","1669.698","","","","1151.145","546.416","1426.284","","","","1146.672","552.304","1352.844","","","330.96","1203.138","597.984","11.97","","","","10.332","5.016","12.951","","","","10.26","4.456","13.383","","","","9.225","4.376","11.43","","","","9.189000000000002","4.424","10.845","","","2.65","9.648000000000001","4.792000000000001"
"02/01/2022","15296.4","","","","12446.1","5719.200000000001","18860.4","","","","13542.300000000001","5759.200000000001","18458.100000000002","","","","12726.9","5622.400000000001","17073.9","","","","10588.5","5577.6","14626.800000000001","","","3607","12937.5","6065.6","1343.1870000000001","","","","1092.897","502.208","1656.144","","","","1189.161","505.72","1620.8190000000002","","","","1117.557","493.704","1499.274","","","","929.781","489.77600000000007","1284.3899999999999","","","316.73","1136.052","532.624","10.143","","","","8.253","3.7920000000000003","12.51","","","","8.982000000000001","3.8240000000000003","12.24","","","","8.442","3.728","11.322000000000001","","","","7.02","3.696","9.702","","","2.39","8.586","4.024"
"01/01/2022","19538.100000000002","","","","16037.1","6313.6","21491.100000000002","","","","16230.6","6040.8","20892.600000000002","","","","15652.800000000001","5970.400000000001","21842.100000000002","","","","14302.800000000001","5958.400000000001","17489.7","","","3950","15908.4","6537.6","1661.895","","","","1364.103","537.032","1828.017","","","","1380.564","513.824","1777.104","","","","1331.415","507.84","1857.8700000000001","","","","1216.584","506.81600000000003","1487.664","","","335.98","1353.159","556.08","12.96","","","","10.638","4.192","14.256","","","","10.764000000000001","4.008","13.860000000000001","","","","10.386","3.9600000000000004","14.490000000000002","","","","9.485999999999999","3.9520000000000004","11.601","","","2.62","10.557","4.336"
"12/01/2021","16599.600000000002","","","","14310","5646.400000000001","16556.4","","","","14860.800000000001","5700.8","17325","","","","14586.300000000001","5440","17320.5","","","","13140.9","5530.400000000001","14519.7","","","4333","14353.2","5726.400000000001","1520.505","","","","1310.778","517.2","1516.545","","","","1361.232","522.1840000000001","1586.952","","","","1336.086","498.29600000000005","1586.538","","","","1203.6870000000001","506.576","1329.984","","","396.9","1314.738","524.528","11.007000000000001","","","","9.495000000000001","3.7439999999999998","10.98","","","","9.855","3.7840000000000007","11.493","","","","9.675","3.608","11.493","","","","8.721","3.672","9.629999999999999","","","2.87","9.522","3.8000000000000003"
"11/01/2021","14227.2","","","","12820.5","5128","13945.5","","","","12762","5055.200000000001","14260.5","","","","12959.1","4975.200000000001","13482.9","","","","13050.9","5047.200000000001","12525.300000000001","","","4333","12241.800000000001","5288","1518.5430000000001","","","","1368.405","547.336","1488.483","","","","1362.159","539.5680000000001","1522.098","","","","1383.1920000000002","531.032","1439.1000000000001","","","","1392.993","538.712","1336.8960000000002","","","462.48","1306.638","564.416","9.441","","","","8.504999999999999","3.4000000000000004","9.251999999999999","","","","8.469000000000001","3.3520000000000003","9.459","","","","8.595","3.3040000000000003","8.946","","","","8.658","3.3520000000000003","8.307","","","2.87","8.118","3.504"
"10/01/2021","12412.800000000001","","","","10967.4","3982.4","12468.6","","","","11770.2","4020.8","12402","","","","10512.9","3948","11901.6","","","","10696.5","3992","11166.300000000001","","","4667","11336.4","4411.2","1465.677","","","","1295.0010000000002","470.23199999999997","1472.2649999999999","","","","1389.798","474.76800000000003","1464.399","","","","1241.334","466.16800000000006","1405.314","","","","1263.0149999999999","471.36800000000005","1318.491","","","551.07","1338.579","520.864","8.235000000000001","","","","7.272","2.64","8.270999999999999","","","","7.812","2.664","8.226","","","","6.9750000000000005","2.616","7.893","","","","7.092","2.648","7.407000000000001","","","3.1","7.524","2.9280000000000004"
"09/01/2021","11645.1","","","","9639.9","3308","10665","","","","10748.7","3220.8","11946.6","","","","9133.2","3200","10356.300000000001","","","","7949.7","3239.2000000000003","10121.4","","","","10902.6","3924.8","1600.8210000000001","","","","1325.169","454.74399999999997","1466.0910000000001","","","","1477.593","442.75200000000007","1642.266","","","","1255.518","439.896","1423.656","","","","1092.825","445.288","1391.364","","","","1498.752","539.536","7.722","","","","6.399","2.192","7.074000000000001","","","","7.128","2.136","7.929","","","","6.057","2.12","6.867","","","","5.274","2.152","6.714","","","","7.236","2.6"
"08/01/2021","12872.7","","","","10551.6","3005.6000000000004","11874.6","","","","11664","3028.8","13779","","","","10065.6","2844.8","11373.300000000001","","","","8484.300000000001","2924","10549.800000000001","","","","11225.7","3120","1913.94","","","","1568.835","446.88000000000005","1765.539","","","","1734.228","450.328","2048.688","","","","1496.5739999999998","422.9680000000001","1691.0100000000002","","","","1261.467","434.74399999999997","1568.565","","","","1669.059","463.88800000000003","8.541","","","","7.002000000000001","1.9920000000000002","7.875","","","","7.74","2.008","9.144","","","","6.678","1.888","7.542000000000001","","","","5.625","1.936","7.002000000000001","","","","7.443","2.072"
"07/01/2021","11454.300000000001","","","","10331.1","2705.6000000000004","11225.7","","","","10846.800000000001","2756","12138.300000000001","","","","10024.2","2680","11439","","","","8736.300000000001","2672.8","9505.800000000001","","","","10299.6","2828.8","1877.5710000000001","","","","1693.4579999999999","443.49600000000004","1840.104","","","","1777.995","451.76000000000005","1989.693","","","","1643.1570000000002","439.30400000000003","1875.069","","","","1432.044","438.12","1558.179","","","","1688.3010000000002","463.696","7.596","","","","6.849","1.7920000000000003","7.443","","","","7.191000000000001","1.832","8.055","","","","6.651","1.7760000000000002","7.587","","","","5.796","1.7760000000000002","6.309","","","","6.831","1.8800000000000001"
"06/01/2021","8721","","","","8381.7","1913.6000000000001","8157.6","","","","8415","1944","8488.800000000001","","","","8132.400000000001","1901.6000000000001","6864.3","","","","8021.7","1918.4","7506","","","750","8525.7","1919.2","1773.72","","","","1704.7079999999999","389.20000000000005","1659.132","","","","1711.4850000000001","395.37600000000003","1726.488","","","","1654.002","386.76","1396.0890000000002","","","","1631.493","390.17600000000004","1526.607","","","152.54","1733.9940000000001","390.336","5.787","","","","5.562","1.2720000000000002","5.409","","","","5.58","1.2880000000000003","5.634","","","","5.391","1.2640000000000002","4.553999999999999","","","","5.319","1.2720000000000002","4.977","","","0.5","5.652","1.2720000000000002"
"05/01/2021","6155.1","","","","7492.5","1760","7317","","","","7650","1760","7451.1","","","","7683.3","1760","8091.900000000001","","","","7191","1760","7278.3","","","750","7650","1760","1373.4","","","","1671.8129999999999","392.712","1632.654","","","","1706.9579999999999","392.712","1662.579","","","","1714.392","392.712","1805.5620000000001","","","","1604.538","392.712","1624.0230000000001","","","167.35","1706.9579999999999","392.712","4.086","","","","4.968","1.168","4.851","","","","5.076","1.168","4.941000000000001","","","","5.094","1.168","5.364","","","","4.77","1.168","4.824000000000001","","","0.5","5.076","1.168"
"04/01/2021","6326.1","","","","8083.8","1644","6589.8","","","","7834.5","1667.2","6849.900000000001","","","","8190.900000000001","1564.8000000000002","6529.5","","","","8794.800000000001","1627.2","6207.3","","","875","7761.6","1688.8000000000002","1497.0420000000001","","","","1912.9950000000001","389.048","1559.448","","","","1854","394.53600000000006","1620.999","","","","1938.3390000000002","370.30400000000003","1545.174","","","","2081.25","385.072","1468.9350000000002","","","207.06","1836.747","399.648","4.194","","","","5.364","1.088","4.3740000000000006","","","","5.193","1.1039999999999999","4.545","","","","5.436","1.04","4.329","","","","5.832000000000001","1.08","4.122","","","0.58","5.148","1.1199999999999999"
"03/01/2021","6195.6","","","","6874.2","1752","4931.1","","","","6344.1","1718.4","5889.6","","","","7109.1","1659.2","5561.1","","","","7817.400000000001","1684","4871.7","","","1000","6197.400000000001","1732","1579.905","","","","1752.957","446.76800000000003","1257.4530000000002","","","","1617.777","438.20000000000005","1501.875","","","","1812.852","423.10400000000004","1418.112","","","","1993.473","429.432","1242.306","","","255.01","1580.364","441.672","4.113","","","","4.563000000000001","1.16","3.267","","","","4.212","1.136","3.906","","","","4.716","1.1039999999999999","3.69","","","","5.184","1.1199999999999999","3.231","","","0.66","4.113","1.152"
"02/01/2021","","","","","","","","","","","","","","","","","","","","","","","","","","","","1046","","","","","","","","","","","","","","","","","","","","","","","","","","","","","","288.95","","","","","","","","","","","","","","","","","","","","","","","","","","","","","","0.69","",""
"01/01/2021","","","","","","","","","","","","","","","","","","","","","","","","","","","","2000","","","","","","","","","","","","","","","","","","","","","","","","","","","","","","577.87","","","","","","","","","","","","","","","","","","","","","","","","","","","","","","1.33","",""
"12/01/2020","","","","","","","","","","","","","","","","","","","","","","","","","","","","2625","","","","","","","","","","","","","","","","","","","","","","","","","","","","","","779.98","","","","","","","","","","","","","","","","","","","","","","","","","","","","","","1.74","",""
"11/01/2020","","","","","","","","","","","","","","","","","","","","","","","","","","","","3000","","","","","","","","","","","","","","","","","","","","","","","","","","","","","","964.06","","","","","","","","","","","","","","","","","","","","","","","","","","","","","","1.99","",""
"10/01/2020","","","","","","","","","","","","","","","","","","","","","","","","","","","","3000","","","","","","","","","","","","","","","","","","","","","","","","","","","","","","969.08","","","","","","","","","","","","","","","","","","","","","","","","","","","","","","1.99","",""
"09/01/2020","","","","","","","","","","","","","","","","","","","","","","","","","","","","","","","","","","","","","","","","","","","","","","","","","","","","","","","","","","","","","","","","","","","","","","","","","","","","","","","","","","","","","","","","","",""
"08/01/2020","","","","","","","","","","","","","","","","","","","","","","","","","","","","500","","","","","","","","","","","","","","","","","","","","","","","","","","","","","","176.75","","","","","","","","","","","","","","","","","","","","","","","","","","","","","","0.33","",""
"07/01/2020","","","","","","","","","","","","","","","","","","","","","","","","","","","","577","","","","","","","","","","","","","","","","","","","","","","","","","","","","","","211.32","","","","","","","","","","","","","","","","","","","","","","","","","","","","","","0.38","",""
"06/01/2020","","","","","","","","","","","","","","","","","","","","","","","","","","","","571","","","","","","","","","","","","","","","","","","","","","","","","","","","","","","233","","","","","","","","","","","","","","","","","","","","","","","","","","","","","","0.38","",""
"05/01/2020","","","","","","","","","","","","","","","","","","","","","","","","","","","","577","","","","","","","","","","","","","","","","","","","","","","","","","","","","","","283.03","","","","","","","","","","","","","","","","","","","","","","","","","","","","","","0.38","",""
"04/01/2020","","","","","","","","","","","","","","","","","","","","","","","","","","","","636","","","","","","","","","","","","","","","","","","","","","","","","","","","","","","333.61","","","","","","","","","","","","","","","","","","","","","","","","","","","","","","0.42","",""
"03/01/2020","","","","","","","","","","","","","","","","","","","","","","","","","","","","654","","","","","","","","","","","","","","","","","","","","","","","","","","","","","","430.04","","","","","","","","","","","","","","","","","","","","","","","","","","","","","","0.43","",""
"02/01/2020","","","","","","","","","","","","","","","","","","","","","","","","","","","","614","","","","","","","","","","","","","","","","","","","","","","","","","","","","","","433.19","","","","","","","","","","","","","","","","","","","","","","","","","","","","","","0.41","",""
"01/01/2020","","","","","","","","","","","","","","","","","","","","","","","","","","","","625","","","","","","","","","","","","","","","","","","","","","","","","","","","","","","447.03","","","","","","","","","","","","","","","","","","","","","","","","","","","","","","0.41","",""
"12/01/2019","","","","","","","","","","","","","","","","","","","","","","","","","","","","625","","","","","","","","","","","","","","","","","","","","","","","","","","","","","","456.56","","","","","","","","","","","","","","","","","","","","","","","","","","","","","","0.41","",""
"11/01/2019","","","","","","","","","","","","","","","","","","","","","","","","","","","","750","","","","","","","","","","","","","","","","","","","","","","","","","","","","","","562.7","","","","","","","","","","","","","","","","","","","","","","","","","","","","","","0.5","",""
"10/01/2019","","","","","","","","","","","","","","","","","","","","","","","","","","","","772","","","","","","","","","","","","","","","","","","","","","","","","","","","","","","590.53","","","","","","","","","","","","","","","","","","","","","","","","","","","","","","0.51","",""
"09/01/2019","","","","","","","","","","","","","","","","","","","","","","","","","","","","694","","","","","","","","","","","","","","","","","","","","","","","","","","","","","","538.1","","","","","","","","","","","","","","","","","","","","","","","","","","","","","","0.46","",""
"08/01/2019","","","","","","","","","","","","","","","","","","","","","","","","","","","","750","","","","","","","","","","","","","","","","","","","","","","","","","","","","","","583.35","","","","","","","","","","","","","","","","","","","","","","","","","","","","","","0.5","",""
"07/01/2019","","","","","","","","","","","","","","","","","","","","","","","","","","","","625","","","","","","","","","","","","","","","","","","","","","","","","","","","","","","486.15","","","","","","","","","","","","","","","","","","","","","","","","","","","","","","0.41","",""
"06/01/2019","","","","","","","","","","","","","","","","","","","","","","","","","","","","750","","","","","","","","","","","","","","","","","","","","","","","","","","","","","","580.71","","","","","","","","","","","","","","","","","","","","","","","","","","","","","","0.5","",""
"05/01/2019","","","","","","","","","","","","","","","","","","","","","","","","","","","","750","","","","","","","","","","","","","","","","","","","","","","","","","","","","","","575.86","","","","","","","","","","","","","","","","","","","","","","","","","","","","","","0.5","",""
"04/01/2019","","","","","","","","","","","","","","","","","","","","","","","","","","","","500","","","","","","","","","","","","","","","","","","","","","","","","","","","","","","384.36","","","","","","","","","","","","","","","","","","","","","","","","","","","","","","0.33","",""
"03/01/2019","","","","","","","","","","","","","","","","","","","","","","","","","","","","750","","","","","","","","","","","","","","","","","","","","","","","","","","","","","","579.26","","","","","","","","","","","","","","","","","","","","","","","","","","","","","","0.5","",""
"02/01/2019","","","","","","","","","","","","","","","","","","","","","","","","","","","","750","","","","","","","","","","","","","","","","","","","","","","","","","","","","","","589.27","","","","","","","","","","","","","","","","","","","","","","","","","","","","","","0.5","",""
"01/01/2019","","","","","","","","","","","","","","","","","","","","","","","","","","","","750","","","","","","","","","","","","","","","","","","","","","","","","","","","","","","590.31","","","","","","","","","","","","","","","","","","","","","","","","","","","","","","0.5","",""
"12/01/2018","","","","","","","","","","","","","","","","","","","","","","","","","","","","750","","","","","","","","","","","","","","","","","","","","","","","","","","","","","","586","","","","","","","","","","","","","","","","","","","","","","","","","","","","","","0.5","",""
"11/01/2018","","","","","","","","","","","","","","","","","","","","","","","","","","","","625","","","","","","","","","","","","","","","","","","","","","","","","","","","","","","484.43","","","","","","","","","","","","","","","","","","","","","","","","","","","","","","0.41","",""
"10/01/2018","","","","","","","","","","","","","","","","","","","","","","","","","","","","750","","","","","","","","","","","","","","","","","","","","","","","","","","","","","","587.87","","","","","","","","","","","","","","","","","","","","","","","","","","","","","","0.5","",""
"09/01/2018","","","","","","","","","","","","","","","","","","","","","","","","","","","","625","","","","","","","","","","","","","","","","","","","","","","","","","","","","","","489.89","","","","","","","","","","","","","","","","","","","","","","","","","","","","","","0.41","",""
"08/01/2018","","","","","","","","","","","","","","","","","","","","","","","","","","","","500","","","","","","","","","","","","","","","","","","","","","","","","","","","","","","393.65","","","","","","","","","","","","","","","","","","","","","","","","","","","","","","0.33","",""
"07/01/2018","","","","","","","","","","","","","","","","","","","","","","","","","","","","500","","","","","","","","","","","","","","","","","","","","","","","","","","","","","","394.54","","","","","","","","","","","","","","","","","","","","","","","","","","","","","","0.33","",""
"06/01/2018","","","","","","","","","","","","","","","","","","","","","","","","","","","","500","","","","","","","","","","","","","","","","","","","","","","","","","","","","","","393.69","","","","","","","","","","","","","","","","","","","","","","","","","","","","","","0.33","",""
"05/01/2018","","","","","","","","","","","","","","","","","","","","","","","","","","","","500","","","","","","","","","","","","","","","","","","","","","","","","","","","","","","397.27","","","","","","","","","","","","","","","","","","","","","","","","","","","","","","0.33","",""
"04/01/2018","","","","","","","","","","","","","","","","","","","","","","","","","","","","500","","","","","","","","","","","","","","","","","","","","","","","","","","","","","","399.78","","","","","","","","","","","","","","","","","","","","","","","","","","","","","","0.33","",""
"03/01/2018","","","","","","","","","","","","","","","","","","","","","","","","","","","","500","","","","","","","","","","","","","","","","","","","","","","","","","","","","","","401.94","","","","","","","","","","","","","","","","","","","","","","","","","","","","","","0.33","",""
"02/01/2018","","","","","","","","","","","","","","","","","","","","","","","","","","","","500","","","","","","","","","","","","","","","","","","","","","","","","","","","","","","405.21","","","","","","","","","","","","","","","","","","","","","","","","","","","","","","0.33","",""
"01/01/2018","","","","","","","","","","","","","","","","","","","","","","","","","","","","500","","","","","","","","","","","","","","","","","","","","","","","","","","","","","","406.02","","","","","","","","","","","","","","","","","","","","","","","","","","","","","","0.33","",""
"12/01/2017","","","","","","","","","","","","","","","","","","","","","","","","","","","","750","","","","","","","","","","","","","","","","","","","","","","","","","","","","","","609.32","","","","","","","","","","","","","","","","","","","","","","","","","","","","","","0.5","",""
"11/01/2017","","","","","","","","","","","","","","","","","","","","","","","","","","","","750","","","","","","","","","","","","","","","","","","","","","","","","","","","","","","614.38","","","","","","","","","","","","","","","","","","","","","","","","","","","","","","0.5","",""
"10/01/2017","","","","","","","","","","","","","","","","","","","","","","","","","","","","750","","","","","","","","","","","","","","","","","","","","","","","","","","","","","","626.23","","","","","","","","","","","","","","","","","","","","","","","","","","","","","","0.5","",""
"09/01/2017","","","","","","","","","","","","","","","","","","","","","","","","","","","","750","","","","","","","","","","","","","","","","","","","","","","","","","","","","","","626.23","","","","","","","","","","","","","","","","","","","","","","","","","","","","","","0.5","",""
"08/01/2017","","","","","","","","","","","","","","","","","","","","","","","","","","","","500","","","","","","","","","","","","","","","","","","","","","","","","","","","","","","419.98","","","","","","","","","","","","","","","","","","","","","","","","","","","","","","0.33","",""
"07/01/2017","","","","","","","","","","","","","","","","","","","","","","","","","","","","750","","","","","","","","","","","","","","","","","","","","","","","","","","","","","","635.45","","","","","","","","","","","","","","","","","","","","","","","","","","","","","","0.5","",""
"06/01/2017","","","","","","","","","","","","","","","","","","","","","","","","","","","","668","","","","","","","","","","","","","","","","","","","","","","","","","","","","","","567.04","","","","","","","","","","","","","","","","","","","","","","","","","","","","","","0.44","",""
"05/01/2017","","","","","","","","","","","","","","","","","","","","","","","","","","","","785","","","","","","","","","","","","","","","","","","","","","","","","","","","","","","664.38","","","","","","","","","","","","","","","","","","","","","","","","","","","","","","0.52","",""
"04/01/2017","","","","","","","","","","","","","","","","","","","","","","","","","","","","1000","","","","","","","","","","","","","","","","","","","","","","","","","","","","","","845.91","","","","","","","","","","","","","","","","","","","","","","","","","","","","","","0.66","",""
"03/01/2017","","","","","","","","","","","","","","","","","","","","","","","","","","","","875","","","","","","","","","","","","","","","","","","","","","","","","","","","","","","741.03","","","","","","","","","","","","","","","","","","","","","","","","","","","","","","0.58","",""
"02/01/2017","","","","","","","","","","","","","","","","","","","","","","","","","","","","875","","","","","","","","","","","","","","","","","","","","","","","","","","","","","","745.95","","","","","","","","","","","","","","","","","","","","","","","","","","","","","","0.58","",""
"01/01/2017","","","","","","","","","","","","","","","","","","","","","","","","","","","","950","","","","","","","","","","","","","","","","","","","","","","","","","","","","","","814.28","","","","","","","","","","","","","","","","","","","","","","","","","","","","","","0.63","",""
"12/01/2016","","","","","","","","","","","","","","","","","","","","","","","","","","","","950","","","","","","","","","","","","","","","","","","","","","","","","","","","","","","810.47","","","","","","","","","","","","","","","","","","","","","","","","","","","","","","0.63","",""
"11/01/2016","","","","","","","","","","","","","","","","","","","","","","","","","","","","722.22","","","","","","","","","","","","","","","","","","","","","","","","","","","","","","619.97","","","","","","","","","","","","","","","","","","","","","","","","","","","","","","0.48","",""
"10/01/2016","","","","","","","","","","","","","","","","","","","","","","","","","","","","900","","","","","","","","","","","","","","","","","","","","","","","","","","","","","","775.59","","","","","","","","","","","","","","","","","","","","","","","","","","","","","","0.6","",""
"09/01/2016","","","","","","","","","","","","","","","","","","","","","","","","","","","","1000","","","","","","","","","","","","","","","","","","","","","","","","","","","","","","869.6","","","","","","","","","","","","","","","","","","","","","","","","","","","","","","0.66","",""
"08/01/2016","","","","","","","","","","","","","","","","","","","","","","","","","","","","800","","","","","","","","","","","","","","","","","","","","","","","","","","","","","","706.23","","","","","","","","","","","","","","","","","","","","","","","","","","","","","","0.53","",""
"07/01/2016","","","","","","","","","","","","","","","","","","","","","","","","","","","","633.33","","","","","","","","","","","","","","","","","","","","","","","","","","","","","","554.38","","","","","","","","","","","","","","","","","","","","","","","","","","","","","","0.42","",""
"06/01/2016","","","","","","","","","","","","","","","","","","","","","","","","","","","","625","","","","","","","","","","","","","","","","","","","","","","","","","","","","","","547.96","","","","","","","","","","","","","","","","","","","","","","","","","","","","","","0.41","",""
"05/01/2016","","","","","","","","","","","","","","","","","","","","","","","","","","","","500","","","","","","","","","","","","","","","","","","","","","","","","","","","","","","441.32","","","","","","","","","","","","","","","","","","","","","","","","","","","","","","0.33","",""
"04/01/2016","","","","","","","","","","","","","","","","","","","","","","","","","","","","535.71","","","","","","","","","","","","","","","","","","","","","","","","","","","","","","473.28","","","","","","","","","","","","","","","","","","","","","","","","","","","","","","0.36","",""
"03/01/2016","","","","","","","","","","","","","","","","","","","","","","","","","","","","607.14","","","","","","","","","","","","","","","","","","","","","","","","","","","","","","540.49","","","","","","","","","","","","","","","","","","","","","","","","","","","","","","0.4","",""
"02/01/2016","","","","","","","","","","","","","","","","","","","","","","","","","","","","678.57","","","","","","","","","","","","","","","","","","","","","","","","","","","","","","607","","","","","","","","","","","","","","","","","","","","","","","","","","","","","","0.45","",""
"01/01/2016","","","","","","","","","","","","","","","","","","","","","","","","","","","","625","","","","","","","","","","","","","","","","","","","","","","","","","","","","","","558.5","","","","","","","","","","","","","","","","","","","","","","","","","","","","","","0.41","",""
"12/01/2015","","","","","","","","","","","","","","","","","","","","","","","","","","","","625","","","","","","","","","","","","","","","","","","","","","","","","","","","","","","549.96","","","","","","","","","","","","","","","","","","","","","","","","","","","","","","0.41","",""
"11/01/2015","","","","","","","","","","","","","","","","","","","","","","","","","","","","700","","","","","","","","","","","","","","","","","","","","","","","","","","","","","","611.57","","","","","","","","","","","","","","","","","","","","","","","","","","","","","","0.46","",""
"10/01/2015","","","","","","","","","","","","","","","","","","","","","","","","","","","","656.25","","","","","","","","","","","","","","","","","","","","","","","","","","","","","","571.92","","","","","","","","","","","","","","","","","","","","","","","","","","","","","","0.44","",""
"09/01/2015","","","","","","","","","","","","","","","","","","","","","","","","","","","","750","","","","","","","","","","","","","","","","","","","","","","","","","","","","","","658.89","","","","","","","","","","","","","","","","","","","","","","","","","","","","","","0.5","",""
"08/01/2015","","","","","","","","","","","","","","","","","","","","","","","","","","","","750","","","","","","","","","","","","","","","","","","","","","","","","","","","","","","656.85","","","","","","","","","","","","","","","","","","","","","","","","","","","","","","0.5","",""
"07/01/2015","","","","","","","","","","","","","","","","","","","","","","","","","","","","500","","","","","","","","","","","","","","","","","","","","","","","","","","","","","","435.56","","","","","","","","","","","","","","","","","","","","","","","","","","","","","","0.33","",""
"06/01/2015","","","","","","","","","","","","","","","","","","","","","","","","","","","","687.5","","","","","","","","","","","","","","","","","","","","","","","","","","","","","","596.85","","","","","","","","","","","","","","","","","","","","","","","","","","","","","","0.46","",""
"05/01/2015","","","","","","","","","","","","","","","","","","","","","","","","","","","","900","","","","","","","","","","","","","","","","","","","","","","","","","","","","","","774.93","","","","","","","","","","","","","","","","","","","","","","","","","","","","","","0.6","",""
"04/01/2015","","","","","","","","","","","","","","","","","","","","","","","","","","","","750","","","","","","","","","","","","","","","","","","","","","","","","","","","","","","647.01","","","","","","","","","","","","","","","","","","","","","","","","","","","","","","0.5","",""
"03/01/2015","","","","","","","","","","","","","","","","","","","","","","","","","","","","625","","","","","","","","","","","","","","","","","","","","","","","","","","","","","","536.52","","","","","","","","","","","","","","","","","","","","","","","","","","","","","","0.41","",""
"02/01/2015","","","","","","","","","","","","","","","","","","","","","","","","","","","","625","","","","","","","","","","","","","","","","","","","","","","","","","","","","","","542.67","","","","","","","","","","","","","","","","","","","","","","","","","","","","","","0.41","",""
"01/01/2015","","","","","","","","","","","","","","","","","","","","","","","","","","","","535","","","","","","","","","","","","","","","","","","","","","","","","","","","","","","464.87","","","","","","","","","","","","","","","","","","","","","","","","","","","","","","0.35","",""
"12/01/2014","","","","","","","","","","","","","","","","","","","","","","","","","","","","777.78","","","","","","","","","","","","","","","","","","","","","","","","","","","","","","661.12","","","","","","","","","","","","","","","","","","","","","","","","","","","","","","0.52","",""
"11/01/2014","","","","","","","","","","","","","","","","","","","","","","","","","","","","871.95","","","","","","","","","","","","","","","","","","","","","","","","","","","","","","732.12","","","","","","","","","","","","","","","","","","","","","","","","","","","","","","0.58","",""
"10/01/2014","","","","","","","","","","","","","","","","","","","","","","","","","","","","1012.82","","","","","","","","","","","","","","","","","","","","","","","","","","","","","","846.64","","","","","","","","","","","","","","","","","","","","","","","","","","","","","","0.67","",""
"09/01/2014","","","","","","","","","","","","","","","","","","","","","","","","","","","","972.22","","","","","","","","","","","","","","","","","","","","","","","","","","","","","","814.19","","","","","","","","","","","","","","","","","","","","","","","","","","","","","","0.64","",""
"08/01/2014","","","","","","","","","","","","","","","","","","","","","","","","","","","","657.26","","","","","","","","","","","","","","","","","","","","","","","","","","","","","","549.16","","","","","","","","","","","","","","","","","","","","","","","","","","","","","","0.44","",""
"07/01/2014","","","","","","","","","","","","","","","","","","","","","","","","","","","","598.31","","","","","","","","","","","","","","","","","","","","","","","","","","","","","","501.1","","","","","","","","","","","","","","","","","","","","","","","","","","","","","","0.4","",""
"06/01/2014","","","","","","","","","","","","","","","","","","","","","","","","","","","","603.77","","","","","","","","","","","","","","","","","","","","","","","","","","","","","","506.47","","","","","","","","","","","","","","","","","","","","","","","","","","","","","","0.4","",""
"05/01/2014","","","","","","","","","","","","","","","","","","","","","","","","","","","","","","","","","","","","","","","","","","","","","","","","","","","","","","","","","","","","","","","","","","","","","","","","","","","","","","","","","","","","","","","","","",""
"04/01/2014","","","","","","","","","","","","","","","","","","","","","","","","","","","","720","","","","","","","","","","","","","","","","","","","","","","","","","","","","","","597.9","","","","","","","","","","","","","","","","","","","","","","","","","","","","","","0.48","",""
"03/01/2014","","","","","","","","","","","","","","","","","","","","","","","","","","","","680","","","","","","","","","","","","","","","","","","","","","","","","","","","","","","563.99","","","","","","","","","","","","","","","","","","","","","","","","","","","","","","0.45","",""
"02/01/2014","","","","","","","","","","","","","","","","","","","","","","","","","","","","","","","","","","","","","","","","","","","","","","","","","","","","","","","","","","","","","","","","","","","","","","","","","","","","","","","","","","","","","","","","","",""
"01/01/2014","","","","","","","","","","","","","","","","","","","","","","","","","","","","767.86","","","","","","","","","","","","","","","","","","","","","","","","","","","","","","642.16","","","","","","","","","","","","","","","","","","","","","","","","","","","","","","0.51","",""
"12/01/2013","","","","","","","","","","","","","","","","","","","","","","","","","","","","937.5","","","","","","","","","","","","","","","","","","","","","","","","","","","","","","791.24","","","","","","","","","","","","","","","","","","","","","","","","","","","","","","0.62","",""
"11/01/2013","","","","","","","","","","","","","","","","","","","","","","","","","","","","750","","","","","","","","","","","","","","","","","","","","","","","","","","","","","","635.31","","","","","","","","","","","","","","","","","","","","","","","","","","","","","","0.5","",""
"10/01/2013","","","","","","","","","","","","","","","","","","","","","","","","","","","","562.5","","","","","","","","","","","","","","","","","","","","","","","","","","","","","","477.12","","","","","","","","","","","","","","","","","","","","","","","","","","","","","","0.37","",""