"Date","Pakistan, RETAIL, Quetta, Wheat (flour), PKR/Kg","Pakistan, RETAIL, Quetta, Rice (irri), PKR/Kg","Pakistan, RETAIL, Quetta, Rice (Basmati), PKR/Kg","Pakistan, RETAIL, Peshawar, Wheat (flour), PKR/Kg","Pakistan, RETAIL, Peshawar, Rice (irri), PKR/Kg","Pakistan, RETAIL, Peshawar, Rice (Basmati), PKR/Kg","Pakistan, RETAIL, Multan, Wheat (flour), PKR/Kg","Pakistan, RETAIL, Multan, Rice (irri), PKR/Kg","Pakistan, RETAIL, Multan, Rice (Basmati), PKR/Kg","Pakistan, RETAIL, Lahore, Wheat (flour), PKR/Kg","Pakistan, RETAIL, Lahore, Rice (Basmati), PKR/Kg","Pakistan, RETAIL, Karachi, Wheat (flour), PKR/Kg","Pakistan, RETAIL, Karachi, Rice (irri), PKR/Kg","Pakistan, RETAIL, Karachi, Rice (Basmati), PKR/Kg","Pakistan, RETAIL, Quetta, Wheat (flour), PKR-real/Kg","Pakistan, RETAIL, Quetta, Rice (irri), PKR-real/Kg","Pakistan, RETAIL, Quetta, Rice (Basmati), PKR-real/Kg","Pakistan, RETAIL, Peshawar, Wheat (flour), PKR-real/Kg","Pakistan, RETAIL, Peshawar, Rice (irri), PKR-real/Kg","Pakistan, RETAIL, Peshawar, Rice (Basmati), PKR-real/Kg","Pakistan, RETAIL, Multan, Wheat (flour), PKR-real/Kg","Pakistan, RETAIL, Multan, Rice (irri), PKR-real/Kg","Pakistan, RETAIL, Multan, Rice (Basmati), PKR-real/Kg","Pakistan, RETAIL, Lahore, Wheat (flour), PKR-real/Kg","Pakistan, RETAIL, Lahore, Rice (Basmati), PKR-real/Kg","Pakistan, RETAIL, Karachi, Wheat (flour), PKR-real/Kg","Pakistan, RETAIL, Karachi, Rice (irri), PKR-real/Kg","Pakistan, RETAIL, Karachi, Rice (Basmati), PKR-real/Kg","Pakistan, RETAIL, Quetta, Wheat (flour), USD/Kg","Pakistan, RETAIL, Quetta, Rice (irri), USD/Kg","Pakistan, RETAIL, Quetta, Rice (Basmati), USD/Kg","Pakistan, RETAIL, Peshawar, Wheat (flour), USD/Kg","Pakistan, RETAIL, Peshawar, Rice (irri), USD/Kg","Pakistan, RETAIL, Peshawar, Rice (Basmati), USD/Kg","Pakistan, RETAIL, Multan, Wheat (flour), USD/Kg","Pakistan, RETAIL, Multan, Rice (irri), USD/Kg","Pakistan, RETAIL, Multan, Rice (Basmati), USD/Kg","Pakistan, RETAIL, Lahore, Wheat (flour), USD/Kg","Pakistan, RETAIL, Lahore, Rice (Basmati), USD/Kg","Pakistan, RETAIL, Karachi, Wheat (flour), USD/Kg","Pakistan, RETAIL, Karachi, Rice (irri), USD/Kg","Pakistan, RETAIL, Karachi, Rice (Basmati), USD/Kg"
"03/01/2025","94580","179880","269920","87100","137000","226620","82800","158860","193100","85.5","185.6","93.55","179.18","270.2","","","","","","","","","","","","","","","","","","","","","","","","","","","",""
"02/01/2025","94000","179880","272470","85890","140630","222200","83860","158860","193100","85.12","185.6","95.27","179.25","271.09","23.83","45.6","69.07","21.77","35.65","56.33","21.26","40.27","48.95","21.58","47.05","24.15","45.44","68.72","0.34","0.64","0.98","0.31","0.5","0.8","0.3","0.57","0.69","0.3","0.66","0.34","0.64","0.97"
"01/01/2025","96060","179880","264970","88280","141160","197180","83380","158860","193100","85.78","185.6","99.38","179.25","270.71","24.4","45.69","67.31","22.42","35.86","50.09","21.18","40.35","49.05","21.79","47.15","25.24","45.53","68.76","0.34","0.65","0.95","0.32","0.51","0.71","0.3","0.57","0.69","0.31","0.67","0.36","0.64","0.97"
"12/01/2024","98000","179880","264970","89960","141020","187730","82440","158860","193100","86.5","185.6","96.06","179.25","269.87","24.94","45.79","67.44","22.9","35.89","47.78","20.98","40.44","49.15","22.02","47.24","24.45","45.63","68.69","0.35","0.65","0.95","0.32","0.51","0.67","0.3","0.57","0.69","0.31","0.67","0.35","0.64","0.97"
"11/01/2024","95660","184950","268680","93440","156990","206030","83670","158860","193100","86.5","189.65","100.9","179.17","269.26","24.36","47.11","68.43","23.8","39.98","52.47","21.31","40.46","49.18","22.03","48.3","25.7","45.63","68.58","0.34","0.67","0.97","0.34","0.56","0.74","0.3","0.57","0.69","0.31","0.68","0.36","0.64","0.97"
"10/01/2024","97750","184950","269920","93440","151080","206560","83440","158860","193100","86.5","193.7","101.04","179.06","269.26","25.02","47.34","69.08","23.91","38.67","52.87","21.36","40.66","49.42","22.14","49.57","25.86","45.83","68.91","0.35","0.67","0.97","0.34","0.54","0.74","0.3","0.57","0.7","0.31","0.7","0.36","0.64","0.97"
"09/01/2024","94060","184950","276190","82750","160000","222180","79950","158860","193100","86","213.71","93.95","177.62","269.11","24.37","47.92","71.56","21.44","41.45","57.56","20.71","41.16","50.03","22.28","55.37","24.34","46.02","69.72","0.34","0.66","0.99","0.3","0.57","0.8","0.29","0.57","0.69","0.31","0.77","0.34","0.64","0.97"
"08/01/2024","101060","184950","271180","88320","160000","222180","83760","158860","193100","87.25","208.71","99.36","176.13","265.21","26.05","47.67","69.89","22.76","41.24","57.26","21.59","40.94","49.77","22.49","53.79","25.61","45.4","68.36","0.36","0.66","0.97","0.32","0.57","0.8","0.3","0.57","0.69","0.31","0.75","0.36","0.63","0.95"
"07/01/2024","105180","184950","274970","96540","160000","222180","91150","158860","193100","91.17","202.56","100.57","172.29","260.77","27.21","47.85","71.14","24.98","41.4","57.49","23.58","41.1","49.96","23.59","52.41","26.02","44.58","67.47","0.38","0.66","0.99","0.35","0.57","0.8","0.33","0.57","0.69","0.33","0.73","0.36","0.62","0.94"
"06/01/2024","103250","184950","263610","84340","160000","222180","80350","156590","193100","84.55","216.1","97.16","167.77","253.72","27.28","48.86","69.64","22.28","42.27","58.69","21.23","41.37","51.01","22.34","57.09","25.67","44.32","67.02","0.37","0.66","0.95","0.3","0.57","0.8","0.29","0.56","0.69","0.3","0.78","0.35","0.6","0.91"
"05/01/2024","107120","184950","257420.00000000003","89380","161910","222730","86350","164890","198280","88.54","225.87","101.79","178.17","265.04","28.43","49.08","68.31","23.72","42.97","59.11","22.91","43.76","52.62","23.5","59.94","27.01","47.28","70.33","0.38","0.66","0.92","0.32","0.58","0.8","0.31","0.59","0.71","0.32","0.81","0.37","0.64","0.95"
"04/01/2024","125540","184950","271210","112810","172980","226320","113340","167660","200000","111.15","240.88","114.93","180.25","268.57","32.23","47.49","69.64","28.97","44.42","58.11","29.1","43.05","51.35","28.54","61.85","29.51","46.28","68.96","0.45","0.66","0.97","0.41","0.62","0.81","0.41","0.6","0.72","0.4","0.87","0.41","0.65","0.97"
"03/01/2024","139750","184950","272470","137540","176040","231810","133120","167690","200000","138.68","233.98","129.84","180.25","268.35","35.73","47.28","69.66","35.16","45.01","59.26","34.03","42.87","51.13","35.45","59.82","33.19","46.08","68.61","0.5","0.66","0.98","0.49","0.63","0.83","0.48","0.6","0.72","0.5","0.84","0.47","0.65","0.96"
"02/01/2024","141750","184950","274970","139920","180000","236620","136170","166540","200000","139.9","233.98","134.32","179.26","268.35","36.86","48.09","71.5","36.38","46.81","61.53","35.41","43.31","52.01","36.38","60.84","34.93","46.61","69.78","0.51","0.66","0.98","0.5","0.64","0.85","0.49","0.6","0.72","0.5","0.84","0.48","0.64","0.96"
"01/01/2024","144610","184950","264970","141240","176000","235270","136290","159450","200000","139.9","233.98","138.92","177.78","268.09","37.62","48.11","68.93","36.74","45.78","61.2","35.45","41.48","52.03","36.39","60.86","36.14","46.25","69.74","0.52","0.66","0.94","0.5","0.63","0.84","0.49","0.57","0.71","0.5","0.83","0.5","0.63","0.96"
"12/01/2023","142560","184950","262470","140640","170000","236310","138290","157720","200000","139.9","226.81","136.67","177.67","267.39","37.76","48.99","69.53","37.26","45.03","62.6","36.63","41.78","52.98","37.06","60.08","36.2","47.06","70.83","0.5","0.65","0.93","0.5","0.6","0.83","0.49","0.56","0.71","0.49","0.8","0.48","0.63","0.94"
"11/01/2023","140500","184950","254970","141050","162500","250000","139970","160400","200000","140.3","234.71","133.54","179.12","269.88","37.52","49.4","68.1","37.67","43.4","66.77","37.38","42.84","53.42","37.47","62.69","35.67","47.84","72.08","0.49","0.65","0.89","0.49","0.57","0.87","0.49","0.56","0.7","0.49","0.82","0.47","0.63","0.94"
"10/01/2023","134350","184950","266950","135990","167940","236200","133150","176600","200000","135.76","234.71","143.18","180.2","279.33","36.82","50.69","73.17","37.27","46.03","64.74","36.49","48.4","54.82","37.21","64.33","39.24","49.39","76.56","0.48","0.66","0.95","0.48","0.6","0.84","0.47","0.63","0.71","0.48","0.84","0.51","0.64","1"
"09/01/2023","139880","184950","274970","138250","196330","235000","135250","176040","200000","138.12","234.71","150.94","175.41","278.51","38.75","51.24","76.18","38.3","54.39","65.11","37.47","48.77","55.41","38.27","65.02","41.82","48.6","77.16","0.47","0.62","0.92","0.46","0.66","0.79","0.45","0.59","0.67","0.46","0.79","0.51","0.59","0.94"
"08/01/2023","143950","156950","274970","136990","177280","220000","135270","163900","198620","138.46","233.36","154.85","158.6","271.6","40.68","44.35","77.7","38.71","50.1","62.17","38.22","46.31","56.13","39.13","65.94","43.76","44.82","76.75","0.49","0.53","0.93","0.47","0.6","0.75","0.46","0.56","0.67","0.47","0.79","0.53","0.54","0.92"
"07/01/2023","139000","144940","274970","138080","176600","217500","136560","160000","196550","140.1","231.34","154.07","154.25","261.37","39.95","41.66","79.03","39.69","50.76","62.51","39.25","45.99","56.49","40.27","66.49","44.28","44.34","75.12","0.49","0.51","0.98","0.49","0.63","0.77","0.49","0.57","0.7","0.5","0.82","0.55","0.55","0.93"
"06/01/2023","132500","144940","268300","125690","176600","210000","121620","160000","196550","124.14","220.03","137.27","151.14","250.55","39.4","43.1","79.78","37.38","52.51","62.45","36.17","47.58","58.45","36.91","65.43","40.82","44.94","74.5","0.46","0.51","0.94","0.44","0.62","0.73","0.42","0.56","0.69","0.43","0.77","0.48","0.53","0.87"
"05/01/2023","145200","144940","266970","146650","175280","204000","121230","159540","196550","130.68","208.84","142.32","146.98","233.42","43.07","42.99","79.18","43.5","51.99","60.5","35.96","47.32","58.3","38.76","61.94","42.21","43.59","69.23","0.51","0.51","0.93","0.51","0.61","0.71","0.42","0.56","0.69","0.46","0.73","0.5","0.51","0.82"
"04/01/2023","141750","139940","247470","145840","161600","196610","130370","147720","178800","119.75","208.61","139","143.72","221.55","42.71","42.16","74.56","43.94","48.69","59.24","39.28","44.51","53.87","36.08","62.85","41.88","43.3","66.75","0.5","0.49","0.87","0.51","0.57","0.69","0.46","0.52","0.63","0.42","0.73","0.49","0.5","0.78"
"03/01/2023","141060","129940","217460","121370","146590","191370","110400","147720","178800","90.28","201.96","142.67","140.27","217.96","43.52","40.09","67.09","37.45","45.23","59.04","34.06","45.58","55.17","27.85","62.31","44.02","43.28","67.25","0.5","0.46","0.77","0.43","0.52","0.68","0.39","0.53","0.64","0.32","0.72","0.51","0.5","0.78"
"02/01/2023","132380","124930","189960","93510","144520","179970","79410","146860","178800","64.75","186.44","121.04","136.19","208.78","42.36","39.98","60.79","29.92","46.25","57.59","25.41","47","57.22","20.72","59.66","38.73","43.58","66.81","0.5","0.47","0.71","0.35","0.54","0.67","0.3","0.55","0.67","0.24","0.7","0.45","0.51","0.78"
"01/01/2023","132700","116930","160950","129530","136650","155850","73900","118540","157260","64.75","167.16","123.4","126.53","192.36","44.3","39.04","53.73","43.24","45.62","52.03","24.67","39.57","52.5","21.62","55.8","41.2","42.24","64.22","0.56","0.5","0.68","0.55","0.58","0.66","0.31","0.5","0.67","0.28","0.71","0.53","0.54","0.82"
"12/01/2022","114250","127420","144940","109800","117440","124720","64750","97300","139910","64.75","142.88","105.13","100.52","162.06","39.24","43.76","49.78","37.71","40.34","42.84","22.24","33.42","48.05","22.24","49.07","36.11","34.52","55.66","0.51","0.57","0.64","0.49","0.52","0.55","0.29","0.43","0.62","0.29","0.63","0.47","0.45","0.72"
"11/01/2022","100910","104920","144940","86990","117940","120000","64750","93660","126570","64.75","132.78","95.81","94.57","157.12","34.83","36.21","50.03","30.02","40.71","41.42","22.35","32.33","43.69","22.35","45.83","33.07","32.64","54.23","0.45","0.47","0.65","0.39","0.53","0.54","0.29","0.42","0.57","0.29","0.6","0.43","0.42","0.71"
"10/01/2022","105500","104700","144940","87500","120000","120000","64750","93810","124350","64.75","130.15","95.16","92.96","154.8","36.69","36.41","50.41","30.43","41.73","41.73","22.52","32.62","43.25","22.52","45.26","33.09","32.33","53.83","0.48","0.47","0.66","0.4","0.54","0.54","0.29","0.43","0.56","0.29","0.59","0.43","0.42","0.7"
"09/01/2022","116500","97280","144920","69240","114110","120000","56880","87740","122700","56.88","125.38","106.76","88.95","152.68","42.42","35.42","52.77","25.21","41.55","43.7","20.71","31.95","44.68","20.71","45.66","38.88","32.39","55.6","0.5","0.42","0.63","0.3","0.49","0.52","0.25","0.38","0.53","0.25","0.54","0.46","0.39","0.66"
"08/01/2022","90730","89630","144940","49000","97040","120000","49000","74090","116350","49","124.81","96.37","85.54","144.34","32.66","32.26","52.17","17.64","34.93","43.19","17.64","26.67","41.88","17.64","44.92","34.69","30.79","51.95","0.41","0.41","0.66","0.22","0.44","0.54","0.22","0.34","0.53","0.22","0.57","0.44","0.39","0.65"
"07/01/2022","91000","89630","144940","57310","91640","120000","49000","72900","115140","49","123.95","94.27","85.18","139.11","33.56","33.05","53.45","21.13","33.79","44.25","18.07","26.88","42.46","18.07","45.71","34.76","31.41","51.3","0.41","0.41","0.66","0.26","0.42","0.54","0.22","0.33","0.52","0.22","0.56","0.43","0.39","0.63"
"06/01/2022","84250","89630","139940","63690","87220","119420","49000","69000","113330","49","122.78","87.78","84.76","137.92","32.42","34.49","53.85","24.51","33.56","45.95","18.85","26.55","43.61","18.85","47.25","33.78","32.62","53.07","0.41","0.44","0.68","0.31","0.43","0.58","0.24","0.34","0.55","0.24","0.6","0.43","0.41","0.67"
"05/01/2022","74310","89770","119930","72440","72500","114280","57920","64530","110600","57.6","111.1","79.17","83.68","130.75","30.41","36.73","49.08","29.64","29.67","46.76","23.7","26.41","45.26","23.57","45.46","32.4","34.24","53.5","0.38","0.46","0.61","0.37","0.37","0.58","0.3","0.33","0.56","0.29","0.57","0.4","0.43","0.67"
"04/01/2022","69750","89910","114930","41120","65000","105000","50120","60000","104330","51.25","99.34","71.72","82.05","124","28.67","36.96","47.24","16.9","26.72","43.16","20.6","24.66","42.88","21.07","40.83","29.48","33.72","50.97","0.38","0.49","0.62","0.22","0.35","0.57","0.27","0.32","0.56","0.28","0.54","0.39","0.44","0.67"
"03/01/2022","70800","89910","114930","55000","65000","113000","55000","60000","104330","55","98.51","60.85","81.79","123.94","29.57","37.55","48","22.97","27.15","47.2","22.97","25.06","43.57","22.97","41.14","25.41","34.16","51.76","0.39","0.5","0.64","0.31","0.36","0.63","0.31","0.33","0.58","0.31","0.55","0.34","0.45","0.69"
"02/01/2022","73000","89910","114930","55000","65000","115000","55000","60000","104330","55","98.51","55.58","81.21","120.71","30.73","37.85","48.38","23.15","27.36","48.41","23.15","25.26","43.92","23.15","41.47","23.4","34.19","50.82","0.42","0.51","0.65","0.31","0.37","0.65","0.31","0.34","0.59","0.31","0.56","0.32","0.46","0.69"
"01/01/2022","72250","89910","104920","55000","65000","115000","55000","59860","104330","55","98.39","57.65","80.69","116.96","30.77","38.29","44.68","23.42","27.68","48.97","23.42","25.49","44.43","23.42","41.9","24.55","34.36","49.8","0.41","0.51","0.59","0.31","0.37","0.65","0.31","0.34","0.59","0.31","0.56","0.33","0.46","0.66"
"12/01/2021","70000","89910","104920","55000","68830","101950","55000","59310","103140","55","97.93","66.68","80.69","116.8","29.92","38.44","44.85","23.51","29.42","43.58","23.51","25.35","44.09","23.51","41.86","28.51","34.49","49.93","0.39","0.51","0.59","0.31","0.39","0.57","0.31","0.33","0.58","0.31","0.55","0.38","0.45","0.66"
"11/01/2021","69250","89910","104920","55420","63000","95000","55000","57320","101440","55","93.37","72.63","80.69","116.8","29.6","38.43","44.85","23.69","26.93","40.61","23.51","24.5","43.36","23.51","39.91","31.04","34.49","49.92","0.4","0.52","0.6","0.32","0.36","0.55","0.32","0.33","0.58","0.32","0.54","0.42","0.47","0.67"
"10/01/2021","69000","89910","104920","58110","63000","95000","55000","56620","100870","55","91.14","73.41","80.62","116.65","30.37","39.57","46.18","25.58","27.73","41.82","24.21","24.92","44.4","24.21","40.12","32.31","35.49","51.34","0.4","0.52","0.61","0.34","0.37","0.55","0.32","0.33","0.59","0.32","0.53","0.43","0.47","0.68"
"09/01/2021","64400.00000000001","89910","104920","60800","65800","97000","57360","59990","100400","58.03","89.64","68.14","80.33","116.19","28.89","40.33","47.06","27.27","29.51","43.51","25.73","26.91","45.03","26.03","40.21","30.56","36.03","52.11","0.38","0.53","0.62","0.36","0.39","0.58","0.34","0.36","0.6","0.34","0.53","0.4","0.48","0.69"
"08/01/2021","61500","89910","104920","56330","70000","100000","53570","67090","99180","55.01","88.78","62.78","80.06","116.19","28.17","41.18","48.06","25.8","32.06","45.81","24.54","30.73","45.43","25.2","40.67","28.76","36.67","53.22","0.37","0.55","0.64","0.34","0.43","0.61","0.33","0.41","0.6","0.33","0.54","0.38","0.49","0.71"
"07/01/2021","61560","89910","104920","55610","70000","95000","53690","68580","97880","54.44","88.78","61.84","79.95","114.77","28.36","41.42","48.34","25.62","32.25","43.77","24.74","31.6","45.09","25.08","40.9","28.49","36.83","52.88","0.38","0.56","0.66","0.35","0.44","0.59","0.34","0.43","0.61","0.34","0.55","0.39","0.5","0.72"
"06/01/2021","62250","89910","97410","55070","70000","90000","53370","68290","97080","53.33","88.78","62.4","79.95","112.31","29.06","41.97","45.48","25.71","32.68","42.02","24.92","31.88","45.32","24.9","41.45","29.13","37.32","52.43","0.4","0.57","0.62","0.35","0.45","0.58","0.34","0.44","0.62","0.34","0.57","0.4","0.51","0.72"
"05/01/2021","62250","89910","94910","53250","70000","90000","53220","68670","93750","53.07","88.78","64.46","79.95","110.79","28.98","41.85","44.18","24.79","32.59","41.9","24.77","31.97","43.64","24.7","41.33","30.01","37.22","51.57","0.41","0.59","0.62","0.35","0.46","0.59","0.35","0.45","0.61","0.35","0.58","0.42","0.52","0.72"
"04/01/2021","53850","89910","94910","47980","74000","90000","49480","69430","93750","45.01","82.12","61.03","78.88","110.06","25.09","41.9","44.23","22.36","34.48","41.94","23.06","32.35","43.69","20.97","38.27","28.44","36.76","51.29","0.35","0.59","0.62","0.31","0.48","0.59","0.32","0.45","0.61","0.29","0.54","0.4","0.51","0.72"
"03/01/2021","48000","89910","101170","48870","80000","90000","43000","69150","93750","43","80.1","64.02","76.95","107.57","22.6","42.33","47.63","23.01","37.66","42.37","20.24","32.56","44.14","20.24","37.71","30.14","36.23","50.64","0.31","0.58","0.65","0.31","0.51","0.58","0.28","0.44","0.6","0.28","0.51","0.41","0.49","0.69"
"02/01/2021","48000","89910","104920","50910","75000","87760","44360","65810","93750","43","76.87","64","76.17","104.37","22.68","42.48","49.58","24.06","35.44","41.47","20.96","31.1","44.3","20.32","36.32","30.24","35.99","49.32","0.3","0.56","0.66","0.32","0.47","0.55","0.28","0.41","0.59","0.27","0.48","0.4","0.48","0.66"
"01/01/2021","49780","89910","104920","51030","70000","80790","43000","64680.00000000001","93750","43","76.87","61.91","74.88","99.43","23.95","43.25","50.47","24.55","33.67","38.86","20.68","31.11","45.1","20.68","36.98","29.78","36.02","47.83","0.31","0.56","0.65","0.32","0.44","0.5","0.27","0.4","0.58","0.27","0.48","0.39","0.47","0.62"
"12/01/2020","62750","92910","104920","51920","70000","80000","47770","61550","93750","43","76.87","60.49","74.42","99.43","30.12","44.6","50.36","24.92","33.6","38.4","22.93","29.54","45","20.64","36.9","29.04","35.72","47.73","0.39","0.58","0.65","0.32","0.44","0.5","0.3","0.38","0.58","0.27","0.48","0.38","0.46","0.62"
"11/01/2020","63250","94910","104920","57440","70000","80000","43000","61200","93750","43","76.87","60.59","71.17","99.43","30.15","45.25","50.02","27.38","33.37","38.14","20.5","29.18","44.69","20.5","36.65","28.88","33.93","47.4","0.4","0.6","0.66","0.36","0.44","0.5","0.27","0.38","0.59","0.27","0.48","0.38","0.45","0.62"
"10/01/2020","61340","94910","109810","61120","70000","94310","43000","67170","93750","43","76.87","70.1","70.93","97.71","29.48","45.62","52.78","29.38","33.64","45.33","20.67","32.28","45.06","20.67","36.95","33.69","34.09","46.96","0.38","0.58","0.67","0.38","0.43","0.58","0.26","0.41","0.58","0.26","0.47","0.43","0.44","0.6"
"09/01/2020","59870","94910","114930","55530","70000","90000","43000","67180","93750","43","76.87","67.06","69.83","95.74","29.27","46.39","56.18","27.14","34.22","43.99","21.02","32.84","45.83","21.02","37.57","32.78","34.13","46.8","0.36","0.57","0.69","0.33","0.42","0.54","0.26","0.4","0.56","0.26","0.46","0.4","0.42","0.58"
"08/01/2020","59240","94910","114930","54890","70000","90000","43000","66180","93750","43","75.79","67.64","69.19","95.59","29.4","47.11","57.04","27.24","34.74","44.67","21.34","32.85","46.53","21.34","37.62","33.57","34.34","47.44","0.35","0.57","0.68","0.33","0.42","0.54","0.26","0.39","0.56","0.26","0.45","0.4","0.41","0.57"
"07/01/2020","54570","94910","114930","56220","70000","89080","45660","64910","93750","47.57","74.71","60.18","69.19","94.88","27.25","47.4","57.4","28.08","34.96","44.49","22.8","32.42","46.82","23.76","37.31","30.06","34.56","47.39","0.33","0.57","0.69","0.34","0.42","0.53","0.27","0.39","0.56","0.28","0.45","0.36","0.41","0.57"
"06/01/2020","53610","94910","114930","51640","70000","86530","49440","64910","91510","49.75","74.71","55.88","69.19","94.12","27.44","48.59","58.83","26.44","35.83","44.3","25.31","33.23","46.84","25.47","38.24","28.61","35.42","48.18","0.32","0.57","0.69","0.31","0.42","0.52","0.3","0.39","0.55","0.3","0.45","0.34","0.42","0.57"
"05/01/2020","47870","94910","114930","45160","70000","86530","40250","63790","88440","40.5","74.71","53.81","68.84","93.69","24.71","48.98","59.31","23.31","36.13","44.66","20.77","32.92","45.64","20.9","38.56","27.77","35.53","48.35","0.3","0.59","0.72","0.28","0.44","0.54","0.25","0.4","0.55","0.25","0.47","0.34","0.43","0.58"
"04/01/2020","50560","90910","114930","46130","69420","86530","40250","58490","88180","40.25","74.71","53.83","67.8","92.66","26.18","47.07","59.5","23.88","35.94","44.8","20.84","30.28","45.65","20.84","38.68","27.87","35.1","47.97","0.31","0.55","0.7","0.28","0.42","0.53","0.24","0.36","0.54","0.24","0.45","0.33","0.41","0.56"
"03/01/2020","50850","84900","114930","45600","63290","86530","40250","57720","88180","40.25","74.71","54.15","67.8","92.28","26.11","43.59","59.01","23.41","32.49","44.42","20.66","29.63","45.27","20.66","38.36","27.8","34.81","47.38","0.32","0.53","0.72","0.29","0.4","0.54","0.25","0.36","0.55","0.25","0.47","0.34","0.43","0.58"
"02/01/2020","52340","81980","112430","45090","61770","86530","40250","57720","88180","40.25","74.71","55.76","66.94","92.2","26.88","42.1","57.74","23.16","31.72","44.44","20.67","29.64","45.29","20.67","38.37","28.64","34.38","47.35","0.34","0.53","0.73","0.29","0.4","0.56","0.26","0.37","0.57","0.26","0.48","0.36","0.43","0.6"
"01/01/2020","55280","81980","109920","51250","61300","86530","42100","57720","88180","40.4","74.71","59.88","65.61","90.99","28.1","41.67","55.87","26.05","31.16","43.98","21.4","29.34","44.82","20.53","37.97","30.43","33.35","46.25","0.36","0.53","0.71","0.33","0.4","0.56","0.27","0.37","0.57","0.26","0.48","0.39","0.42","0.59"
"12/01/2019","53120","81980","111920","46740","60410","86530","40430","57720","88180","40.5","74.71","54.42","65.13","89.07","27.53","42.49","58.01","24.22","31.31","44.85","20.95","29.91","45.7","20.99","38.72","28.2","33.76","46.16","0.34","0.53","0.72","0.3","0.39","0.56","0.26","0.37","0.57","0.26","0.48","0.35","0.42","0.57"
"11/01/2019","51330","81980","107420","47970","60000","85990","40430","56900","87920","40.5","74.71","55.15","62.56","88.8","26.51","42.34","55.48","24.78","30.99","44.41","20.88","29.39","45.41","20.92","38.59","28.49","32.31","45.87","0.33","0.53","0.69","0.31","0.39","0.55","0.26","0.37","0.57","0.26","0.48","0.35","0.4","0.57"
"10/01/2019","46800","81980","104920","45710","60000","85990","40430","55170","87150","40.5","74.71","52.54","61.4","88.18","24.5","42.91","54.92","23.93","31.41","45.01","21.16","28.88","45.62","21.2","39.11","27.5","32.14","46.16","0.3","0.53","0.67","0.29","0.38","0.55","0.26","0.35","0.56","0.26","0.48","0.34","0.39","0.57"
"09/01/2019","45250","81980","104920","43390","60000","85120","40430","56030","87150","40.5","74.71","50.89","61.16","87.91","24.12","43.69","55.92","23.13","31.98","45.37","21.55","29.86","46.45","21.58","39.82","27.12","32.6","46.85","0.29","0.52","0.67","0.28","0.38","0.54","0.26","0.36","0.56","0.26","0.48","0.33","0.39","0.56"
"08/01/2019","43000","80500","105000","42790","59170","84170","40480","58550","88330","41.75","74.82","48.16","60.9","87.31","23.09","43.23","56.39","22.98","31.78","45.2","21.74","31.45","47.44","22.42","40.18","25.87","32.71","46.89","0.27","0.51","0.66","0.27","0.37","0.53","0.26","0.37","0.56","0.26","0.47","0.3","0.38","0.55"
"07/01/2019","43000","83200","122000","43500","59090","84170","40600","59670","88330","41","74.82","47.51","60.73","86.46","23.47","45.42","66.6","23.75","32.26","45.95","22.16","32.57","48.22","22.38","40.84","25.93","33.15","47.2","0.27","0.52","0.77","0.27","0.37","0.53","0.25","0.37","0.55","0.26","0.47","0.3","0.38","0.54"
"06/01/2019","43000","81670","105000","42580","58750","84170","40220","54440","88330","40.33","74.82","46.17","60.55","85.9","24.01","45.6","58.63","23.77","32.8","47","22.46","30.4","49.32","22.52","41.78","25.78","33.81","47.96","0.28","0.52","0.67","0.27","0.38","0.54","0.26","0.35","0.57","0.26","0.48","0.3","0.39","0.55"
"05/01/2019","40700","81000","102000","40650","58500","84170","37400","50000","88160","39.85","74.82","43.92","60.4","85.77","22.81","45.39","57.15","22.78","32.78","47.16","20.96","28.02","49.4","22.33","41.92","24.61","33.84","48.06","0.28","0.55","0.7","0.28","0.4","0.58","0.26","0.34","0.6","0.27","0.51","0.3","0.41","0.59"
"04/01/2019","42000","80000","97500","39080","58120","84380","37290","50000","87500","39.25","74.82","42.58","60.12","85.77","23.72","45.18","55.06","22.07","32.82","47.65","21.06","28.24","49.41","22.17","42.25","24.05","33.95","48.44","0.3","0.57","0.69","0.28","0.41","0.6","0.26","0.35","0.62","0.28","0.53","0.3","0.43","0.61"
"03/01/2019","42000","75000","95000","39080","57090","84380","37960","50000","87500","39.25","74.82","45","59.29","85.68","24.02","42.89","54.33","22.35","32.65","48.25","21.71","28.59","50.04","22.45","42.79","25.73","33.91","49","0.3","0.54","0.68","0.28","0.41","0.61","0.27","0.36","0.63","0.28","0.54","0.32","0.43","0.61"
"02/01/2019","41500","65000","95000","39080","56670","84170","38000","50000","87500","39.25","74.82","45.12","57.72","85.58","24.07","37.7","55.1","22.67","32.87","48.82","22.04","29","50.75","22.76","43.39","26.17","33.48","49.64","0.3","0.47","0.69","0.28","0.41","0.61","0.27","0.36","0.63","0.28","0.54","0.33","0.42","0.62"
"01/01/2019","41000","57000","93000","39110","56670","84170","37800","50000","87500","39.25","74.82","45.08","56.81","85.54","23.93","33.27","54.28","22.83","33.08","49.13","22.06","29.18","51.07","22.91","43.67","26.31","33.16","49.93","0.3","0.41","0.67","0.28","0.41","0.61","0.27","0.36","0.63","0.28","0.54","0.32","0.41","0.62"
"12/01/2018","41000","50000","85000","39500","56670","82500","37500","50000","87500","39.25","74.82","44.73","56.04","85.38","24.17","29.47","50.11","23.28","33.41","48.63","22.11","29.47","51.58","23.14","44.11","26.37","33.03","50.33","0.3","0.36","0.61","0.28","0.41","0.59","0.27","0.36","0.63","0.28","0.54","0.32","0.4","0.62"
"11/01/2018","41000","50000","88750","39920","59590","82500","37500","48130","87500","39.25","74.82","44.33","54.82","84.47","24.07","29.35","52.1","23.44","34.98","48.43","22.01","28.25","51.37","23.04","43.92","26.02","32.18","49.59","0.31","0.37","0.66","0.3","0.45","0.62","0.28","0.36","0.65","0.29","0.56","0.33","0.41","0.63"
"10/01/2018","41000","50000","87500","39750","60000","82460","38130","49380","87500","39.25","74.82","44.13","53.85","83.32","24.1","29.39","51.42","23.36","35.26","48.46","22.41","29.02","51.42","23.07","43.97","25.94","31.65","48.97","0.31","0.38","0.66","0.3","0.45","0.63","0.29","0.37","0.66","0.3","0.57","0.33","0.41","0.63"
"09/01/2018","40500","50000","85000","39170","59900","82330","37000","51250","87500","38.56","74.82","43.89","53.73","83.05","24.36","30.07","51.12","23.56","36.03","49.52","22.25","30.82","52.62","23.19","45","26.4","32.31","49.95","0.33","0.4","0.68","0.32","0.48","0.66","0.3","0.41","0.7","0.31","0.6","0.35","0.43","0.67"
"08/01/2018","40000","50000","85000","39170","53980","82330","37000","52500","87500","38","74.82","43.57","53.31","82.6","24.04","30.05","51.09","23.54","32.45","49.49","22.24","31.56","52.59","22.84","44.97","26.19","32.04","49.65","0.32","0.4","0.69","0.32","0.44","0.66","0.3","0.42","0.71","0.31","0.6","0.35","0.43","0.67"
"07/01/2018","40000","50000","85000","38670","50330","82330","37000","50000","87500","39","74.82","43.07","53.27","80.58","24.09","30.12","51.2","23.29","30.31","49.59","22.29","30.12","52.7","23.49","45.07","25.94","32.09","48.53","0.32","0.4","0.68","0.31","0.4","0.66","0.3","0.4","0.7","0.31","0.6","0.34","0.43","0.65"
"06/01/2018","40000","50000","87500","36900","48210","82330","30250","50000","87500","35","74.82","41.84","53.27","80.51","24.32","30.4","53.2","22.43","29.31","50.05","18.39","30.4","53.2","21.28","45.49","25.44","32.39","48.95","0.33","0.42","0.73","0.31","0.4","0.69","0.25","0.42","0.73","0.29","0.63","0.35","0.45","0.67"
"05/01/2018","40000","50000","90000","36310","47500","82330","31750","47500","87500","36.38","74.82","41.59","53.27","80.43","24.46","30.57","55.03","22.2","29.04","50.34","19.41","29.04","53.5","22.24","45.75","25.43","32.57","49.18","0.35","0.43","0.78","0.31","0.41","0.71","0.27","0.41","0.76","0.31","0.65","0.36","0.46","0.7"
"04/01/2018","40000","50000","90000","37290","47500","82330","35000","43750","87500","38","74.82","42.33","53.27","80.38","24.58","30.73","55.31","22.92","29.19","50.6","21.51","26.89","53.77","23.35","45.98","26.01","32.74","49.4","0.35","0.43","0.78","0.32","0.41","0.71","0.3","0.38","0.76","0.33","0.65","0.37","0.46","0.7"
"03/01/2018","40000","50000","90000","38250","47500","82330","36400","40000","87500","39","74.82","43.75","52.12","80","25.03","31.29","56.31","23.93","29.72","51.51","22.78","25.03","54.75","24.4","46.82","27.37","32.61","50.06","0.36","0.44","0.8","0.34","0.42","0.73","0.32","0.36","0.78","0.35","0.67","0.39","0.46","0.71"
"02/01/2018","40000","50000","90000","38830","47500","82330","36630","40000","87500","39","74.82","44.21","52.12","78.46","25.1","31.38","56.48","24.37","29.81","51.67","22.99","25.1","54.91","24.48","46.96","27.75","32.71","49.24","0.36","0.45","0.81","0.35","0.43","0.74","0.33","0.36","0.79","0.35","0.68","0.4","0.47","0.71"
"01/01/2018","40000","50000","90000","38790","47500","81500","37000","40000","87500","39.5","74.82","44.28","51.73","78.42","25.03","31.28","56.31","24.27","29.72","50.99","23.15","25.03","54.74","24.71","46.81","27.7","32.36","49.06","0.36","0.45","0.81","0.35","0.43","0.74","0.33","0.36","0.79","0.36","0.68","0.4","0.47","0.71"
"12/01/2017","40000","50000","90000","38790","47500","78380","37000","40000","82500","40","73.21","43.94","50.15","74.62","25.03","31.29","56.32","24.28","29.73","49.05","23.16","25.03","51.63","25.03","45.82","27.5","31.38","46.7","0.37","0.46","0.83","0.36","0.44","0.72","0.34","0.37","0.76","0.37","0.67","0.4","0.46","0.68"
"11/01/2017","40000","50000","90000","37940","47500","77500","36900","40000","82500","39.7","73.21","43.56","48.15","74.54","25.01","31.26","56.27","23.72","29.7","48.46","23.07","25.01","51.58","24.82","45.77","27.24","30.11","46.6","0.38","0.47","0.85","0.36","0.45","0.73","0.35","0.38","0.78","0.38","0.69","0.41","0.46","0.71"
"10/01/2017","40000","50000","90000","36420","47500","75000","35500","40000","81880","38","73.21","42.51","46","74.42","25.1","31.38","56.48","22.85","29.81","47.06","22.28","25.1","51.38","23.85","45.94","26.68","28.87","46.7","0.38","0.47","0.85","0.35","0.45","0.71","0.34","0.38","0.78","0.36","0.69","0.4","0.44","0.71"
"09/01/2017","40000","50000","90000","36170","47500","73750","34250","40000","80000","37.13","73.21","40.76","45.8","74.42","25.29","31.61","56.9","22.87","30.03","46.63","21.65","25.29","50.58","23.47","46.29","25.77","28.96","47.05","0.38","0.47","0.85","0.34","0.45","0.7","0.32","0.38","0.76","0.35","0.69","0.39","0.43","0.71"
"08/01/2017","40000","50000","90000","35920","47500","73330","33500","40000","78500","35.7","73.21","40.72","44.88","74.42","25.45","31.81","57.26","22.85","30.22","46.65","21.31","25.45","49.94","22.71","46.58","25.91","28.55","47.35","0.38","0.47","0.85","0.34","0.45","0.7","0.32","0.38","0.74","0.34","0.69","0.39","0.43","0.71"
"07/01/2017","40000","50000","85000","36420","47290","73330","33630","40000","77500","36.5","73.21","40.99","44.63","73.99","25.5","31.87","54.18","23.22","30.14","46.74","21.44","25.5","49.4","23.27","46.67","26.13","28.45","47.16","0.38","0.47","0.81","0.34","0.45","0.69","0.32","0.38","0.73","0.35","0.69","0.39","0.42","0.7"
"06/01/2017","40000","50000","80000","36920","46670","73330","34200","40000","77500","36.5","73.21","41.38","44.61","73.69","25.59","31.98","51.17","23.62","29.85","46.9","21.88","25.59","49.57","23.35","46.83","26.47","28.53","47.13","0.38","0.48","0.76","0.35","0.44","0.7","0.33","0.38","0.74","0.35","0.7","0.39","0.43","0.7"
"05/01/2017","40000","50000","75000","37210","46670","72920","35000","40000","77500","36.63","73.21","42.24","44.58","73.27","25.48","31.85","47.78","23.7","29.73","46.45","22.3","25.48","49.37","23.33","46.64","26.91","28.4","46.67","0.38","0.48","0.72","0.35","0.45","0.7","0.33","0.38","0.74","0.35","0.7","0.4","0.43","0.7"
"04/01/2017","40000","50000","66250","37980","46670","71670","36000","40000","75000","37.65","70.18","43.42","44.58","73.08","25.48","31.86","42.21","24.2","29.73","45.66","22.94","25.48","47.78","23.99","44.71","27.66","28.4","46.56","0.38","0.48","0.63","0.36","0.45","0.68","0.34","0.38","0.72","0.36","0.67","0.41","0.43","0.7"
"03/01/2017","40000","50000","62000","38420","47000","71670","37900","40000","74170","38","67.5","44.83","44.58","71.7","25.84","32.3","40.05","24.82","30.36","46.3","24.48","25.84","47.92","24.55","43.61","28.96","28.8","46.32","0.38","0.48","0.59","0.37","0.45","0.68","0.36","0.38","0.71","0.36","0.64","0.43","0.43","0.68"
"02/01/2017","40000","50000","60000","38420","47500","71670","38000","40000","72090","38","67.5","44.65","44.43","69.62","26.06","32.57","39.09","25.03","30.94","46.69","24.76","26.06","46.96","24.76","43.97","29.09","28.94","45.36","0.38","0.48","0.57","0.37","0.45","0.68","0.36","0.38","0.69","0.36","0.64","0.43","0.42","0.66"
"01/01/2017","40000","50000","60000","38420","47080","70840","38000","40000","69380","38","62.68","44.46","43.96","69.62","26.13","32.66","39.2","25.1","30.76","46.28","24.83","26.13","45.33","24.83","40.95","29.05","28.72","45.48","0.38","0.48","0.57","0.37","0.45","0.68","0.36","0.38","0.66","0.36","0.6","0.42","0.42","0.66"
"12/01/2016","40000","50000","60000","38320","46500","70000","38000","40000","67500","38","62.68","44.46","43.96","69.62","26.18","32.72","39.27","25.08","30.43","45.81","24.87","26.18","44.18","24.87","41.02","29.1","28.77","45.56","0.38","0.48","0.57","0.37","0.44","0.67","0.36","0.38","0.64","0.36","0.6","0.42","0.42","0.66"
"11/01/2016","40000","50000","60000","38250","46670","68330","37750","40500","67500","38","62.68","44.27","43.96","69.62","26","32.5","39","24.86","30.34","44.42","24.54","26.33","43.88","24.7","40.74","28.78","28.58","45.25","0.38","0.48","0.57","0.36","0.45","0.65","0.36","0.39","0.64","0.36","0.6","0.42","0.42","0.66"
"10/01/2016","40000","50000","60000","37480","47670","68330","37380","43000","67500","38","62.68","43.75","43.96","69.62","26.06","32.57","39.08","24.41","31.05","44.51","24.35","28.01","43.97","24.75","40.83","28.5","28.63","45.35","0.38","0.48","0.57","0.36","0.46","0.65","0.36","0.41","0.64","0.36","0.6","0.42","0.42","0.66"
"09/01/2016","40000","50000","66000","37170","47640","67830","36630","45000","67500","38","60.68","41.84","43.96","69.96","26.26","32.83","43.34","24.41","31.28","44.54","24.05","29.55","44.32","24.95","39.84","27.47","28.86","45.94","0.38","0.48","0.63","0.36","0.46","0.65","0.35","0.43","0.65","0.36","0.58","0.4","0.42","0.67"
"08/01/2016","40000","50000","70000","37010","47500","66460","36170","45000","67500","37.95","57.68","42.22","43.64","69.47","26.32","32.9","46.06","24.35","31.25","43.73","23.8","29.61","44.41","24.97","37.95","27.78","28.71","45.71","0.38","0.48","0.67","0.35","0.45","0.63","0.35","0.43","0.64","0.36","0.55","0.4","0.42","0.66"
"07/01/2016","40000","50000","67000","37010","40750","65830","36230","41000","64160","37.8","57.68","41.85","43.31","68.75","26.24","32.8","43.95","24.28","26.73","43.18","23.77","26.9","42.09","24.8","37.84","27.45","28.41","45.1","0.38","0.48","0.64","0.35","0.39","0.63","0.35","0.39","0.61","0.36","0.55","0.4","0.41","0.66"
"06/01/2016","40000","50000","65000","36880","40750","65830","35600","40000","63330","37.32","57.68","41.15","43.31","68.75","26.59","33.24","43.21","24.52","27.09","43.76","23.67","26.59","42.1","24.81","38.35","27.36","28.79","45.71","0.38","0.48","0.62","0.35","0.39","0.63","0.34","0.38","0.6","0.36","0.55","0.39","0.41","0.66"
"05/01/2016","40000","50000","65000","37320","40750","65830","35000","38000","63330","37.5","57.68","41.15","43.31","68.75","26.76","33.45","43.49","24.97","27.26","44.04","23.42","25.42","42.37","25.09","38.59","27.53","28.98","46","0.38","0.48","0.62","0.36","0.39","0.63","0.33","0.36","0.6","0.36","0.55","0.39","0.41","0.66"
"04/01/2016","40000","50000","65000","38380","40750","65830","36380","35750","63330","38.6","57.68","40.61","43.31","68.66","26.7","33.38","43.39","25.62","27.2","43.95","24.29","23.87","42.28","25.77","38.51","27.11","28.91","45.84","0.38","0.48","0.62","0.37","0.39","0.63","0.35","0.34","0.6","0.37","0.55","0.39","0.41","0.66"
"03/01/2016","40000","48800","63000","38800","40750","65830","38200","35000","63330","39","57.68","41.36","43.31","68.37","27.12","33.08","42.71","26.3","27.63","44.63","25.9","23.73","42.93","26.44","39.1","28.04","29.36","46.35","0.38","0.47","0.6","0.37","0.39","0.63","0.36","0.33","0.6","0.37","0.55","0.39","0.41","0.65"
"02/01/2016","40000","47000","75000","39100","41170","65940","38500","35000","63330","39","57.68","43.43","43.31","68.37","27.16","31.91","50.92","26.55","27.95","44.77","26.14","23.76","43","26.48","39.16","29.49","29.4","46.42","0.38","0.45","0.72","0.37","0.39","0.63","0.37","0.33","0.6","0.37","0.55","0.41","0.41","0.65"
"01/01/2016","40500","50000","80000","39130","41550","67290","38500","35000","63330","39","53.15","44.35","43.31","68.37","27.43","33.86","54.18","26.5","28.14","45.57","26.07","23.7","42.89","26.41","35.99","30.04","29.33","46.3","0.39","0.48","0.76","0.37","0.4","0.64","0.37","0.33","0.6","0.37","0.51","0.42","0.41","0.65"
"12/01/2015","39800","50000","80000","38960","41670","67500","38400","35000","63000","39.1","49.57","44.32","43.31","68.52","27.01","33.93","54.29","26.44","28.28","45.81","26.06","23.75","42.76","26.54","33.64","30.08","29.39","46.5","0.38","0.48","0.76","0.37","0.4","0.64","0.37","0.33","0.6","0.37","0.47","0.42","0.41","0.65"
"11/01/2015","39000","50000","80000","38830","41670","67500","39000","35250","65000","39","54.18","43.71","43.38","70","26.32","33.74","53.98","26.2","28.12","45.55","26.32","23.79","43.86","26.32","36.56","29.5","29.27","47.24","0.37","0.47","0.76","0.37","0.39","0.64","0.37","0.33","0.62","0.37","0.51","0.41","0.41","0.66"
"10/01/2015","38200","50000","80000","38150","42330","68330","38500","36200","69000","38.82","65.79","42.91","44.62","73.08","25.93","33.94","54.3","25.89","28.73","46.38","26.13","24.57","46.83","26.35","44.66","29.13","30.29","49.6","0.37","0.48","0.76","0.36","0.4","0.65","0.37","0.35","0.66","0.37","0.63","0.41","0.43","0.7"
"09/01/2015","38000","50000","80000","37580","42500","68330","36630","37000","70000","37.55","71.79","41.31","44.62","73.08","25.92","34.1","54.57","25.63","28.99","46.61","24.99","25.24","47.75","25.61","48.97","28.18","30.43","49.85","0.36","0.48","0.77","0.36","0.41","0.65","0.35","0.35","0.67","0.36","0.69","0.4","0.43","0.7"
"08/01/2015","38000","50000","80000","37580","42500","68330","36380","37000","70000","36.98","71.79","41.31","44.62","73.08","25.89","34.07","54.51","25.61","28.96","46.56","24.79","25.21","47.7","25.2","48.92","28.15","30.4","49.8","0.37","0.49","0.78","0.37","0.41","0.67","0.36","0.36","0.68","0.36","0.7","0.4","0.44","0.71"
"07/01/2015","38000","50000","80000","37090","42500","68330","36500","37000","70000","38.1","71.79","40.51","45.42","73.08","25.94","34.13","54.6","25.32","29.01","46.64","24.91","25.25","47.78","26","49","27.65","31","49.88","0.37","0.49","0.79","0.36","0.42","0.67","0.36","0.36","0.69","0.37","0.71","0.4","0.45","0.72"
"06/01/2015","39000","50000","80000","36980","42500","68330","35250","37000","70000","36.55","72.68","40.31","48.62","73.08","26.75","34.3","54.88","25.37","29.15","46.87","24.18","25.38","48.02","25.07","49.86","27.65","33.35","50.13","0.38","0.49","0.79","0.36","0.42","0.67","0.35","0.36","0.69","0.36","0.71","0.4","0.48","0.72"
"05/01/2015","41000","48000","80000","36960","42500","68330","35880","37000","70000","36.98","73.57","40.31","50.08","73.08","28.3","33.13","55.22","25.51","29.33","47.16","24.77","25.54","48.32","25.52","50.78","27.82","34.57","50.44","0.4","0.47","0.79","0.36","0.42","0.67","0.35","0.36","0.69","0.36","0.72","0.4","0.49","0.72"
"04/01/2015","41000","46000","83000","37500","42500","68330","36600","36800","71000","38.7","73.57","40.71","51.54","74.46","28.51","31.99","57.72","26.08","29.56","47.52","25.45","25.59","49.38","26.91","51.16","28.31","35.84","51.78","0.4","0.45","0.82","0.37","0.42","0.67","0.36","0.36","0.7","0.38","0.72","0.4","0.51","0.73"
"03/01/2015","41000","48000","87500","38650","42500","68540","37380","37000","72500","38.88","73.57","41.31","51.54","76.54","28.89","33.82","61.66","27.24","29.95","48.3","26.34","26.07","51.09","27.4","51.84","29.11","36.32","53.93","0.4","0.47","0.86","0.38","0.42","0.67","0.37","0.36","0.71","0.38","0.72","0.41","0.51","0.75"
"02/01/2015","41000","50000","90000","39230","42500","69380","38000","37000","75000","38.5","73.57","41.56","52.79","76.54","28.96","35.31","63.56","27.71","30.02","49","26.84","26.13","52.97","27.19","51.96","29.35","37.28","54.06","0.4","0.49","0.89","0.39","0.42","0.68","0.37","0.36","0.74","0.38","0.72","0.41","0.52","0.75"
"01/01/2015","41000","50000","90000","39480","43830","69330","38200","38200","76000","38.7","73.57","42.12","56.54","76.54","28.69","34.99","62.97","27.62","30.67","48.51","26.73","26.73","53.18","27.08","51.48","29.47","39.56","53.56","0.41","0.5","0.89","0.39","0.43","0.69","0.38","0.38","0.75","0.38","0.73","0.42","0.56","0.76"
"12/01/2014","41000","50000","90000","39210","47080","74170","38500","40250","77500","39.9","75","43.08","56.54","76.54","28.71","35.01","63.03","27.46","32.97","51.94","26.96","28.19","54.27","27.94","52.52","30.17","39.59","53.6","0.41","0.5","0.89","0.39","0.47","0.73","0.38","0.4","0.77","0.4","0.74","0.43","0.56","0.76"
"11/01/2014","41000","50000","90000","40210","48860","77810","38620","41000","77500","39.9","79.29","43.06","56.54","76.54","28.42","34.66","62.39","27.88","33.87","53.94","26.77","28.42","53.73","27.66","54.97","29.85","39.2","53.06","0.4","0.49","0.88","0.39","0.48","0.76","0.38","0.4","0.76","0.39","0.78","0.42","0.55","0.75"
"10/01/2014","41000","47000","90000","40280","49170","78330","38900","41000","77500","39.9","79.29","43.11","56.54","76.54","28.28","32.42","62.07","27.78","33.91","54.02","26.83","28.28","53.45","27.52","54.69","29.73","39","52.79","0.4","0.46","0.87","0.39","0.48","0.76","0.38","0.4","0.75","0.39","0.77","0.42","0.55","0.74"
"09/01/2014","41000","45000","87500","40870","49170","78330","39250","41000","77500","39.9","79.29","44.31","59.04","76.54","28.34","31.1","60.47","28.25","33.98","54.14","27.13","28.34","53.56","27.58","54.8","30.62","40.8","52.9","0.4","0.44","0.85","0.4","0.48","0.76","0.38","0.4","0.76","0.39","0.77","0.43","0.58","0.75"
"08/01/2014","41000","45000","85000","41050","49000","78750","39000","41000","77500","39.88","79.29","44.46","61.54","76.54","28.44","31.21","58.95","28.47","33.98","54.62","27.05","28.44","53.75","27.66","54.99","30.84","42.68","53.08","0.41","0.45","0.85","0.41","0.49","0.78","0.39","0.41","0.77","0.4","0.79","0.44","0.61","0.76"
"07/01/2014","41000","45000","85000","38480","48500","80000","36900","41000","77500","38.38","79.29","43.89","61.54","76.54","28.53","31.31","59.15","26.78","33.75","55.67","25.68","28.53","53.93","26.71","55.17","30.54","42.82","53.26","0.42","0.46","0.86","0.39","0.49","0.81","0.37","0.42","0.78","0.39","0.8","0.44","0.62","0.77"
"06/01/2014","41000","45000","85000","37960","48500","79580","35500","41000","77500","37.6","78.66","42.81","61.54","76.54","29.01","31.84","60.15","26.86","34.32","56.32","25.12","29.01","54.84","26.61","55.66","30.29","43.55","54.16","0.42","0.46","0.86","0.39","0.49","0.81","0.36","0.42","0.79","0.38","0.8","0.43","0.62","0.78"
"05/01/2014","44500","45000","87500","38570","48480","78330","35750","41000","77500","37.6","76.79","44.31","61.54","76.54","31.68","32.04","62.3","27.46","34.52","55.77","25.45","29.19","55.18","26.77","54.68","31.55","43.82","54.5","0.45","0.46","0.89","0.39","0.49","0.79","0.36","0.42","0.78","0.38","0.78","0.45","0.62","0.78"
"04/01/2014","47500","45000","90000","42730","48440","78330","39650","41000","77500","39.46","76.79","44.31","57.54","76.54","33.73","31.96","63.91","30.34","34.4","55.63","28.16","29.12","55.04","28.02","54.53","31.47","40.86","54.35","0.49","0.46","0.92","0.44","0.5","0.8","0.41","0.42","0.79","0.4","0.79","0.45","0.59","0.78"
"03/01/2014","47250","45000","90000","44460","48500","78330","43000","41000","77500","39.7","76.79","47.48","56.54","76.54","34.12","32.5","65","32.11","35.03","56.57","31.05","29.61","55.97","28.67","55.46","34.29","40.83","55.28","0.47","0.45","0.9","0.44","0.48","0.78","0.43","0.41","0.77","0.4","0.77","0.47","0.56","0.76"
"02/01/2014","47000","45000","90000","43920","48480","78330","41880","41000","77500","39.7","76.79","48","56.54","76.54","34.27","32.81","65.62","32.02","35.35","57.11","30.54","29.9","56.51","28.95","55.99","35","41.23","55.81","0.45","0.43","0.86","0.42","0.46","0.74","0.4","0.39","0.74","0.38","0.73","0.46","0.54","0.73"
"01/01/2014","47000","45000","90000","44000","48420","78330","41380","41000","77500","39.7","76.79","48","56.54","76.54","34.16","32.71","65.42","31.98","35.19","56.93","30.08","29.8","56.33","28.86","55.81","34.89","41.1","55.63","0.45","0.43","0.85","0.42","0.46","0.74","0.39","0.39","0.73","0.38","0.73","0.45","0.54","0.73"
"12/01/2013","47000","45000","90000","44820","48420","78330","41750","41000","77500","39.7","76.79","46.75","56.54","76.54","34.33","32.87","65.74","32.74","35.37","57.21","30.49","29.95","56.61","29","56.09","34.15","41.3","55.9","0.44","0.42","0.84","0.42","0.45","0.73","0.39","0.38","0.72","0.37","0.72","0.44","0.53","0.71"
"11/01/2013","43120","45750","90000","43930","48400","78330","41120","41000","77500","39.7","76.79","46","56.54","76.54","31.08","32.97","64.87","31.66","34.88","56.45","29.64","29.55","55.86","28.61","55.34","33.15","40.75","55.16","0.4","0.43","0.84","0.41","0.45","0.73","0.38","0.38","0.72","0.37","0.71","0.43","0.53","0.71"
"10/01/2013","40500","48000","90000","41280","48330","78330","40000","42200","77500","39.7","76.79","46","56.54","76.54","29.56","35.03","65.69","30.13","35.27","57.17","29.19","30.8","56.56","28.97","56.05","33.57","41.27","55.86","0.38","0.45","0.85","0.39","0.45","0.74","0.38","0.4","0.73","0.37","0.72","0.43","0.53","0.72"
"09/01/2013","40250","48000","90000","41330","48330","78330","39380","43000","77500","39.7","76.79","45.25","56.54","76.54","29.95","35.72","66.98","30.76","35.97","58.29","29.31","32","57.68","29.54","57.15","33.67","42.08","56.96","0.38","0.46","0.85","0.39","0.46","0.74","0.37","0.41","0.74","0.38","0.73","0.43","0.54","0.73"
"08/01/2013","40000","48000","90000","39880","48330","78330","37900","43000","77500","38.54","74.13","45.5","56.54","76.54","29.68","35.62","66.79","29.59","35.86","58.13","28.12","31.91","57.51","28.6","55.01","33.76","41.96","56.8","0.39","0.47","0.87","0.39","0.47","0.76","0.37","0.42","0.75","0.37","0.72","0.44","0.55","0.74"
"07/01/2013","40000","48000","90000","38270","48410","78960","36250","43000","77500","36.5","72.36","43.75","52.79","76.54","30.03","36.03","67.56","28.73","36.34","59.27","27.21","32.28","58.18","27.4","54.32","32.84","39.63","57.46","0.4","0.48","0.89","0.38","0.48","0.78","0.36","0.43","0.77","0.36","0.72","0.43","0.52","0.76"
"06/01/2013","37750","44000","82500","37150","48500","79580","35310","42000","77500","36.48","72.36","42","51.54","76.54","28.91","33.7","63.18","28.45","37.14","60.95","27.04","32.17","59.35","27.94","55.42","32.17","39.47","58.62","0.38","0.45","0.84","0.38","0.49","0.81","0.36","0.43","0.79","0.37","0.73","0.43","0.52","0.78"
"05/01/2013","35500","40000","75000","35060","48560","79580","34000","41000","77500","34.8","72.36","40.98","51.54","75.54","27.38","30.86","57.85","27.05","37.46","61.39","26.23","31.63","59.78","26.84","55.82","31.61","39.76","58.27","0.36","0.41","0.76","0.36","0.49","0.81","0.35","0.42","0.79","0.35","0.73","0.42","0.52","0.77"
"04/01/2013","35500","40000","75000","35100","48650","79900","34000","41000","77500","34.5","72.36","38.39","51.54","71.54","27.52","31.01","58.15","27.21","37.72","61.95","26.36","31.79","60.09","26.75","56.1","29.77","39.96","55.47","0.36","0.41","0.76","0.36","0.49","0.81","0.35","0.42","0.79","0.35","0.74","0.39","0.52","0.73"
"03/01/2013","35500","40000","75000","36230","48670","80000","35630","41000","77500","34.5","71.86","42","51.54","69.04","27.83","31.35","58.79","28.4","38.15","62.71","27.93","32.14","60.75","27.04","56.32","32.92","40.4","54.11","0.36","0.41","0.76","0.37","0.5","0.81","0.36","0.42","0.79","0.35","0.73","0.43","0.53","0.7"
"02/01/2013","35500","40000","75000","36420","48670","76670","35880","41000","77500","34.5","70.29","41.25","51.54","66.54","27.94","31.48","59.02","28.66","38.3","60.34","28.24","32.27","60.99","27.15","55.32","32.46","40.56","52.37","0.36","0.41","0.76","0.37","0.5","0.78","0.37","0.42","0.79","0.35","0.72","0.42","0.53","0.68"
"01/01/2013","35200","40000","75000","37630","48670","76330","36200","41000","76500","34.3","69.09","40.7","51.54","66.54","27.61","31.37","58.83","29.52","38.17","59.87","28.39","32.16","60","26.9","54.19","31.92","40.43","52.19","0.36","0.41","0.77","0.39","0.5","0.78","0.37","0.42","0.78","0.35","0.71","0.42","0.53","0.68"
"12/01/2012","34000","40000","75000","34080","48590","75830","33250","41000","75000","33.12","68.79","38.62","51.54","66.54","27.11","31.9","59.81","27.18","38.75","60.47","26.51","32.69","59.81","26.41","54.85","30.8","41.1","53.06","0.35","0.41","0.77","0.35","0.5","0.78","0.34","0.42","0.77","0.34","0.71","0.4","0.53","0.68"
"11/01/2012","34000","40000","75000","33100","48330","75660","32800","41000","75000","33","68.79","37.93","51.54","66.54","27.18","31.97","59.95","26.46","38.63","60.47","26.22","32.77","59.95","26.38","54.98","30.32","41.19","53.18","0.35","0.42","0.78","0.34","0.5","0.79","0.34","0.43","0.78","0.34","0.72","0.39","0.54","0.69"
"10/01/2012","34000","40000","72500","32500","48330","75000","32500","41000","75000","32.5","68.79","37","51.54","66.54","27.07","31.85","57.72","25.87","38.48","59.71","25.87","32.64","59.71","25.87","54.77","29.46","41.03","52.97","0.36","0.42","0.76","0.34","0.51","0.79","0.34","0.43","0.79","0.34","0.72","0.39","0.54","0.7"
"09/01/2012","34000","40000","68500","32439.999999999996","48330","75000","32119.999999999996","41000","73620","32.5","68.79","37","51.54","66.54","27.17","31.97","54.74","25.93","38.62","59.94","25.67","32.77","58.84","25.97","54.98","29.57","41.19","53.18","0.36","0.42","0.72","0.34","0.51","0.79","0.34","0.43","0.78","0.34","0.73","0.39","0.54","0.7"
"08/01/2012","33000","40000","67000","30700","47930","73770","30500","41000","69000","31.46","68.79","36.2","51.54","66.54","26.58","32.22","53.97","24.73","38.61","59.42","24.57","33.02","55.58","25.34","55.41","29.16","41.51","53.6","0.35","0.42","0.71","0.32","0.51","0.78","0.32","0.43","0.73","0.33","0.73","0.38","0.55","0.7"
"07/01/2012","33000","40000","67000","30250","48920","74210","29120","41000","69000","30.25","68.79","35.25","51.54","66.54","26.82","32.51","54.45","24.58","39.76","60.31","23.67","33.32","56.08","24.58","55.91","28.65","41.89","54.08","0.35","0.42","0.71","0.32","0.52","0.79","0.31","0.43","0.73","0.32","0.73","0.37","0.55","0.7"
"06/01/2012","33000","40000","67000","30250","49330","73860","29500","41000","69000","30","68.14","35","51.54","66.54","26.75","32.43","54.32","24.52","39.99","59.88","23.92","33.24","55.94","24.32","55.24","28.37","41.78","53.94","0.35","0.42","0.71","0.32","0.52","0.78","0.31","0.43","0.73","0.32","0.72","0.37","0.55","0.71"
"05/01/2012","33000","40400","67000","30540","49330","71910","29300","41000","68300","30","66.18","35","50.37","62.54","26.76","32.76","54.34","24.77","40.01","58.32","23.76","33.25","55.39","24.33","53.67","28.38","40.85","50.72","0.36","0.44","0.73","0.33","0.54","0.79","0.32","0.45","0.75","0.33","0.72","0.38","0.55","0.68"
"04/01/2012","33000","41000","67000","30810","49080","70100","30380","40750","65250","30","65.06","35","48.62","61.54","27.07","33.63","54.96","25.27","40.26","57.5","24.92","33.43","53.52","24.61","53.37","28.71","39.88","50.48","0.36","0.45","0.74","0.34","0.54","0.77","0.33","0.45","0.72","0.33","0.72","0.39","0.54","0.68"
"03/01/2012","32700.000000000004","40600","63800","30210","48800","67600","29900","38800","62500","30","62.47","34.6","48.62","61.54","27.31","33.91","53.29","25.23","40.76","56.47","24.98","32.41","52.21","25.06","52.18","28.9","40.61","51.41","0.36","0.45","0.7","0.33","0.54","0.74","0.33","0.43","0.69","0.33","0.69","0.38","0.54","0.68"
"02/01/2012","32500","40000","59000","30500","47000","66620","29500","37000","61000","30","60.29","34","48.62","61.54","27.47","33.8","49.86","25.78","39.72","56.3","24.93","31.27","51.55","25.35","50.95","28.73","41.09","52.01","0.36","0.44","0.65","0.34","0.52","0.73","0.33","0.41","0.67","0.33","0.66","0.37","0.54","0.68"
"01/01/2012","32500","40000","59000","30250","47000","66330","30000","37000","61000","30","60.29","34","48.62","59.38","27.55","33.91","50.01","25.64","39.84","56.22","25.43","31.36","51.71","25.43","51.1","28.82","41.21","50.33","0.36","0.44","0.65","0.33","0.52","0.73","0.33","0.41","0.68","0.33","0.67","0.38","0.54","0.66"
"12/01/2011","31500","40000","59000","30280","47000","65670","30000","36100","61000","30","60.29","33.4","48.62","57.23","27.11","34.43","50.78","26.06","40.45","56.52","25.82","31.07","52.5","25.82","51.89","28.75","41.85","49.26","0.35","0.45","0.66","0.34","0.53","0.73","0.34","0.4","0.68","0.34","0.67","0.37","0.54","0.64"
"11/01/2011","30000","40000","59000","30000","48160","63840","29250","38500","61000","29.72","60.29","33","46.98","57.11","25.64","34.19","50.42","25.64","41.16","54.56","25","32.9","52.13","25.4","51.53","28.2","40.15","48.81","0.34","0.46","0.68","0.34","0.55","0.73","0.34","0.44","0.7","0.34","0.69","0.38","0.54","0.66"
"10/01/2011","30000","39000","59500","29440","49040","59580","28380","42000","60830","29.3","60.29","32.12","45.4","56.8","25.71","33.43","51","25.23","42.03","51.06","24.32","36","52.14","25.11","51.67","27.53","38.91","48.68","0.34","0.45","0.68","0.34","0.56","0.68","0.33","0.48","0.7","0.34","0.69","0.37","0.52","0.65"
"09/01/2011","30000","38000","60500","29420","47830","55540","28000","43000","58000","29.3","59.54","31.46","45.92","56.23","26.08","33.04","52.6","25.58","41.59","48.29","24.34","37.39","50.43","25.48","51.77","27.35","39.93","48.89","0.34","0.43","0.69","0.34","0.55","0.63","0.32","0.49","0.66","0.33","0.68","0.36","0.52","0.64"
"08/01/2011","30000","38000","60000","28420","47830","54670","27500","43000","57000","28","54.71","31.68","44.6","54.23","26.35","33.38","52.71","24.97","42.02","48.02","24.16","37.77","50.07","24.6","48.06","27.83","39.18","47.64","0.35","0.44","0.69","0.33","0.55","0.63","0.32","0.5","0.66","0.32","0.63","0.37","0.51","0.63"
"07/01/2011","30380","38000","60000","29040","46380","54040","27500","42500","57000","28.88","54.71","32.62","42.62","51.23","27.06","33.85","53.44","25.87","41.31","48.13","24.49","37.85","50.77","25.72","48.73","29.05","37.96","45.63","0.35","0.44","0.7","0.34","0.54","0.63","0.32","0.49","0.66","0.34","0.64","0.38","0.5","0.6"
"06/01/2011","30000","38000","60000","28020","46300","52560","27100","40400","55000","27.37","49.76","29.72","42.62","51.23","27.06","34.28","54.12","25.27","41.76","47.41","24.44","36.44","49.61","24.69","44.88","26.81","38.44","46.21","0.35","0.44","0.7","0.33","0.54","0.61","0.32","0.47","0.64","0.32","0.58","0.35","0.5","0.6"
"05/01/2011","30250","38000","60000","28430","47330","51830","27380","40000","55000","28.28","49.21","30.04","42.12","48.92","27.55","34.61","54.64","25.89","43.1","47.2","24.93","36.43","50.09","25.75","44.81","27.36","38.36","44.55","0.35","0.45","0.7","0.33","0.56","0.61","0.32","0.47","0.65","0.33","0.58","0.35","0.49","0.57"
"04/01/2011","31000","38000","60000","29920","47330","52080","29000","39620","55000","29.51","49.21","30.96","41.62","48.92","28.29","34.68","54.76","27.31","43.2","47.53","26.47","36.16","50.2","26.93","44.91","28.26","37.99","44.65","0.37","0.45","0.71","0.35","0.56","0.62","0.34","0.47","0.65","0.35","0.58","0.37","0.49","0.58"
"03/01/2011","31000","38000","60000","30380","47000","51670","29750","38500","53000","29.62","49.21","33.12","41.62","48.92","28.69","35.17","55.53","28.12","43.5","47.82","27.53","35.63","49.05","27.41","45.54","30.65","38.52","45.27","0.36","0.44","0.7","0.36","0.55","0.61","0.35","0.45","0.62","0.35","0.58","0.39","0.49","0.57"
"02/01/2011","30880","38000","61500","30200","47000","52500","29810","39500","53880","29.62","49.21","32.35","41.12","48.92","28.98","35.66","57.71","28.34","44.11","49.27","27.97","37.07","50.56","27.8","46.18","30.36","38.59","45.91","0.36","0.45","0.72","0.35","0.55","0.61","0.35","0.46","0.63","0.35","0.58","0.38","0.48","0.57"
"01/01/2011","30500","38000","60750","30780","46460","55830","30000","39250","52120","29.62","49.21","32.18","38.08","47.73","28.46","35.46","56.69","28.72","43.36","52.1","28","36.63","48.64","27.64","45.92","30.03","35.54","44.54","0.36","0.44","0.71","0.36","0.54","0.65","0.35","0.46","0.61","0.35","0.57","0.38","0.44","0.56"
"12/01/2010","30500","38000","60000","30450","44170","50250","30000","37000","49000","29.62","45.88","32","36.54","46.54","28.81","35.89","56.67","28.76","41.72","47.46","28.34","34.95","46.28","27.98","43.34","30.23","34.51","43.96","0.36","0.44","0.7","0.36","0.51","0.59","0.35","0.43","0.57","0.35","0.53","0.37","0.43","0.54"
"11/01/2010","30250","36500","57000","30080","44340","50000","30000","37000","49000","29.62","44.71","32","36.54","46.54","28.49","34.37","53.68","28.33","41.76","47.09","28.25","34.84","46.14","27.89","42.1","30.13","34.41","43.83","0.35","0.43","0.67","0.35","0.52","0.58","0.35","0.43","0.57","0.35","0.52","0.37","0.43","0.54"
"10/01/2010","29880","35000","54000","30460","43710","50000","30000","37170","48830","29.62","44.71","32","36.54","44.91","28.42","33.29","51.36","28.97","41.57","47.55","28.53","35.35","46.44","28.17","42.52","30.43","34.75","42.71","0.35","0.41","0.63","0.35","0.51","0.58","0.35","0.43","0.57","0.34","0.52","0.37","0.42","0.52"
"09/01/2010","28300","34200","54000","29860","42330","50000","28790","38200","48600","28.36","38.71","31.43","35.39","43.27","27.18","32.85","51.86","28.68","40.65","48.02","27.65","36.69","46.68","27.24","37.18","30.19","33.99","41.56","0.33","0.4","0.63","0.35","0.49","0.58","0.34","0.44","0.57","0.33","0.45","0.37","0.41","0.5"
"08/01/2010","26880","34000","52000","28390","41170","50000","25880","34330","45500","25.78","38.71","29.91","34.62","43.27","26.34","33.32","50.96","27.82","40.34","49","25.36","33.64","44.59","25.26","37.93","29.31","33.93","42.4","0.31","0.4","0.61","0.33","0.48","0.58","0.3","0.4","0.53","0.3","0.45","0.35","0.4","0.51"
"07/01/2010","26500","34000","50000","26860","40000","50000","26000","32000","45000","26.9","38.71","29.88","34.62","43.27","26.54","34.05","50.07","26.9","40.06","50.07","26.04","32.04","45.06","26.94","38.76","29.92","34.67","43.33","0.31","0.4","0.58","0.31","0.47","0.58","0.3","0.37","0.53","0.31","0.45","0.35","0.4","0.51"
"06/01/2010","26500","34000","50000","26970","40000","50000","26380","31750","45000","27.5","38.71","29.88","34.62","43.27","27.09","34.75","51.11","27.57","40.89","51.11","26.97","32.45","46","28.11","39.57","30.54","35.39","44.23","0.31","0.4","0.59","0.32","0.47","0.59","0.31","0.37","0.53","0.32","0.45","0.35","0.41","0.51"
"05/01/2010","28000","34000","50000","26840","40890","50420","26380","32000","45000","27.5","40.57","29.43","34.62","43.27","28.72","34.88","51.29","27.53","41.95","51.72","27.06","32.83","46.16","28.21","41.62","30.19","35.51","44.39","0.33","0.4","0.59","0.32","0.48","0.6","0.31","0.38","0.53","0.33","0.48","0.35","0.41","0.51"
"04/01/2010","30300","34000","50000","28370","41920","52530","27500","32000","45000","28.81","40.57","30.77","34.62","43.27","31.12","34.93","51.36","29.14","43.06","53.96","28.25","32.87","46.22","29.59","41.67","31.61","35.56","44.45","0.36","0.4","0.6","0.34","0.5","0.63","0.33","0.38","0.54","0.34","0.48","0.37","0.41","0.52"
"03/01/2010","30750","34000","50000","29110","44650","51670","29000","32000","45000","29.3","40.57","32","34.62","43.27","32.16","35.56","52.3","30.45","46.7","54.05","30.33","33.47","47.07","30.65","42.44","33.47","36.21","45.26","0.36","0.4","0.59","0.34","0.53","0.61","0.34","0.38","0.53","0.35","0.48","0.38","0.41","0.51"
"02/01/2010","30750","34000","50000","29480","43960","52300","29170","32000","45000","29.3","40.57","32","33.55","43.27","32.56","36.01","52.95","31.22","46.55","55.39","30.89","33.89","47.66","31.03","42.96","33.89","35.53","45.82","0.36","0.4","0.59","0.35","0.52","0.62","0.34","0.38","0.53","0.34","0.48","0.38","0.39","0.51"
"01/01/2010","29820","34000","50000","29670","42040","50960","29750","32500","45000","29.2","40.57","32","33.19","43.27","31.7","36.14","53.15","31.54","44.69","54.17","31.62","34.55","47.84","31.04","43.13","34.02","35.28","46","0.35","0.4","0.59","0.35","0.5","0.6","0.35","0.38","0.53","0.34","0.48","0.38","0.39","0.51"
"12/01/2009","27040","34800","50700","28760","41100","50500","28700","30200","40400","28.38","40.57","31.5","33.19","43.27","29.43","37.87","55.17","31.3","44.73","54.96","31.23","32.87","43.97","30.88","44.15","34.28","36.12","47.09","0.32","0.41","0.6","0.34","0.49","0.6","0.34","0.36","0.48","0.34","0.48","0.37","0.39","0.51"
"11/01/2009","27040","36000","53500","28620","38670","48830","28500","30000","44000","28.38","40.57","31.25","33.19","43.27","29.28","38.99","57.94","30.99","41.88","52.88","30.86","32.49","47.65","30.73","43.94","33.84","35.94","46.86","0.32","0.43","0.64","0.34","0.46","0.58","0.34","0.36","0.53","0.34","0.48","0.37","0.4","0.52"
"10/01/2009","27040","36000","53000","28970","38530","48630","28550","30400","45000","28.38","40.57","31","33.19","43.27","29.69","39.53","58.2","31.81","42.31","53.4","31.35","33.38","49.41","31.16","44.55","34.04","36.44","47.51","0.32","0.43","0.64","0.35","0.46","0.58","0.34","0.36","0.54","0.34","0.49","0.37","0.4","0.52"
"09/01/2009","27040","36000","51880","27740","39960","48790","28000","31000","45000","28.38","40.57","31","33.19","43.27","29.97","39.91","57.51","30.75","44.29","54.08","31.04","34.36","49.88","31.46","44.97","34.36","36.79","47.96","0.33","0.43","0.63","0.33","0.48","0.59","0.34","0.37","0.54","0.34","0.49","0.37","0.4","0.52"
"08/01/2009","27040","36250","49500","28060","40900","48400","28250","31250","45000","28.38","44.6","31","33.19","43.27","30.11","40.36","55.12","31.24","45.54","53.89","31.46","34.8","50.11","31.6","49.66","34.52","36.96","48.18","0.33","0.44","0.6","0.34","0.49","0.58","0.34","0.38","0.54","0.34","0.54","0.37","0.4","0.52"
"07/01/2009","28590","35000","47500","26540","40170","49240","27350","31200","45000","27.3","45.36","30.34","33.19","43.27","32.37","39.63","53.79","30.05","45.49","55.76","30.97","35.33","50.96","30.91","51.36","34.36","37.58","49","0.35","0.43","0.58","0.32","0.49","0.6","0.33","0.38","0.55","0.33","0.55","0.37","0.4","0.53"
"06/01/2009","28980","35000","47130","25470","39750","49830","26250","30750","46250","25.75","43.08","29.85","33.19","43.27","33.32","40.24","54.19","29.29","45.71","57.3","30.18","35.36","53.18","29.61","49.53","34.32","38.16","49.75","0.36","0.43","0.58","0.31","0.49","0.61","0.32","0.38","0.57","0.32","0.53","0.37","0.41","0.53"
"05/01/2009","28980","34250","42560","26330","39830","49520","26630","30580","50000","25.88","40.79","29.21","33.19","43.27","33.65","39.77","49.42","30.57","46.25","57.5","30.92","35.51","58.06","30.05","47.36","33.92","38.54","50.24","0.36","0.42","0.53","0.33","0.49","0.61","0.33","0.38","0.62","0.32","0.51","0.36","0.41","0.54"
"04/01/2009","28580","34250","41750","27800","40200","49770","24850","30000","50000","24.6","42.67","29.19","32.53","43.27","33.26","39.86","48.59","32.36","46.79","57.93","28.92","34.92","58.19","28.63","49.66","33.97","37.86","50.36","0.35","0.43","0.52","0.35","0.5","0.62","0.31","0.37","0.62","0.31","0.53","0.36","0.4","0.54"
"03/01/2009","27000","34440","43440","27470","44000","50250","22000","30000","50000","22","46.07","26.3","31.54","43.27","31.87","40.65","51.27","32.42","51.93","59.31","25.97","35.41","59.02","25.97","54.38","31.04","37.23","51.07","0.34","0.43","0.54","0.34","0.55","0.63","0.27","0.37","0.62","0.27","0.57","0.33","0.39","0.54"
"02/01/2009","27000","34880","45380","28080","46040","51130","24000","29840","50000","22","46.07","25.45","31.54","43.27","32.31","41.73","54.3","33.6","55.09","61.18","28.72","35.7","59.83","26.32","55.12","30.45","37.74","51.77","0.34","0.44","0.57","0.35","0.58","0.64","0.3","0.37","0.63","0.28","0.58","0.32","0.4","0.54"
"01/01/2009","28600","35500","47500","29100","47500","52000","23800","30400","50000","22.3","46.1","25.9","32.3","44.4","34.55","42.88","57.38","35.15","57.38","62.81","28.75","36.72","60.4","26.94","55.68","31.28","39.02","53.63","0.36","0.45","0.6","0.37","0.6","0.66","0.3","0.38","0.63","0.28","0.58","0.33","0.41","0.56"
"12/01/2008","32500","36810","49940","30660","48330","52630","24000","30580","50000","23.25","46.07","30.27","37.16","46.54","39.09","44.27","60.07","36.88","58.13","63.3","28.87","36.78","60.14","27.96","55.41","36.41","44.7","55.98","0.41","0.47","0.63","0.39","0.61","0.67","0.3","0.39","0.63","0.29","0.58","0.38","0.47","0.59"
"11/01/2008","33000","37400","51500","31400","48800","54200","25000","37000","50000","23.3","48.9","32.4","42.3","48.5","39.5","44.76","61.64","37.58","58.4","64.87","29.92","44.28","59.84","27.89","58.52","38.78","50.63","58.05","0.41","0.47","0.64","0.39","0.61","0.68","0.31","0.46","0.62","0.29","0.61","0.4","0.53","0.61"
"10/01/2008","33000","41100","59000","35800","48900","52500","24900","40000","50000","23.1","50.3","34.3","43.1","49","39.45","49.13","70.53","42.79","58.45","62.76","29.77","47.82","59.77","27.61","60.13","41","51.52","58.57","0.41","0.51","0.73","0.45","0.61","0.65","0.31","0.5","0.62","0.29","0.63","0.43","0.54","0.61"
"09/01/2008","27000","44500","59000","31100","50600","54500","20200","40400","50600","20.7","53.5","30.2","46.3","50.6","32.96","54.32","72.02","37.96","61.77","66.53","24.66","49.32","61.77","25.27","65.31","36.86","56.52","61.77","0.35","0.58","0.76","0.4","0.65","0.7","0.26","0.52","0.65","0.27","0.69","0.39","0.6","0.65"
"08/01/2008","27500","44500","58500","26440","53800","57200","22310","44300","53000","22.3","56.1","29.5","47.4","51.1","33.89","54.85","72.1","32.59","66.31","70.5","27.5","54.6","65.32","27.49","69.15","36.36","58.42","62.98","0.37","0.6","0.78","0.35","0.72","0.77","0.3","0.59","0.71","0.3","0.75","0.4","0.64","0.69"
"07/01/2008","27600","44500","54400","26700","53900","54500","21400","48700","55000","22.1","56.1","29.2","50.2","52.2","34.75","56.02","68.48","33.61","67.85","68.61","26.94","61.31","69.24","27.82","70.62","36.76","63.2","65.71","0.39","0.63","0.77","0.38","0.76","0.77","0.3","0.69","0.78","0.31","0.79","0.41","0.71","0.74"
"06/01/2008","27000","44500","52100","24080","55100","54900","20000","49300","55000","20.7","58.1","27.73","54.4","58.5","35.12","57.89","67.78","31.33","71.68","71.42","26.02","64.13","71.55","26.93","75.58","36.07","70.77","76.1","0.4","0.66","0.77","0.36","0.82","0.81","0.3","0.73","0.82","0.31","0.86","0.41","0.81","0.87"
"05/01/2008","30000","45000","52500","28320","54300","54700","20000","49000","55000","20.7","58.7","29","54","59","39.85","59.77","69.73","37.62","72.12","72.65","26.56","65.08","73.05","27.49","77.97","38.52","71.72","78.37","0.44","0.66","0.77","0.42","0.8","0.81","0.29","0.72","0.81","0.31","0.87","0.43","0.8","0.87"
"04/01/2008","27500","42000","50000","25370","50300","52000","19880","44000","50300","20.7","45.7","23.58","34.6","46.6","37.51","57.29","68.2","34.6","68.61","70.93","27.12","60.01","68.61","28.23","62.33","32.16","47.19","63.56","0.43","0.66","0.78","0.4","0.79","0.82","0.31","0.69","0.79","0.32","0.72","0.37","0.54","0.73"
"03/01/2008","15250","23000","40000","19300","30900","40600","16630","30000","43000","16.3","37.4","17.5","28.6","38.3","21.43","32.32","56.21","27.12","43.43","57.06","23.37","42.16","60.43","22.91","52.56","24.59","40.19","53.83","0.25","0.37","0.65","0.31","0.5","0.66","0.27","0.49","0.7","0.27","0.61","0.29","0.47","0.62"
"02/01/2008","15250","23000","40000","17330","28950","37550","16000","26750","39500","16.2","36.6","16.6","25.65","36.1","22.09","33.32","57.95","25.1","41.94","54.4","23.18","38.75","57.22","23.47","53.02","24.05","37.16","52.3","0.25","0.38","0.65","0.28","0.47","0.61","0.26","0.44","0.65","0.26","0.6","0.27","0.42","0.59"
"01/01/2008","21100","23000","40000","23300","27000","34500","19200","23500","36000","18.2","35.8","20.2","22.7","33.9","30.72","33.48","58.23","33.92","39.3","50.22","27.95","34.21","52.41","26.49","52.11","29.41","33.04","49.35","0.34","0.38","0.65","0.38","0.44","0.56","0.31","0.38","0.59","0.3","0.58","0.33","0.37","0.55"
"12/01/2007","19880","23000","37750","21500","26400","33600","18000","21750","35500","17","35.1","20.82","22.7","33.9","29.49","34.12","56","31.9","39.17","49.85","26.7","32.27","52.67","25.22","52.07","30.89","33.68","50.29","0.32","0.38","0.62","0.35","0.43","0.55","0.29","0.36","0.58","0.28","0.57","0.34","0.37","0.55"
"11/01/2007","19000","23000","35500","20670","25800","32700.000000000004","18000","20000","35000","20.5","34.4","21.5","22.7","33.9","28.35","34.32","52.97","30.84","38.5","48.8","26.86","29.84","52.23","30.59","51.33","32.08","33.87","50.59","0.31","0.38","0.58","0.34","0.42","0.54","0.3","0.33","0.57","0.34","0.56","0.35","0.37","0.56"
"10/01/2007","17250","23000","33500","19670","25000","30300","17000","20000","34000","19.5","34.4","21","22","33.9","25.78","34.37","50.06","29.39","37.36","45.28","25.4","29.89","50.81","29.14","51.4","31.38","32.87","50.66","0.28","0.38","0.55","0.32","0.41","0.5","0.28","0.33","0.56","0.32","0.57","0.35","0.36","0.56"
"09/01/2007","15700","21500","33250","17820","24400","30050","15500","19000","33350","15.6","33.55","17.87","21.5","35.25","23.75","32.52","50.29","26.95","36.91","45.45","23.45","28.74","50.44","23.6","50.75","27.03","32.52","53.32","0.26","0.35","0.55","0.29","0.4","0.5","0.26","0.31","0.55","0.26","0.55","0.29","0.35","0.58"
"08/01/2007","15750","20000","33000","16000","23800","29800","15000","18000","32700.000000000004","17","32.7","19.5","21","36.6","24.33","30.89","50.98","24.72","36.76","46.03","23.17","27.81","50.51","26.26","50.51","30.12","32.44","56.54","0.26","0.33","0.55","0.26","0.39","0.49","0.25","0.3","0.54","0.28","0.54","0.32","0.35","0.61"
"07/01/2007","15190","23000","33500","16000","23200","30000","15000","22000","34000","17","32.7","19.5","21","36.6","23.77","36","52.43","25.04","36.31","46.96","23.48","34.43","53.22","26.61","51.18","30.52","32.87","57.29","0.25","0.38","0.55","0.26","0.38","0.5","0.25","0.36","0.56","0.28","0.54","0.32","0.35","0.61"
"06/01/2007","14500","23000","33000","15170","23300","31100","14000","22000","34000","16","30.9","18","21","36.6","22.92","36.36","52.17","23.98","36.84","49.17","22.13","34.78","53.75","25.3","48.85","28.46","33.2","57.86","0.24","0.38","0.54","0.25","0.38","0.51","0.23","0.36","0.56","0.26","0.51","0.3","0.35","0.6"
"05/01/2007","14100","21000","31000","14330","21800","30800","12750","20000","32000","13.5","30.9","15.35","21","32.9","22.34","33.27","49.11","22.7","34.53","48.79","20.2","31.68","50.69","21.39","48.95","24.32","33.27","52.12","0.23","0.35","0.51","0.24","0.36","0.51","0.21","0.33","0.53","0.22","0.51","0.25","0.35","0.54"
"04/01/2007","14500","20000","29000","15170","19800","24500","14000","18000","28000","16","26.6","17.76","21","24.9","23.18","31.97","46.36","24.25","31.65","39.17","22.38","28.78","44.76","25.58","42.53","28.39","33.57","39.81","0.24","0.33","0.48","0.25","0.33","0.4","0.23","0.3","0.46","0.26","0.44","0.29","0.35","0.41"
"03/01/2007","14130","20000","29000","15170","19800","24700","14000","18000","28000","16","26.6","17.77","20","24","22.66","32.08","46.51","24.33","31.75","39.61","22.45","28.87","44.91","25.66","42.66","28.5","32.08","38.49","0.23","0.33","0.48","0.25","0.33","0.41","0.23","0.3","0.46","0.26","0.44","0.29","0.33","0.4"
"02/01/2007","14130","16000","24000","15170","18000","22000","14000","18000","26000","16","21.1","17.77","16.3","22.3","22.77","25.79","38.68","24.45","29.01","35.46","22.56","29.01","41.9","25.79","34.01","28.64","26.27","35.94","0.23","0.26","0.39","0.25","0.3","0.36","0.23","0.3","0.43","0.26","0.35","0.29","0.27","0.37"
"01/01/2007","14130","15500","24000","15170","16300","20000","14000","16000","22000","16","20.7","17.77","15.5","21.2","23.01","25.24","39.08","24.7","26.54","32.57","22.8","26.05","35.82","26.05","33.71","28.94","25.24","34.52","0.23","0.25","0.39","0.25","0.27","0.33","0.23","0.26","0.36","0.26","0.34","0.29","0.25","0.35"
"12/01/2006","13800","15500","22500","13800","16300","20000","13000","15500","20900","13.6","20.8","15","15.5","21","22.27","25.02","36.32","22.27","26.31","32.28","20.98","25.02","33.73","21.95","33.57","24.21","25.02","33.89","0.23","0.25","0.37","0.23","0.27","0.33","0.21","0.25","0.34","0.22","0.34","0.25","0.25","0.34"
"11/01/2006","13200","15500","21500","13600","16300","19900","12900","15500","20800","13.4","20.8","14.8","15.5","21","21.41","25.14","34.87","22.05","26.43","32.27","20.92","25.14","33.73","21.73","33.73","24","25.14","34.05","0.22","0.26","0.35","0.22","0.27","0.33","0.21","0.26","0.34","0.22","0.34","0.24","0.26","0.35"
"10/01/2006","13200","15500","21500","13300","16300","19500","12500","15500","20300","13","20.1","13.8","15.5","21","21.56","25.32","35.12","21.72","26.62","31.85","20.42","25.32","33.16","21.23","32.83","22.54","25.32","34.3","0.22","0.26","0.35","0.22","0.27","0.32","0.21","0.26","0.34","0.21","0.33","0.23","0.26","0.35"
"09/01/2006","13400","15500","21500","13500","16300","19700","12700","15700","20600","13.3","20.3","14.7","15.5","20.9","21.97","25.41","35.24","22.13","26.72","32.29","20.82","25.74","33.77","21.8","33.28","24.1","25.41","34.26","0.22","0.26","0.36","0.22","0.27","0.33","0.21","0.26","0.34","0.22","0.34","0.24","0.26","0.35"
"08/01/2006","13300","15500","21500","13600","16300","19800","12700","15600","20600","13.3","20.3","14.4","15.5","20.6","21.87","25.49","35.35","22.36","26.8","32.56","20.88","25.65","33.87","21.87","33.38","23.68","25.49","33.87","0.22","0.26","0.36","0.23","0.27","0.33","0.21","0.26","0.34","0.22","0.34","0.24","0.26","0.34"
"07/01/2006","13200","15500","21500","13300","16300","19700","12200","15500","20400","13.1","20.1","13.9","15.5","20.6","21.98","25.81","35.8","22.14","27.14","32.8","20.31","25.81","33.96","21.81","33.47","23.14","25.81","34.3","0.22","0.26","0.36","0.22","0.27","0.33","0.2","0.26","0.34","0.22","0.33","0.23","0.26","0.34"
"06/01/2006","13300","15800","21200","13100","16300","19500","12100","15600","20300","12.9","20","13.7","15.5","20.6","22.5","26.73","35.86","22.16","27.57","32.99","20.47","26.39","34.34","21.82","33.83","23.18","26.22","34.85","0.22","0.26","0.35","0.22","0.27","0.32","0.2","0.26","0.34","0.21","0.33","0.23","0.26","0.34"
"05/01/2006","13200","15500","21800","13200","16300","19500","12200","15900","20300","12.9","20","13.7","15.5","20.6","22.46","26.37","37.09","22.46","27.74","33.18","20.76","27.05","34.54","21.95","34.03","23.31","26.37","35.05","0.22","0.26","0.36","0.22","0.27","0.32","0.2","0.26","0.34","0.21","0.33","0.23","0.26","0.34"
"04/01/2006","13000","15500","21800","13700","16300","19500","12500","15500","20300","13.2","20","13.8","15.5","20.6","22.22","26.49","37.26","23.42","27.86","33.33","21.37","26.49","34.7","22.56","34.19","23.59","26.49","35.21","0.22","0.26","0.36","0.23","0.27","0.33","0.21","0.26","0.34","0.22","0.33","0.23","0.26","0.34"
"03/01/2006","13000","22400","21800","13700","26300","19800","12700","25100","20500","13.1","19.9","13.9","22.6","20.6","22.45","38.68","37.64","23.66","45.41","34.19","21.93","43.34","35.4","22.62","34.36","24","39.03","35.57","0.22","0.37","0.36","0.23","0.44","0.33","0.21","0.42","0.34","0.22","0.33","0.23","0.38","0.34"
"02/01/2006","13000","15500","21800","13600","16300","19800","12600","15500","20500","13.2","19.7","14","15.5","20.6","22.5","26.83","37.73","23.54","28.21","34.27","21.81","26.83","35.48","22.85","34.1","24.23","26.83","35.65","0.22","0.26","0.36","0.23","0.27","0.33","0.21","0.26","0.34","0.22","0.33","0.23","0.26","0.34"
"01/01/2006","12800","15500","21800","13600","16300","19800","12600","15500","20500","13.2","19.7","13.8","15.5","20.6","22.23","26.91","37.85","23.62","28.3","34.38","21.88","26.91","35.6","22.92","34.21","23.96","26.91","35.77","0.21","0.26","0.36","0.23","0.27","0.33","0.21","0.26","0.34","0.22","0.33","0.23","0.26","0.34"
"12/01/2005","","","","","","","","","","","","","","","","","","","","","","","","","","","","","","","","","","","","","","","","","",""
"11/01/2005","","","","","","","","","","","","","","","","","","","","","","","","","","","","","","","","","","","","","","","","","",""
"10/01/2005","","","","","","","","","","","","","","","","","","","","","","","","","","","","","","","","","","","","","","","","","",""
"09/01/2005","","","","","","","","","","","","","","","","","","","","","","","","","","","","","","","","","","","","","","","","","",""
"08/01/2005","","","","","","","","","","","","","","","","","","","","","","","","","","","","","","","","","","","","","","","","","",""
"07/01/2005","12700","","","15000","","","12900","","","13","","14","","","22.76","","","26.88","","","23.12","","","23.3","","25.09","","","0.21","","","0.25","","","0.22","","","0.22","","0.23","",""
"06/01/2005","12700","","","13400","","","13000","","","12.5","","14","","","23.13","","","24.4","","","23.67","","","22.76","","25.49","","","0.21","","","0.22","","","0.22","","","0.21","","0.23","",""
"05/01/2005","13000","","","13500","","","12800","","","12.8","","13.5","","","23.7","","","24.61","","","23.33","","","23.33","","24.61","","","0.22","","","0.23","","","0.22","","","0.22","","0.23","",""
"04/01/2005","14300","","","14200","","","13000","","","13.8","","13.7","","","25.95","","","25.77","","","23.59","","","25.04","","24.86","","","0.24","","","0.24","","","0.22","","","0.23","","0.23","",""
"03/01/2005","14500","","","14000","","","13800","","","13.8","","14.1","","","26.77","","","25.85","","","25.48","","","25.48","","26.03","","","0.25","","","0.24","","","0.23","","","0.23","","0.24","",""
"02/01/2005","14300","","","14000","","","13500","","","13.2","","14.6","","","26.74","","","26.18","","","25.25","","","24.69","","27.3","","","0.24","","","0.24","","","0.23","","","0.22","","0.25","",""
"01/01/2005","14400","","","14000","","","13200","","","12.8","","14.6","","","27.2","","","26.44","","","24.93","","","24.17","","27.57","","","0.24","","","0.24","","","0.22","","","0.22","","0.25","",""
"12/01/2004","14800","","","14000","","","13400","","","13","","15.1","","","28.22","","","26.7","","","25.55","","","24.79","","28.79","","","0.25","","","0.24","","","0.23","","","0.22","","0.25","",""
"11/01/2004","14200","","","14300","","","13900","","","12.9","","15.5","","","26.85","","","27.04","","","26.28","","","24.39","","29.31","","","0.24","","","0.24","","","0.23","","","0.22","","0.26","",""
"10/01/2004","13900","","","13900","","","12900","","","12.6","","14.4","","","26.57","","","26.57","","","24.66","","","24.09","","27.53","","","0.23","","","0.23","","","0.22","","","0.21","","0.24","",""
"09/01/2004","13800","","","13000","","","12500","","","12.7","","14.9","","","26.7","","","25.15","","","24.18","","","24.57","","28.82","","","0.23","","","0.22","","","0.21","","","0.22","","0.25","",""
"08/01/2004","13800","","","13000","","","12500","","","12.7","","15","","","26.8","","","25.24","","","24.27","","","24.66","","29.13","","","0.24","","","0.22","","","0.21","","","0.22","","0.26","",""
"07/01/2004","13600","","","12600","","","12500","","","12.7","","14.8","","","26.56","","","24.61","","","24.41","","","24.8","","28.91","","","0.23","","","0.22","","","0.21","","","0.22","","0.25","",""
"06/01/2004","13400","","","12000","","","11800","","","12.3","","14.2","","","26.53","","","23.76","","","23.36","","","24.35","","28.12","","","0.23","","","0.21","","","0.2","","","0.21","","0.25","",""
"05/01/2004","13300","","","12100","","","12000","","","12.1","","14.9","","","26.63","","","24.23","","","24.03","","","24.23","","29.83","","","0.23","","","0.21","","","0.21","","","0.21","","0.26","",""
"04/01/2004","12500","","","12000","","","12000","","","11.8","","13.1","","","25.2","","","24.19","","","24.19","","","23.79","","26.41","","","0.22","","","0.21","","","0.21","","","0.21","","0.23","",""
"03/01/2004","14300","","","12500","","","12800","","","11.8","","15.1","","","29.11","","","25.44","","","26.05","","","24.02","","30.73","","","0.25","","","0.22","","","0.22","","","0.21","","0.26","",""
"02/01/2004","13000","","","12200","","","12500","","","11.8","","14.6","","","26.73","","","25.09","","","25.7","","","24.26","","30.02","","","0.23","","","0.21","","","0.22","","","0.21","","0.25","",""
"01/01/2004","13000","","","12000","","","12000","","","11.8","","14","","","26.64","","","24.59","","","24.59","","","24.18","","28.69","","","0.23","","","0.21","","","0.21","","","0.21","","0.24","",""